state,ident,airport,latitude,longitude,service,description,frequency_mhz,source,retrieved,verified
ACT,YSCB,Canberra Airport,-35.3069,149.195007,TWR/CTAF,TWR (CTAF AH),118.7,OurAirports,2026-10-03,NO
ACT,YSCB,Canberra Airport,-35.3069,149.195007,GCCD,GND CLNC DEL,121.7,OurAirports,2026-10-03,NO
ACT,YSCB,Canberra Airport,-35.3069,149.195007,APP/DEP EAST,Approach/Departure EAST of R35,124.5,OurAirports,2026-10-03,NO
ACT,YSCB,Canberra Airport,-35.3069,149.195007,APP/DEP WEST,Approach/Departure WEST of R35 (MELBOURNE CNTR),125.9,OurAirports,2026-10-03,NO
ACT,YSCB,Canberra Airport,-35.3069,149.195007,ATIS,ATIS,127.45,OurAirports,2026-10-03,NO
ACT,YJBY,Jervis Bay Airport,-35.145811,150.696285,CTAF,CTAF,118.85,OurAirports,2026-10-03,NO
ACT,YJBY,Jervis Bay Airport,-35.145811,150.696285,FSS,MELBOURNE CNTR,121.2,OurAirports,2026-10-03,NO
ACT,YJBY,Jervis Bay Airport,-35.145811,150.696285,APP,NOWRA APP,123.5,OurAirports,2026-10-03,NO
ACT,YJBY,Jervis Bay Airport,-35.145811,150.696285,CNTR,NOWRA CNTR,132.3,OurAirports,2026-10-03,NO
NSW,YACS,Acacia Downs Airport,-31.41670036315918,141.89999389648438,MISC,MISC,119.6,OurAirports,2026-10-03,NO
NSW,YACS,Acacia Downs Airport,-31.41670036315918,141.89999389648438,MISC,MISC,122.4,OurAirports,2026-10-03,NO
NSW,YACS,Acacia Downs Airport,-31.41670036315918,141.89999389648438,CTAF,CTAF,122.6,OurAirports,2026-10-03,NO
NSW,YADY,Adaminaby Airport,-35.997799,148.796005,CTAF,CTAF,118.8,OurAirports,2026-10-03,NO
NSW,YADY,Adaminaby Airport,-35.997799,148.796005,MISC,MISC,119.6,OurAirports,2026-10-03,NO
NSW,YADY,Adaminaby Airport,-35.997799,148.796005,MISC,MISC,122.4,OurAirports,2026-10-03,NO
NSW,YMAY,Albury Airport,-36.066758,146.959148,GCA,Albury Ground Control,121.8,OurAirports,2026-10-03,NO
NSW,YMAY,Albury Airport,-36.066758,146.959148,TWR,Albury Tower,123.25,OurAirports,2026-10-03,NO
NSW,YMAY,Albury Airport,-36.066758,146.959148,CTAF,CTAF,124.2,OurAirports,2026-10-03,NO
NSW,YMAY,Albury Airport,-36.066758,146.959148,FSS,MELBOURNE CNTR,125.2,OurAirports,2026-10-03,NO
NSW,YMAY,Albury Airport,-36.066758,146.959148,ATIS,Albury ATIS,133.85,OurAirports,2026-10-03,NO
NSW,YALN,Allandy Airport,-30.38835,142.625198,MISC,MISC,120.6,OurAirports,2026-10-03,NO
NSW,YALN,Allandy Airport,-30.38835,142.625198,CTAF,CTAF,124.2,OurAirports,2026-10-03,NO
NSW,YALN,Allandy Airport,-30.38835,142.625198,MISC,MISC,125.2,OurAirports,2026-10-03,NO
NSW,YARL,Ardlethan Airport,-34.411265,146.85884,MISC,MISC,125.1,OurAirports,2026-10-03,NO
NSW,YARL,Ardlethan Airport,-34.411265,146.85884,MISC,MISC,125.7,OurAirports,2026-10-03,NO
NSW,YARL,Ardlethan Airport,-34.411265,146.85884,CTAF,CTAF,126,OurAirports,2026-10-03,NO
NSW,YARM,Armidale Airport,-30.528099060099997,151.617004395,FSS,BRISBANE CNTR,125.75,OurAirports,2026-10-03,NO
NSW,YARM,Armidale Airport,-30.528099060099997,151.617004395,CTAF,CTAF,127.5,OurAirports,2026-10-03,NO
NSW,YASF,Ashford Airport,-29.317096,151.056207,MISC,MISC,120.6,OurAirports,2026-10-03,NO
NSW,YASF,Ashford Airport,-29.317096,151.056207,MISC,MISC,125.75,OurAirports,2026-10-03,NO
NSW,YASF,Ashford Airport,-29.317096,151.056207,CTAF,CTAF,127.1,OurAirports,2026-10-03,NO
NSW,YBNA,Ballina Byron Gateway Airport,-28.833236,153.561471,FSS,BRISBANE CNTR,120.3,OurAirports,2026-10-03,NO
NSW,YBNA,Ballina Byron Gateway Airport,-28.833236,153.561471,CTAF,CTAF,124.2,OurAirports,2026-10-03,NO
NSW,YBRN,Balranald Airport,-34.624834,143.577114,FSS,MELBOURNE CNTR,118.6,OurAirports,2026-10-03,NO
NSW,YBRN,Balranald Airport,-34.624834,143.577114,CTAF,CTAF,126.7,OurAirports,2026-10-03,NO
NSW,YBAD,Baradine Airport,-30.955246,149.091984,CTAF,CTAF,126.7,OurAirports,2026-10-03,NO
NSW,YBAD,Baradine Airport,-30.955246,149.091984,MISC,MISC,127.1,OurAirports,2026-10-03,NO
NSW,YBBA,Barraba Airport,-30.393709,150.597678,MISC,MISC,119.6,OurAirports,2026-10-03,NO
NSW,YBBA,Barraba Airport,-30.393709,150.597678,MISC,MISC,122.1,OurAirports,2026-10-03,NO
NSW,YBBA,Barraba Airport,-30.393709,150.597678,CTAF,CTAF,127.1,OurAirports,2026-10-03,NO
NSW,YBTH,Bathurst Airport,-33.406817,149.651161,CTAF,CTAF,127.35,OurAirports,2026-10-03,NO
NSW,YBTH,Bathurst Airport,-33.406817,149.651161,FSS,MELBOURNE CNTR,135.25,OurAirports,2026-10-03,NO
NSW,YBEW,Beechworth Airstrip,-31.916678,144.645553,CTAF,CTAF,119.6,OurAirports,2026-10-03,NO
NSW,YBEW,Beechworth Airstrip,-31.916678,144.645553,MISC,MISC,120.6,OurAirports,2026-10-03,NO
NSW,YBEW,Beechworth Airstrip,-31.916678,144.645553,MISC,MISC,125.4,OurAirports,2026-10-03,NO
NSW,YBIA,Bingara Airport,-29.815165,150.534351,MISC,MISC,120,OurAirports,2026-10-03,NO
NSW,YBIA,Bingara Airport,-29.815165,150.534351,CTAF,CTAF,127.1,OurAirports,2026-10-03,NO
NSW,YBGY,Biniguy Airport,-29.504999,150.192001,MISC,MISC,120,OurAirports,2026-10-03,NO
NSW,YBGY,Biniguy Airport,-29.504999,150.192001,CTAF,CTAF,127.1,OurAirports,2026-10-03,NO
NSW,YBVL,Blackville Airport,-31.58649,150.174522,MISC,MISC,120.6,OurAirports,2026-10-03,NO
NSW,YBVL,Blackville Airport,-31.58649,150.174522,MISC,MISC,122.1,OurAirports,2026-10-03,NO
NSW,YBVL,Blackville Airport,-31.58649,150.174522,CTAF,CTAF,127.1,OurAirports,2026-10-03,NO
NSW,YBOG,Boggabri Airport,-30.716699600219727,150.0500030517578,MISC,MISC,120.6,OurAirports,2026-10-03,NO
NSW,YBOG,Boggabri Airport,-30.716699600219727,150.0500030517578,MISC,MISC,122.1,OurAirports,2026-10-03,NO
NSW,YBOG,Boggabri Airport,-30.716699600219727,150.0500030517578,CTAF,CTAF,127.1,OurAirports,2026-10-03,NO
NSW,YBOM,Bombala Airport,-36.904999,149.182007,CTAF,CTAF,118.8,OurAirports,2026-10-03,NO
NSW,YBOM,Bombala Airport,-36.904999,149.182007,MISC,MISC,120.6,OurAirports,2026-10-03,NO
NSW,YBOM,Bombala Airport,-36.904999,149.182007,MISC,MISC,122.1,OurAirports,2026-10-03,NO
NSW,YBCL,Boolcarrol Station Airport,-30.035418,149.373278,MISC,MISC,120.6,OurAirports,2026-10-03,NO
NSW,YBCL,Boolcarrol Station Airport,-30.035418,149.373278,MISC,MISC,122.1,OurAirports,2026-10-03,NO
NSW,YBCL,Boolcarrol Station Airport,-30.035418,149.373278,CTAF,CTAF,127.1,OurAirports,2026-10-03,NO
NSW,YBMI,Boomi Airport,-28.728373,149.595181,MISC,MISC,120.6,OurAirports,2026-10-03,NO
NSW,YBMI,Boomi Airport,-28.728373,149.595181,MISC,MISC,122.1,OurAirports,2026-10-03,NO
NSW,YBMI,Boomi Airport,-28.728373,149.595181,CTAF,CTAF,123.9,OurAirports,2026-10-03,NO
NSW,YBKE,Bourke Airport,-30.039199829101562,145.95199584960938,FSS,MELBOURNE CNTR,120,OurAirports,2026-10-03,NO
NSW,YBKE,Bourke Airport,-30.039199829101562,145.95199584960938,CTAF,CTAF,126.7,OurAirports,2026-10-03,NO
NSW,YBAO,Braidwood Airport,-35.43799,149.844406,MISC,MISC,120.2,OurAirports,2026-10-03,NO
NSW,YBAO,Braidwood Airport,-35.43799,149.844406,CTAF,CTAF,121.2,OurAirports,2026-10-03,NO
NSW,YBAO,Braidwood Airport,-35.43799,149.844406,MISC,MISC,135.5,OurAirports,2026-10-03,NO
NSW,YBRW,Brewarrina Airport,-29.975792,146.81438,FSS,MELBOURNE CNTR,120,OurAirports,2026-10-03,NO
NSW,YBRW,Brewarrina Airport,-29.975792,146.81438,CTAF,CTAF,126.7,OurAirports,2026-10-03,NO
NSW,YBHI,Broken Hill Airport,-32.0013999939,141.472000122,FSS,MELBOURNE CNTR,122.6,OurAirports,2026-10-03,NO
NSW,YBHI,Broken Hill Airport,-32.0013999939,141.472000122,CTAF,CTAF,126.7,OurAirports,2026-10-03,NO
NSW,YBUY,Bunyan Airfield,-36.1342008376,149.131979942,GLIDING FREQUENC,Bunyan Traffic,122.7,OurAirports,2026-10-03,NO
NSW,YBRJ,Burren Junction Airport,-30.159024,148.974706,MISC,MISC,119.6,OurAirports,2026-10-03,NO
NSW,YBRJ,Burren Junction Airport,-30.159024,148.974706,MISC,MISC,122.6,OurAirports,2026-10-03,NO
NSW,YBRJ,Burren Junction Airport,-30.159024,148.974706,CTAF,CTAF,127.1,OurAirports,2026-10-03,NO
NSW,YBTT,Buttabone Airport,-31.376562,147.606774,MISC,MISC,119.6,OurAirports,2026-10-03,NO
NSW,YBTT,Buttabone Airport,-31.376562,147.606774,CTAF,CTAF,120,OurAirports,2026-10-03,NO
NSW,YBTT,Buttabone Airport,-31.376562,147.606774,MISC,MISC,122.6,OurAirports,2026-10-03,NO
NSW,YBYR,Byrock Airport,-30.658232,146.394689,MISC,MISC,119.6,OurAirports,2026-10-03,NO
NSW,YBYR,Byrock Airport,-30.658232,146.394689,CTAF,CTAF,120,OurAirports,2026-10-03,NO
NSW,YBYR,Byrock Airport,-30.658232,146.394689,MISC,MISC,122.6,OurAirports,2026-10-03,NO
NSW,YCUR,Cabramurra Airport,-35.92688751220703,148.39254760742188,CTAF,CTAF,118.8,OurAirports,2026-10-03,NO
NSW,YCUR,Cabramurra Airport,-35.92688751220703,148.39254760742188,MISC,MISC,125,OurAirports,2026-10-03,NO
NSW,YSCN,Camden Airport,-34.038338,150.686406,CTAF,CTAF,120.1,OurAirports,2026-10-03,NO
NSW,YSCN,Camden Airport,-34.038338,150.686406,TWR,TWR,120.1,OurAirports,2026-10-03,NO
NSW,YSCN,Camden Airport,-34.038338,150.686406,GND,GND,121.9,OurAirports,2026-10-03,NO
NSW,YSCN,Camden Airport,-34.038338,150.686406,FSS,SYDNEY RADAR,124.55,OurAirports,2026-10-03,NO
NSW,YSCN,Camden Airport,-34.038338,150.686406,ATIS,ATIS,125.1,OurAirports,2026-10-03,NO
NSW,YCMH,Camden Haven Airport,-31.665000915527344,152.74200439453125,CTAF,CTAF,120.6,OurAirports,2026-10-03,NO
NSW,YCMH,Camden Haven Airport,-31.665000915527344,152.74200439453125,MISC,MISC,124.55,OurAirports,2026-10-03,NO
NSW,YCRA,Carinda Airport,-30.45829963684082,147.70799255371094,CTAF,CTAF,126.7,OurAirports,2026-10-03,NO
NSW,YCRA,Carinda Airport,-30.45829963684082,147.70799255371094,MISC,MISC,127.1,OurAirports,2026-10-03,NO
NSW,YCAS,Casino Airport,-28.881304,153.060724,FSS,BRISBANE CNTR,120.3,OurAirports,2026-10-03,NO
NSW,YCAS,Casino Airport,-28.881304,153.060724,CTAF,CTAF,124.2,OurAirports,2026-10-03,NO
NSW,AU-0251,Cataract Dam Heliport,-34.255438,150.806252,CTAF,,121,OurAirports,2026-10-03,NO
NSW,YCNK,Cessnock Airport,-32.787498,151.341995,PAL,,119.6,OurAirports,2026-10-03,NO
NSW,YCNK,Cessnock Airport,-32.787498,151.341995,CTAF,CTAF,122.65,OurAirports,2026-10-03,NO
NSW,YCNK,Cessnock Airport,-32.787498,151.341995,FSS,BRISBANE CNTR,125.7,OurAirports,2026-10-03,NO
NSW,YGFN,Clarence Valley Regional Airport,-29.754795,153.031234,FSS,BRISBANE CNTR,122.6,OurAirports,2026-10-03,NO
NSW,YGFN,Clarence Valley Regional Airport,-29.754795,153.031234,CTAF,CTAF,126.7,OurAirports,2026-10-03,NO
NSW,YCBA,Cobar Airport,-31.538299560546875,145.79400634765625,FSS,MELBOURNE CNTR,124.9,OurAirports,2026-10-03,NO
NSW,YCBA,Cobar Airport,-31.538299560546875,145.79400634765625,CTAF,CTAF,126.7,OurAirports,2026-10-03,NO
NSW,YCFS,Coffs Harbour Airport,-30.320601,153.115997,CTAF,CTAF,118.2,OurAirports,2026-10-03,NO
NSW,YCFS,Coffs Harbour Airport,-30.320601,153.115997,TWR,TWR,118.2,OurAirports,2026-10-03,NO
NSW,YCFS,Coffs Harbour Airport,-30.320601,153.115997,FSS,BRISBANE CNTR,122.6,OurAirports,2026-10-03,NO
NSW,YCLY,Coleambally Airport,-34.802158,145.846664,MISC,MISC,123,OurAirports,2026-10-03,NO
NSW,YCLY,Coleambally Airport,-34.802158,145.846664,MISC,MISC,125.8,OurAirports,2026-10-03,NO
NSW,YCLY,Coleambally Airport,-34.802158,145.846664,CTAF,CTAF,126,OurAirports,2026-10-03,NO
NSW,YCBR,Collarenebri Airport,-29.523239,148.578243,CTAF,CTAF,120.5,OurAirports,2026-10-03,NO
NSW,YCBR,Collarenebri Airport,-29.523239,148.578243,MISC,MISC,123,OurAirports,2026-10-03,NO
NSW,YCBR,Collarenebri Airport,-29.523239,148.578243,MISC,MISC,125.8,OurAirports,2026-10-03,NO
NSW,YCBR,Collarenebri Airport,-29.523239,148.578243,MISC,MISC,127.1,OurAirports,2026-10-03,NO
NSW,YCLT,Collector Airport,-34.88330078125,149.41700744628906,MISC,MISC,123,OurAirports,2026-10-03,NO
NSW,YCLT,Collector Airport,-34.88330078125,149.41700744628906,CTAF,CTAF,124.1,OurAirports,2026-10-03,NO
NSW,YCLT,Collector Airport,-34.88330078125,149.41700744628906,MISC,MISC,125.8,OurAirports,2026-10-03,NO
NSW,YCLM,Collymongle Airport,-29.478408,148.78649,MISC,MISC,123,OurAirports,2026-10-03,NO
NSW,YCLM,Collymongle Airport,-29.478408,148.78649,MISC,MISC,125.8,OurAirports,2026-10-03,NO
NSW,YCLM,Collymongle Airport,-29.478408,148.78649,MISC,MISC,135.5,OurAirports,2026-10-03,NO
NSW,YCNO,Conargo Airport,-35.313771,145.106214,MISC,MISC,123,OurAirports,2026-10-03,NO
NSW,YCNO,Conargo Airport,-35.313771,145.106214,MISC,MISC,125.8,OurAirports,2026-10-03,NO
NSW,YCNO,Conargo Airport,-35.313771,145.106214,MISC,MISC,135.5,OurAirports,2026-10-03,NO
NSW,YCDO,Condobolin Airport,-33.06565,147.21316,FSS,MELBOURNE CNTR,126,OurAirports,2026-10-03,NO
NSW,YCDO,Condobolin Airport,-33.06565,147.21316,CTAF,CTAF,126.7,OurAirports,2026-10-03,NO
NSW,YCAH,Coolah Airport,-31.773864,149.615322,MISC,MISC,121.2,OurAirports,2026-10-03,NO
NSW,YCAH,Coolah Airport,-31.773864,149.615322,MISC,MISC,123.9,OurAirports,2026-10-03,NO
NSW,YCAH,Coolah Airport,-31.773864,149.615322,CTAF,CTAF,126.7,OurAirports,2026-10-03,NO
NSW,YCOM,Cooma Snowy Mountains Airport,-36.300445,148.972408,CTAF,CTAF,118.1,OurAirports,2026-10-03,NO
NSW,YCOM,Cooma Snowy Mountains Airport,-36.300445,148.972408,FSS,MELBOURNE CNTR,119.4,OurAirports,2026-10-03,NO
NSW,YPFT,Cooma/Polo Flat Airport,-36.228277,149.149942,CTAF,CTAF,118.1,OurAirports,2026-10-03,NO
NSW,YPFT,Cooma/Polo Flat Airport,-36.228277,149.149942,MISC,MISC,118.8,OurAirports,2026-10-03,NO
NSW,YCBB,Coonabarabran Airport,-31.3325,149.266998,CTAF,CTAF,126.7,OurAirports,2026-10-03,NO
NSW,YCBB,Coonabarabran Airport,-31.3325,149.266998,FSS,BRISBANE CNTR,127.1,OurAirports,2026-10-03,NO
NSW,YCNM,Coonamble Airport,-30.980946,148.377833,CTAF,CTAF,126.7,OurAirports,2026-10-03,NO
NSW,YCNM,Coonamble Airport,-30.980946,148.377833,FSS,BRISBANE CNTR,127.1,OurAirports,2026-10-03,NO
NSW,YCNX,Cooranga Airport,-29.095166,150.775822,MISC,MISC,125.7,OurAirports,2026-10-03,NO
NSW,YCNX,Cooranga Airport,-29.095166,150.775822,CTAF,CTAF,127.1,OurAirports,2026-10-03,NO
NSW,YCTM,Cootamundra Airport,-34.624283,148.036641,FSS,MELBOURNE CNTR,124.1,OurAirports,2026-10-03,NO
NSW,YCTM,Cootamundra Airport,-34.624283,148.036641,CTAF,CTAF,126.7,OurAirports,2026-10-03,NO
NSW,YCOR,Corowa Airport,-35.994701,146.356995,FSS,MELBOURNE CNTR,125.2,OurAirports,2026-10-03,NO
NSW,YCOR,Corowa Airport,-35.994701,146.356995,CTAF,CTAF,126.7,OurAirports,2026-10-03,NO
NSW,YCWR,Cowra Airport,-33.846894,148.648007,CTAF,CTAF,126.7,OurAirports,2026-10-03,NO
NSW,YCWR,Cowra Airport,-33.846894,148.648007,FSS,MELBOURNE CNTR,135.25,OurAirports,2026-10-03,NO
NSW,YCRL,Crookwell Airport,-34.499961,149.461377,MISC,MISC,119.5,OurAirports,2026-10-03,NO
NSW,YCRL,Crookwell Airport,-34.499961,149.461377,CTAF,CTAF,124.1,OurAirports,2026-10-03,NO
NSW,YCUA,Cudal Airport,-33.278026,148.768708,CTAF,CTAF,119.5,OurAirports,2026-10-03,NO
NSW,YCUT,Cuthero Airport,-32.959355,142.055554,MISC,MISC,119.6,OurAirports,2026-10-03,NO
NSW,YCUT,Cuthero Airport,-32.959355,142.055554,CTAF,CTAF,122.6,OurAirports,2026-10-03,NO
NSW,YCUT,Cuthero Airport,-32.959355,142.055554,MISC,MISC,124.8,OurAirports,2026-10-03,NO
NSW,YDAL,Dallas Airport,-34.56669998168945,146.18299865722656,MISC,MISC,120.6,OurAirports,2026-10-03,NO
NSW,YDAL,Dallas Airport,-34.56669998168945,146.18299865722656,MISC,MISC,121.2,OurAirports,2026-10-03,NO
NSW,YDAL,Dallas Airport,-34.56669998168945,146.18299865722656,CTAF,CTAF,126,OurAirports,2026-10-03,NO
NSW,YDEG,Delegate Airport,-37.0614013671875,148.94200134277344,CTAF,CTAF,118.8,OurAirports,2026-10-03,NO
NSW,YDEG,Delegate Airport,-37.0614013671875,148.94200134277344,MISC,MISC,120.6,OurAirports,2026-10-03,NO
NSW,YDEG,Delegate Airport,-37.0614013671875,148.94200134277344,MISC,MISC,121.2,OurAirports,2026-10-03,NO
NSW,YDLQ,Deniliquin Airport,-35.5593986511,144.945999146,FSS,MELBOURNE CNTR,118.6,OurAirports,2026-10-03,NO
NSW,YDLQ,Deniliquin Airport,-35.5593986511,144.945999146,CTAF,CTAF,119,OurAirports,2026-10-03,NO
NSW,YDOC,Dochra Airfield,-32.650065,151.209003,CTAF,CTAF,118.2,OurAirports,2026-10-03,NO
NSW,YDOC,Dochra Airfield,-32.650065,151.209003,MISC,MISC,120.7,OurAirports,2026-10-03,NO
NSW,YDOC,Dochra Airfield,-32.650065,151.209003,MISC,MISC,122.3,OurAirports,2026-10-03,NO
NSW,YSDU,Dubbo City Regional Airport,-32.2167015076,148.574996948,FSS,MELBOURNE CNTR,123.9,OurAirports,2026-10-03,NO
NSW,YSDU,Dubbo City Regional Airport,-32.2167015076,148.574996948,CTAF,CTAF,134,OurAirports,2026-10-03,NO
NSW,YEES,Elderslie Airport,-32.599700927734375,151.33999633789062,MISC,MISC,122.8,OurAirports,2026-10-03,NO
NSW,YEES,Elderslie Airport,-32.599700927734375,151.33999633789062,CTAF,CTAF,124.8,OurAirports,2026-10-03,NO
NSW,YEES,Elderslie Airport,-32.599700927734375,151.33999633789062,MISC,MISC,126.8,OurAirports,2026-10-03,NO
NSW,YEGA,Engonnia Airport,-29.311175,145.857475,MISC,MISC,120.6,OurAirports,2026-10-03,NO
NSW,YEGA,Engonnia Airport,-29.311175,145.857475,CTAF,CTAF,120.7,OurAirports,2026-10-03,NO
NSW,YEGA,Engonnia Airport,-29.311175,145.857475,MISC,MISC,122.3,OurAirports,2026-10-03,NO
NSW,YEAB,Euabalong Airport,-33.137268,146.424494,MISC,MISC,125.7,OurAirports,2026-10-03,NO
NSW,YEAB,Euabalong Airport,-33.137268,146.424494,CTAF,CTAF,126,OurAirports,2026-10-03,NO
NSW,YEVD,Evans Head Aerodrome,-29.101786,153.419255,FSS,BRISBANE CNTR,120.3,OurAirports,2026-10-03,NO
NSW,YEVD,Evans Head Aerodrome,-29.101786,153.419255,CTAF,CTAF,124.2,OurAirports,2026-10-03,NO
NSW,YFVW,Fairview Airport,-32.790693,148.723778,CTAF,CTAF,125.7,OurAirports,2026-10-03,NO
NSW,YFIL,Finley Airport,-35.658918,145.561214,CTAF,CTAF,118.6,OurAirports,2026-10-03,NO
NSW,YFIL,Finley Airport,-35.658918,145.561214,MISC,MISC,125.7,OurAirports,2026-10-03,NO
NSW,YFBS,Forbes Airport,-33.363602,147.934998,CTAF,CTAF,126.7,OurAirports,2026-10-03,NO
NSW,YFBS,Forbes Airport,-33.363602,147.934998,FSS,MELBOURNE CNTR,135.25,OurAirports,2026-10-03,NO
NSW,YGIL,Gilgandra Airport,-31.697099,148.636458,MISC,MISC,118.6,OurAirports,2026-10-03,NO
NSW,YGIL,Gilgandra Airport,-31.697099,148.636458,CTAF,CTAF,120.6,OurAirports,2026-10-03,NO
NSW,YGIL,Gilgandra Airport,-31.697099,148.636458,MISC,MISC,127.1,OurAirports,2026-10-03,NO
NSW,YGLI,Glen Innes Airport,-29.676029,151.691156,CTAF,CTAF,126.7,OurAirports,2026-10-03,NO
NSW,YGLI,Glen Innes Airport,-29.676029,151.691156,FSS,BRISBANE CNTR,134.2,OurAirports,2026-10-03,NO
NSW,YGLN,Glencoe Airport,-31.620644,148.19885,MISC,MISC,120.7,OurAirports,2026-10-03,NO
NSW,YGLN,Glencoe Airport,-31.620644,148.19885,CTAF,CTAF,123.9,OurAirports,2026-10-03,NO
NSW,YGCR,Gloucester Airport,-32.053261,151.97613,CTAF,CTAF,125.4,OurAirports,2026-10-03,NO
NSW,YGDA,Goodooga Airport,-29.074493,147.387021,FSS,BRISBANE CNTR,124.8,OurAirports,2026-10-03,NO
NSW,YGDA,Goodooga Airport,-29.074493,147.387021,CTAF,CTAF,126.7,OurAirports,2026-10-03,NO
NSW,YGGI,Goolgowi Airport,-33.996397,145.716169,CTAF,CTAF,124.8,OurAirports,2026-10-03,NO
NSW,YGGI,Goolgowi Airport,-33.996397,145.716169,MISC,MISC,125.4,OurAirports,2026-10-03,NO
NSW,YGGO,Goonoo Goonoo Airport,-31.298701,150.920613,MISC,MISC,122.4,OurAirports,2026-10-03,NO
NSW,YGGO,Goonoo Goonoo Airport,-31.298701,150.920613,MISC,MISC,123.9,OurAirports,2026-10-03,NO
NSW,YGGO,Goonoo Goonoo Airport,-31.298701,150.920613,CTAF,CTAF,124.8,OurAirports,2026-10-03,NO
NSW,YGLB,Goulburn Airport,-34.810298919677734,149.7259979248047,FSS,MELBOURNE CNTR,121.2,OurAirports,2026-10-03,NO
NSW,YGLB,Goulburn Airport,-34.810298919677734,149.7259979248047,CTAF,CTAF,127.15,OurAirports,2026-10-03,NO
NSW,YGAH,Greenbah Airport,-30.12582778930664,149.4345703125,CTAF,CTAF,120.7,OurAirports,2026-10-03,NO
NSW,YGAH,Greenbah Airport,-30.12582778930664,149.4345703125,MISC,MISC,122.4,OurAirports,2026-10-03,NO
NSW,YGAH,Greenbah Airport,-30.12582778930664,149.4345703125,MISC,MISC,122.6,OurAirports,2026-10-03,NO
NSW,YGNF,Grenfell Airport,-34,148.132995605,CTAF,CTAF,122.4,OurAirports,2026-10-03,NO
NSW,YGNF,Grenfell Airport,-34,148.132995605,MISC,MISC,122.6,OurAirports,2026-10-03,NO
NSW,YGTH,Griffith Airport,-34.2508010864,146.067001343,FSS,MELBOURNE CNTR,126,OurAirports,2026-10-03,NO
NSW,YGTH,Griffith Airport,-34.2508010864,146.067001343,CTAF,CTAF,126.55,OurAirports,2026-10-03,NO
NSW,YGDH,Gunnedah Airport,-30.957511,150.248981,FSS,BRISBANE CNTR,127.1,OurAirports,2026-10-03,NO
NSW,YGDH,Gunnedah Airport,-30.957511,150.248981,CTAF,CTAF,127.4,OurAirports,2026-10-03,NO
NSW,YHRG,Haddon Rig Airport,-31.465953,147.895525,MISC,MISC,122.4,OurAirports,2026-10-03,NO
NSW,YHRG,Haddon Rig Airport,-31.465953,147.895525,CTAF,CTAF,123.9,OurAirports,2026-10-03,NO
NSW,YHRG,Haddon Rig Airport,-31.465953,147.895525,MISC,MISC,127.1,OurAirports,2026-10-03,NO
NSW,YHAE,Harden Airport,-34.562798,148.392687,GENERAL,,124.1,OurAirports,2026-10-03,NO
NSW,YHAE,Harden Airport,-34.562798,148.392687,CTAF,CTAF,126.7,OurAirports,2026-10-03,NO
NSW,YHAE,Harden Airport,-34.562798,148.392687,MISC,MISC,135.5,OurAirports,2026-10-03,NO
NSW,YHAY,Hay Airport,-34.531399,144.830002,FSS,MELBOURNE CNTR,118.6,OurAirports,2026-10-03,NO
NSW,YHAY,Hay Airport,-34.531399,144.830002,CTAF,CTAF,126.7,OurAirports,2026-10-03,NO
NSW,YHLS,Hillston Airport,-33.49330139160156,145.5229949951172,FSS,MELBOURNE CNTR,126,OurAirports,2026-10-03,NO
NSW,YHLS,Hillston Airport,-33.49330139160156,145.5229949951172,CTAF,CTAF,126.7,OurAirports,2026-10-03,NO
NSW,YHBK,Holbrook Airport,-35.680142,147.322418,MISC,MISC,119.5,OurAirports,2026-10-03,NO
NSW,YHBK,Holbrook Airport,-35.680142,147.322418,CTAF,CTAF,126.7,OurAirports,2026-10-03,NO
NSW,YSHW,Holsworthy (Military) Airport,-33.995575,150.951962,MISC,MISC,119.5,OurAirports,2026-10-03,NO
NSW,YSHW,Holsworthy (Military) Airport,-33.995575,150.951962,CTAF,CTAF,124.55,OurAirports,2026-10-03,NO
NSW,YIVL,Inverell Airport,-29.888299942,151.143997192,CTAF,CTAF,126.7,OurAirports,2026-10-03,NO
NSW,YIVL,Inverell Airport,-29.888299942,151.143997192,FSS,BRISBANE CNTR,127.1,OurAirports,2026-10-03,NO
NSW,YINO,Inverell North Airport,-29.773774,151.165974,CTAF,CTAF,126.7,OurAirports,2026-10-03,NO
NSW,YINO,Inverell North Airport,-29.773774,151.165974,MISC,MISC,127.1,OurAirports,2026-10-03,NO
NSW,YIVO,Ivanhoe Airport,-32.882381,144.310677,FSS,MELBOURNE CNTR,124.9,OurAirports,2026-10-03,NO
NSW,YIVO,Ivanhoe Airport,-32.882381,144.310677,CTAF,CTAF,126.7,OurAirports,2026-10-03,NO
NSW,YJEM,Jemalong Airport,-32.523151,147.579796,CTAF,CTAF,124.9,OurAirports,2026-10-03,NO
NSW,YJER,Jerilderie Airport,-35.373032,145.723152,CTAF,CTAF,118.6,OurAirports,2026-10-03,NO
NSW,YJER,Jerilderie Airport,-35.373032,145.723152,MISC,MISC,124.9,OurAirports,2026-10-03,NO
NSW,YJER,Jerilderie Airport,-35.373032,145.723152,MISC,MISC,125.3,OurAirports,2026-10-03,NO
NSW,YJIN,Jindabyne Airport,-36.429087,148.599722,MISC,MISC,124.9,OurAirports,2026-10-03,NO
NSW,YJIN,Jindabyne Airport,-36.429087,148.599722,MISC,MISC,125.3,OurAirports,2026-10-03,NO
NSW,YJIN,Jindabyne Airport,-36.429087,148.599722,CTAF,Jindabyne Traffic,126.7,OurAirports,2026-10-03,NO
NSW,YKAT,Katoomba Airport,-33.667818,150.322741,CTAF,CTAF,126.7,OurAirports,2026-10-03,NO
NSW,YKAY,Kayrunnera Airport,-30.679257,142.537136,CTAF,CTAF,126.5,OurAirports,2026-10-03,NO
NSW,YKEL,Kelvin Station Airport,-30.655000686645508,151.63800048828125,CTAF,CTAF,126.5,OurAirports,2026-10-03,NO
NSW,YKMP,Kempsey Airport,-31.07232,152.765313,CTAF,CTAF,118.9,OurAirports,2026-10-03,NO
NSW,YKMP,Kempsey Airport,-31.07232,152.765313,FSS,BRISBANE CNTR,120.55,OurAirports,2026-10-03,NO
NSW,YKHA,Khancoban Airport,-36.215919970399995,148.113742828,CTAF,CTAF,118.8,OurAirports,2026-10-03,NO
NSW,YKHA,Khancoban Airport,-36.215919970399995,148.113742828,MISC,MISC,123.4,OurAirports,2026-10-03,NO
NSW,YKHA,Khancoban Airport,-36.215919970399995,148.113742828,MISC,MISC,125.8,OurAirports,2026-10-03,NO
NSW,YLCG,Lake Cargelligo Airport,-33.282822,146.375447,MISC,MISC,126,OurAirports,2026-10-03,NO
NSW,YLCG,Lake Cargelligo Airport,-33.282822,146.375447,CTAF,CTAF,126.7,OurAirports,2026-10-03,NO
NSW,YLMQ,Lake Macquarie Airport,-33.065975,151.646283,MISC,MISC,125.7,OurAirports,2026-10-03,NO
NSW,YLMQ,Lake Macquarie Airport,-33.065975,151.646283,CTAF,CTAF,126,OurAirports,2026-10-03,NO
NSW,YLMB,Lambrook Airport,-31.100000381469727,149.93299865722656,MISC,MISC,126,OurAirports,2026-10-03,NO
NSW,YLMB,Lambrook Airport,-31.100000381469727,149.93299865722656,CTAF,CTAF,127.1,OurAirports,2026-10-03,NO
NSW,YLAN,Langawirra Airport,-31.442361,142.137766,MISC,MISC,126,OurAirports,2026-10-03,NO
NSW,YLAN,Langawirra Airport,-31.442361,142.137766,CTAF,CTAF,127.1,OurAirports,2026-10-03,NO
NSW,YLEE,Leeton Airport,-34.499788,146.446646,MISC,MISC,120.6,OurAirports,2026-10-03,NO
NSW,YLEE,Leeton Airport,-34.499788,146.446646,CTAF,CTAF,126,OurAirports,2026-10-03,NO
NSW,YLEE,Leeton Airport,-34.499788,146.446646,MISC,MISC,126.5,OurAirports,2026-10-03,NO
NSW,YLRD,Lightning Ridge Airport,-29.452857,147.977146,CTAF,CTAF,126.7,OurAirports,2026-10-03,NO
NSW,YLRD,Lightning Ridge Airport,-29.452857,147.977146,FSS,BRISBANE CNTR,127.1,OurAirports,2026-10-03,NO
NSW,YLIS,Lismore Airport,-28.830689,153.258419,FSS,BRISBANE CNTR,120.3,OurAirports,2026-10-03,NO
NSW,YLIS,Lismore Airport,-28.830689,153.258419,CTAF,CTAF,124.2,OurAirports,2026-10-03,NO
NSW,YLHI,Lord Howe Island Airport,-31.538204,159.07546,MISC,MISC,121.6,OurAirports,2026-10-03,NO
NSW,YLHI,Lord Howe Island Airport,-31.538204,159.07546,CTAF,CTAF,126.7,OurAirports,2026-10-03,NO
NSW,YLOH,Louth Airport,-30.531414,145.128413,MISC,MISC,121.6,OurAirports,2026-10-03,NO
NSW,YLOH,Louth Airport,-30.531414,145.128413,CTAF,CTAF,124.9,OurAirports,2026-10-03,NO
NSW,YMND,Maitland Airport,-32.701265,151.492912,CTAF,CTAF,122.65,OurAirports,2026-10-03,NO
NSW,YMND,Maitland Airport,-32.701265,151.492912,FSS,BRISBANE CNTR,125.7,OurAirports,2026-10-03,NO
NSW,YMVM,Mangrove Mountain Airport,-33.285122,151.212738,MISC,MISC,122.4,OurAirports,2026-10-03,NO
NSW,YMVM,Mangrove Mountain Airport,-33.285122,151.212738,CTAF,CTAF,125.8,OurAirports,2026-10-03,NO
NSW,YMED,Menindee Airport,-32.366699,142.404999,CTAF,CTAF,122.6,OurAirports,2026-10-03,NO
NSW,YMED,Menindee Airport,-32.366699,142.404999,MISC,MISC,126.8,OurAirports,2026-10-03,NO
NSW,YMER,Merimbula Airport,-36.9085998535,149.901000977,FSS,MELBOURNE CNTR,120.75,OurAirports,2026-10-03,NO
NSW,YMER,Merimbula Airport,-36.9085998535,149.901000977,CTAF,CTAF,126.7,OurAirports,2026-10-03,NO
NSW,AU-0060,Miralwyn Airport,-30.149,147.327,CTAF,CTAF,118.6,OurAirports,2026-10-03,NO
NSW,AU-0060,Miralwyn Airport,-30.149,147.327,MISC,MISC,119.6,OurAirports,2026-10-03,NO
NSW,AU-0060,Miralwyn Airport,-30.149,147.327,MISC,MISC,122.1,OurAirports,2026-10-03,NO
NSW,YMIG,Mittagong Airport,-34.450184,150.497411,MISC,MISC,121.2,OurAirports,2026-10-03,NO
NSW,YMIG,Mittagong Airport,-34.450184,150.497411,CTAF,CTAF,126.7,OurAirports,2026-10-03,NO
NSW,YMLN,Monolon Airport,-30.203041,143.217591,MISC,MISC,119.6,OurAirports,2026-10-03,NO
NSW,YMLN,Monolon Airport,-30.203041,143.217591,MISC,MISC,122.1,OurAirports,2026-10-03,NO
NSW,YMLN,Monolon Airport,-30.203041,143.217591,CTAF,CTAF,125.4,OurAirports,2026-10-03,NO
NSW,YMOR,Moree Airport,-29.498899459799997,149.845001221,CTAF,CTAF/UNICOM,126.7,OurAirports,2026-10-03,NO
NSW,YMOR,Moree Airport,-29.498899459799997,149.845001221,FSS,BRISBANE CNTR,127.1,OurAirports,2026-10-03,NO
NSW,YMRY,Moruya Airport,-35.8978004456,150.143997192,FSS,MELBOURNE CNTR,120.75,OurAirports,2026-10-03,NO
NSW,YMRY,Moruya Airport,-35.8978004456,150.143997192,UNIC,CTAF/UNICOM,126.7,OurAirports,2026-10-03,NO
NSW,YMOM,Moulamein Airport,-35.0583856071,144.021320343,ML CEN,ML CEN,118.6,OurAirports,2026-10-03,NO
NSW,YMOM,Moulamein Airport,-35.0583856071,144.021320343,CTAF,CTAF,126.7,OurAirports,2026-10-03,NO
NSW,YMDG,Mudgee Airport,-32.564794,149.609452,CTAF,CTAF,126.7,OurAirports,2026-10-03,NO
NSW,YMDG,Mudgee Airport,-32.564794,149.609452,FSS,BRISBANE CNTR,133.05,OurAirports,2026-10-03,NO
NSW,YMEY,Mullaley Airport,-31.100000381469727,149.91700744628906,MISC,MISC,122.3,OurAirports,2026-10-03,NO
NSW,YMEY,Mullaley Airport,-31.100000381469727,149.91700744628906,CTAF,CTAF,127.1,OurAirports,2026-10-03,NO
NSW,YMEY,Mullaley Airport,-31.100000381469727,149.91700744628906,MISC,MISC,133.05,OurAirports,2026-10-03,NO
NSW,YMGI,Mungindi Airport,-28.966613,149.052978,FSS,BRISBANE CNTR,123.9,OurAirports,2026-10-03,NO
NSW,YMGI,Mungindi Airport,-28.966613,149.052978,CTAF,CTAF,126.7,OurAirports,2026-10-03,NO
NSW,YLMU,Mungo Lodge Airport,-33.7458244463,143.001308441,MISC,MISC,122.1,OurAirports,2026-10-03,NO
NSW,YLMU,Mungo Lodge Airport,-33.7458244463,143.001308441,CTAF,CTAF,126.7,OurAirports,2026-10-03,NO
NSW,YMUR,Murwillumbah Airport,-28.33169937133789,153.41299438476562,CTAF,CTAF,119.5,OurAirports,2026-10-03,NO
NSW,YMUR,Murwillumbah Airport,-28.33169937133789,153.41299438476562,MISC,MISC,122.3,OurAirports,2026-10-03,NO
NSW,YMUR,Murwillumbah Airport,-28.33169937133789,153.41299438476562,MISC,MISC,133.05,OurAirports,2026-10-03,NO
NSW,YNHS,Nambucca Heads Airport,-30.673058,152.984233,MISC,MISC,122.3,OurAirports,2026-10-03,NO
NSW,YNHS,Nambucca Heads Airport,-30.673058,152.984233,CTAF,CTAF,122.6,OurAirports,2026-10-03,NO
NSW,YNHS,Nambucca Heads Airport,-30.673058,152.984233,MISC,MISC,133.05,OurAirports,2026-10-03,NO
NSW,YNBR,Narrabri Airport,-30.3192005157,149.82699585,CTAF,CTAF,126.7,OurAirports,2026-10-03,NO
NSW,YNBR,Narrabri Airport,-30.3192005157,149.82699585,FSS,BRISBANE CNTR,127.1,OurAirports,2026-10-03,NO
NSW,YNAR,Narrandera Airport,-34.7022018433,146.511993408,FSS,MELBOURNE CNTR,126,OurAirports,2026-10-03,NO
NSW,YNAR,Narrandera Airport,-34.7022018433,146.511993408,CTAF,CTAF,126.7,OurAirports,2026-10-03,NO
NSW,YNRM,Narromine Airport,-32.214699,148.225006,FSS,MELBOURNE CNTR,123.9,OurAirports,2026-10-03,NO
NSW,YNRM,Narromine Airport,-32.214699,148.225006,CTAF,CTAF,126.7,OurAirports,2026-10-03,NO
NSW,YSNW,Naval Air Station Nowra - HMAS Albatross,-34.9466,150.542451,CTAF,CTAF,118.85,OurAirports,2026-10-03,NO
NSW,YSNW,Naval Air Station Nowra - HMAS Albatross,-34.9466,150.542451,TWR,TWR,118.85,OurAirports,2026-10-03,NO
NSW,YSNW,Naval Air Station Nowra - HMAS Albatross,-34.9466,150.542451,FSS,MELBOURNE CNTR,121.2,OurAirports,2026-10-03,NO
NSW,YSNW,Naval Air Station Nowra - HMAS Albatross,-34.9466,150.542451,APP,APP,123.5,OurAirports,2026-10-03,NO
NSW,YSNW,Naval Air Station Nowra - HMAS Albatross,-34.9466,150.542451,CLD,CLNC DEL,128.35,OurAirports,2026-10-03,NO
NSW,YSNW,Naval Air Station Nowra - HMAS Albatross,-34.9466,150.542451,GND,GND,135.85,OurAirports,2026-10-03,NO
NSW,YWLM,Newcastle Airport,-32.796114,151.835025,CTAF,CTAF,118.3,OurAirports,2026-10-03,NO
NSW,YWLM,Newcastle Airport,-32.796114,151.835025,TWR,TWR,118.3,OurAirports,2026-10-03,NO
NSW,YWLM,Newcastle Airport,-32.796114,151.835025,GND,GND,121.8,OurAirports,2026-10-03,NO
NSW,YWLM,Newcastle Airport,-32.796114,151.835025,FSS,BRISBANE CNTR,125.7,OurAirports,2026-10-03,NO
NSW,YWLM,Newcastle Airport,-32.796114,151.835025,CLD,CLNC DEL,130.35,OurAirports,2026-10-03,NO
NSW,YWLM,Newcastle Airport,-32.796114,151.835025,APP,WILLY APP,135.7,OurAirports,2026-10-03,NO
NSW,YNYM,Nymagee Airport,-32.053972,146.31227,MISC,MISC,121.2,OurAirports,2026-10-03,NO
NSW,YNYM,Nymagee Airport,-32.053972,146.31227,MISC,MISC,122.2,OurAirports,2026-10-03,NO
NSW,YNYM,Nymagee Airport,-32.053972,146.31227,CTAF,CTAF,124.9,OurAirports,2026-10-03,NO
NSW,YNYN,Nyngan Airport,-31.550645,147.202973,FSS,MELBOURNE CNTR,120,OurAirports,2026-10-03,NO
NSW,YNYN,Nyngan Airport,-31.550645,147.202973,CTAF,CTAF,126.7,OurAirports,2026-10-03,NO
NSW,YORG,Orange Airport,-33.382014,149.131262,CTAF,CTAF,119,OurAirports,2026-10-03,NO
NSW,YORG,Orange Airport,-33.382014,149.131262,FSS,MELBOURNE CNTR,135.25,OurAirports,2026-10-03,NO
NSW,YPLI,Palmers Island/Yamba Airport,-29.445876,153.270628,CTAF,CTAF,120.3,OurAirports,2026-10-03,NO
NSW,YPLI,Palmers Island/Yamba Airport,-29.445876,153.270628,MISC,MISC,121.3,OurAirports,2026-10-03,NO
NSW,YPLI,Palmers Island/Yamba Airport,-29.445876,153.270628,MISC,MISC,124,OurAirports,2026-10-03,NO
NSW,YPKS,Parkes Airport,-33.131401062,148.238998413,PAL,,119.6,OurAirports,2026-10-03,NO
NSW,YPKS,Parkes Airport,-33.131401062,148.238998413,CTAF,CTAF,126.7,OurAirports,2026-10-03,NO
NSW,YPKS,Parkes Airport,-33.131401062,148.238998413,AWIS,,128.55,OurAirports,2026-10-03,NO
NSW,YPKS,Parkes Airport,-33.131401062,148.238998413,FSS,MELBOURNE CNTR,135.25,OurAirports,2026-10-03,NO
NSW,YPKH,Peak Hill Airport,-32.731204,148.21098,MISC,MISC,119.6,OurAirports,2026-10-03,NO
NSW,YPLG,Pilliga Airport,-30.36669921875,148.88299560546875,CTAF,CTAF,119.1,OurAirports,2026-10-03,NO
NSW,YPLG,Pilliga Airport,-30.36669921875,148.88299560546875,MISC,MISC,120.5,OurAirports,2026-10-03,NO
NSW,YPLG,Pilliga Airport,-30.36669921875,148.88299560546875,MISC,MISC,125.9,OurAirports,2026-10-03,NO
NSW,YPCE,Pooncarie Airport,-33.373263,142.586439,MISC,MISC,120.2,OurAirports,2026-10-03,NO
NSW,YPCE,Pooncarie Airport,-33.373263,142.586439,CTAF,CTAF,120.6,OurAirports,2026-10-03,NO
NSW,YPCE,Pooncarie Airport,-33.373263,142.586439,MISC,MISC,122.1,OurAirports,2026-10-03,NO
NSW,YPCE,Pooncarie Airport,-33.373263,142.586439,MISC,MISC,124.95,OurAirports,2026-10-03,NO
NSW,YPMQ,Port Macquarie Airport,-31.4358005524,152.863006592,CTAF,CTAF,118.1,OurAirports,2026-10-03,NO
NSW,YPMQ,Port Macquarie Airport,-31.4358005524,152.863006592,FSS,BRISBANE CNTR,120.55,OurAirports,2026-10-03,NO
NSW,YPRE,Premer Betoota Airport,-31.476900100708008,149.9029998779297,MISC,MISC,124.1,OurAirports,2026-10-03,NO
NSW,YPRE,Premer Betoota Airport,-31.476900100708008,149.9029998779297,MISC,MISC,125.8,OurAirports,2026-10-03,NO
NSW,YPRE,Premer Betoota Airport,-31.476900100708008,149.9029998779297,CTAF,CTAF,127.1,OurAirports,2026-10-03,NO
NSW,YQBE,Quambone Royona Airport,-30.879199981689453,147.8419952392578,CTAF,CTAF,120,OurAirports,2026-10-03,NO
NSW,YQBE,Quambone Royona Airport,-30.879199981689453,147.8419952392578,MISC,MISC,120.6,OurAirports,2026-10-03,NO
NSW,YQBE,Quambone Royona Airport,-30.879199981689453,147.8419952392578,MISC,MISC,135.5,OurAirports,2026-10-03,NO
NSW,YQUE,Questa Park Airport,-30.391700744628906,143.14199829101562,MISC,MISC,124.1,OurAirports,2026-10-03,NO
NSW,YQUE,Questa Park Airport,-30.391700744628906,143.14199829101562,CTAF,CTAF,124.9,OurAirports,2026-10-03,NO
NSW,YQDI,Quirindi Airport,-31.498177,150.521708,FSS,BRISBANE CNTR,127.1,OurAirports,2026-10-03,NO
NSW,YQDI,Quirindi Airport,-31.498177,150.521708,CTAF,CTAF,127.8,OurAirports,2026-10-03,NO
NSW,YSRI,RAAF Base Richmond,-33.604652,150.783051,SMCV,SMCV,121.65,OurAirports,2026-10-03,NO
NSW,YSRI,RAAF Base Richmond,-33.604652,150.783051,FSS,SYDNEY RADAR,124.55,OurAirports,2026-10-03,NO
NSW,YSRI,RAAF Base Richmond,-33.604652,150.783051,SMC,SMC,128.25,OurAirports,2026-10-03,NO
NSW,YSRI,RAAF Base Richmond,-33.604652,150.783051,CTAF,CTAF,135.5,OurAirports,2026-10-03,NO
NSW,YSRI,RAAF Base Richmond,-33.604652,150.783051,TWR,TWR,135.5,OurAirports,2026-10-03,NO
NSW,YSRI,RAAF Base Richmond,-33.604652,150.783051,APP,SYDNEY APP,135.9,OurAirports,2026-10-03,NO
NSW,YRWH,Ravensworth Airport,-34.649661,144.319775,CTAF,CTAF,118.6,OurAirports,2026-10-03,NO
NSW,YRWH,Ravensworth Airport,-34.649661,144.319775,MISC,MISC,125.3,OurAirports,2026-10-03,NO
NSW,YRWH,Ravensworth Airport,-34.649661,144.319775,MISC,MISC,127.1,OurAirports,2026-10-03,NO
NSW,YRBN,Robertson Airstrip,-34.6449,150.6421,CTAF,,127.3,OurAirports,2026-10-03,NO
NSW,YSCO,Scone Airport,-32.038012,150.831966,FSS,BRISBANE CNTR,124.8,OurAirports,2026-10-03,NO
NSW,YSCO,Scone Airport,-32.038012,150.831966,CTAF,CTAF,128,OurAirports,2026-10-03,NO
NSW,YSHL,Shellharbour Airport,-34.5611,150.789001,FSS,SYDNEY RADAR,124.55,OurAirports,2026-10-03,NO
NSW,YSHL,Shellharbour Airport,-34.5611,150.789001,CTAF,CTAF,127.3,OurAirports,2026-10-03,NO
NSW,YSGT,Singleton Airport,-32.600832,151.193056,MISC,MISC,122.4,OurAirports,2026-10-03,NO
NSW,YSGT,Singleton Airport,-32.600832,151.193056,MISC,MISC,123.9,OurAirports,2026-10-03,NO
NSW,YSGT,Singleton Airport,-32.600832,151.193056,CTAF,CTAF,126.7,OurAirports,2026-10-03,NO
NSW,YSGR,South Grafton Airport,-29.70829963684082,152.92799377441406,CTAF,CTAF,122.6,OurAirports,2026-10-03,NO
NSW,YSGR,South Grafton Airport,-29.70829963684082,152.92799377441406,MISC,MISC,122.6,OurAirports,2026-10-03,NO
NSW,YSBK,Sydney Bankstown Airport,-33.923618,150.990792,GND,GND,119.9,OurAirports,2026-10-03,NO
NSW,YSBK,Sydney Bankstown Airport,-33.923618,150.990792,ATIS,ATIS,120.9,OurAirports,2026-10-03,NO
NSW,YSBK,Sydney Bankstown Airport,-33.923618,150.990792,FSS,SYDNEY CENTRE,124.55,OurAirports,2026-10-03,NO
NSW,YSBK,Sydney Bankstown Airport,-33.923618,150.990792,CTAF,CTAF,132.8,OurAirports,2026-10-03,NO
NSW,YSBK,Sydney Bankstown Airport,-33.923618,150.990792,TWR,TWR,132.8,OurAirports,2026-10-03,NO
NSW,YSSY,Sydney Kingsford Smith International Airport,-33.946098,151.177002,TWR,TWR,120.5,OurAirports,2026-10-03,NO
NSW,YSSY,Sydney Kingsford Smith International Airport,-33.946098,151.177002,GND,GND,121.7,OurAirports,2026-10-03,NO
NSW,YSSY,Sydney Kingsford Smith International Airport,-33.946098,151.177002,DEP,DEP,123,OurAirports,2026-10-03,NO
NSW,YSSY,Sydney Kingsford Smith International Airport,-33.946098,151.177002,CLD,CLNC DEL,133.8,OurAirports,2026-10-03,NO
NSW,YSSY,Sydney Kingsford Smith International Airport,-33.946098,151.177002,APP,APP,135.1,OurAirports,2026-10-03,NO
NSW,YTBG,Talbingo Airport,-35.582902,148.292116,CTAF,CTAF,119.8,OurAirports,2026-10-03,NO
NSW,YTBG,Talbingo Airport,-35.582902,148.292116,MISC,MISC,120.6,OurAirports,2026-10-03,NO
NSW,YTBG,Talbingo Airport,-35.582902,148.292116,MISC,MISC,125.8,OurAirports,2026-10-03,NO
NSW,YTMS,Tambar Springs Airport,-31.313893,149.839439,CTAF,CTAF,120.5,OurAirports,2026-10-03,NO
NSW,YTMS,Tambar Springs Airport,-31.313893,149.839439,MISC,MISC,120.6,OurAirports,2026-10-03,NO
NSW,YTMS,Tambar Springs Airport,-31.313893,149.839439,MISC,MISC,125.8,OurAirports,2026-10-03,NO
NSW,YTMS,Tambar Springs Airport,-31.313893,149.839439,MISC,MISC,127.1,OurAirports,2026-10-03,NO
NSW,YSTW,Tamworth Airport,-31.077898,150.845484,TWR,TWR,118.25,OurAirports,2026-10-03,NO
NSW,YSTW,Tamworth Airport,-31.077898,150.845484,CTAF,CTAF,119.4,OurAirports,2026-10-03,NO
NSW,YSTW,Tamworth Airport,-31.077898,150.845484,GCCD,GND CLNC DEL,121.9,OurAirports,2026-10-03,NO
NSW,YSTW,Tamworth Airport,-31.077898,150.845484,FSS,BRISBANE CNTR,127.1,OurAirports,2026-10-03,NO
NSW,YTAD,Tandou Lake Airport,-32.665885,142.066773,CTAF,CTAF,119.4,OurAirports,2026-10-03,NO
NSW,YTAD,Tandou Lake Airport,-32.665885,142.066773,MISC,MISC,127.1,OurAirports,2026-10-03,NO
NSW,YTLG,Taralga Grathawa Airport,-34.28919982910156,149.78199768066406,CTAF,CTAF,124.1,OurAirports,2026-10-03,NO
NSW,YTLG,Taralga Grathawa Airport,-34.28919982910156,149.78199768066406,MISC,MISC,127.1,OurAirports,2026-10-03,NO
NSW,YTRE,Taree Airport,-31.888599,152.514008,CTAF,CTAF,118.1,OurAirports,2026-10-03,NO
NSW,YTRE,Taree Airport,-31.888599,152.514008,FSS,BRISBANE CNTR,120.55,OurAirports,2026-10-03,NO
NSW,YTEM,Temora Airport,-34.421398,147.511993,FSS,MELBOURNE CNTR,126,OurAirports,2026-10-03,NO
NSW,YTEM,Temora Airport,-34.421398,147.511993,CTAF,CTAF,126.15,OurAirports,2026-10-03,NO
NSW,YTFD,Tenterfield Airport,-28.99155,151.930103,MISC,MISC,119.6,OurAirports,2026-10-03,NO
NSW,YTFD,Tenterfield Airport,-28.99155,151.930103,MISC,MISC,126,OurAirports,2026-10-03,NO
NSW,YTFD,Tenterfield Airport,-28.99155,151.930103,CTAF,CTAF,126.8,OurAirports,2026-10-03,NO
NSW,YOAS,The Oaks Airport,-34.084097,150.559602,MISC,MISC,118.8,OurAirports,2026-10-03,NO
NSW,YOAS,The Oaks Airport,-34.084097,150.559602,CTAF,CTAF,124.55,OurAirports,2026-10-03,NO
NSW,YOAS,The Oaks Airport,-34.084097,150.559602,MISC,MISC,125.3,OurAirports,2026-10-03,NO
NSW,YTIB,Tibooburra Airport,-29.451099,142.057999,FSS,MELBOURNE CNTR,126.5,OurAirports,2026-10-03,NO
NSW,YTIB,Tibooburra Airport,-29.451099,142.057999,CTAF,CTAF,126.7,OurAirports,2026-10-03,NO
NSW,YTOC,Tocumwal Airport,-35.81169891357422,145.60800170898438,FSS,MELBOURNE CNTR,118.6,OurAirports,2026-10-03,NO
NSW,YTOC,Tocumwal Airport,-35.81169891357422,145.60800170898438,CTAF,CTAF,125.5,OurAirports,2026-10-03,NO
NSW,YTOG,Togo Station Airport,-30.08299,149.53684,MISC,MISC,118.6,OurAirports,2026-10-03,NO
NSW,YTOG,Togo Station Airport,-30.08299,149.53684,MISC,MISC,122.2,OurAirports,2026-10-03,NO
NSW,YTOG,Togo Station Airport,-30.08299,149.53684,CTAF,CTAF,122.9,OurAirports,2026-10-03,NO
NSW,YTWN,Tooraweenah Airport,-31.44306,148.897796,MISC,MISC,125.9,OurAirports,2026-10-03,NO
NSW,YTWN,Tooraweenah Airport,-31.44306,148.897796,CTAF,CTAF,127.1,OurAirports,2026-10-03,NO
NSW,YTOT,Tottenham Airport,-32.256163,147.369264,MISC,MISC,120,OurAirports,2026-10-03,NO
NSW,YTOT,Tottenham Airport,-32.256163,147.369264,CTAF,CTAF,123.9,OurAirports,2026-10-03,NO
NSW,YTGI,Trangie Airport,-31.97641,148.003929,MISC,MISC,123.4,OurAirports,2026-10-03,NO
NSW,YTGI,Trangie Airport,-31.97641,148.003929,CTAF,CTAF,123.9,OurAirports,2026-10-03,NO
NSW,YTGI,Trangie Airport,-31.97641,148.003929,MISC,MISC,128.85,OurAirports,2026-10-03,NO
NSW,YTLL,Tullamore Airport,-32.610622,147.598239,MISC,MISC,123.4,OurAirports,2026-10-03,NO
NSW,YTLL,Tullamore Airport,-32.610622,147.598239,CTAF,CTAF,123.9,OurAirports,2026-10-03,NO
NSW,YTLL,Tullamore Airport,-32.610622,147.598239,MISC,MISC,128.85,OurAirports,2026-10-03,NO
NSW,YTMU,Tumut Aerodrome,-35.26832,148.240526,FSS,MELBOURNE CNTR,119.5,OurAirports,2026-10-03,NO
NSW,YTMU,Tumut Aerodrome,-35.26832,148.240526,CTAF,CTAF,126.7,OurAirports,2026-10-03,NO
NSW,YTYH,Tyagarah Airport,-28.5946960394,153.551101685,MISC,MISC,119.5,OurAirports,2026-10-03,NO
NSW,YTYH,Tyagarah Airport,-28.5946960394,153.551101685,CTAF,CTAF,126.7,OurAirports,2026-10-03,NO
NSW,YILT,Ulladulla Medical Heliport,-35.32076,150.439306,MISC,MISC,119.6,OurAirports,2026-10-03,NO
NSW,YILT,Ulladulla Medical Heliport,-35.32076,150.439306,CTAF,CTAF,121.2,OurAirports,2026-10-03,NO
NSW,YILT,Ulladulla Medical Heliport,-35.32076,150.439306,MISC,MISC,122.1,OurAirports,2026-10-03,NO
NSW,YUPH,Upper Horton Wyl Airport,-30.1065,150.40428,MISC,MISC,119.5,OurAirports,2026-10-03,NO
NSW,YUPH,Upper Horton Wyl Airport,-30.1065,150.40428,CTAF,CTAF,127.1,OurAirports,2026-10-03,NO
NSW,YSWG,Wagga Wagga Airport,-35.163484,147.46832,CTAF,CTAF,118.2,OurAirports,2026-10-03,NO
NSW,YSWG,Wagga Wagga Airport,-35.163484,147.46832,FSS,MELBOURNE CNTR,119.5,OurAirports,2026-10-03,NO
NSW,YWCH,Walcha Airport,-31.009492,151.547442,MISC,MISC,119.5,OurAirports,2026-10-03,NO
NSW,YWCH,Walcha Airport,-31.009492,151.547442,MISC,MISC,122.8,OurAirports,2026-10-03,NO
NSW,YWCH,Walcha Airport,-31.009492,151.547442,CTAF,CTAF,125.75,OurAirports,2026-10-03,NO
NSW,YWLG,Walgett Airport,-30.032801,148.126007,CTAF,CTAF,126.7,OurAirports,2026-10-03,NO
NSW,YWLG,Walgett Airport,-30.032801,148.126007,FSS,BRISBANE CNTR,127.1,OurAirports,2026-10-03,NO
NSW,YWBH,Wallabadah Airport,-31.57658,150.934081,MISC,MISC,122.4,OurAirports,2026-10-03,NO
NSW,YWBH,Wallabadah Airport,-31.57658,150.934081,CTAF,CTAF,124.8,OurAirports,2026-10-03,NO
NSW,YWBH,Wallabadah Airport,-31.57658,150.934081,MISC,MISC,127.1,OurAirports,2026-10-03,NO
NSW,YWAG,Wanaaring Airport,-29.712125,144.170955,CTAF,CTAF,120,OurAirports,2026-10-03,NO
NSW,YWAG,Wanaaring Airport,-29.712125,144.170955,MISC,MISC,135.7,OurAirports,2026-10-03,NO
NSW,YWRL,Warialda Airport,-29.5362,150.535955,MISC,MISC,119.2,OurAirports,2026-10-03,NO
NSW,YWRL,Warialda Airport,-29.5362,150.535955,MISC,MISC,125.2,OurAirports,2026-10-03,NO
NSW,YWRL,Warialda Airport,-29.5362,150.535955,CTAF,CTAF,127.1,OurAirports,2026-10-03,NO
NSW,YWKW,Warkworth Airport,-32.548161,151.024274,MISC,MISC,119.2,OurAirports,2026-10-03,NO
NSW,YWKW,Warkworth Airport,-32.548161,151.024274,CTAF,CTAF,124.8,OurAirports,2026-10-03,NO
NSW,YWKW,Warkworth Airport,-32.548161,151.024274,MISC,MISC,125.2,OurAirports,2026-10-03,NO
NSW,YWVA,Warnervale Airport,-33.240278,151.429722,MISC,MISC,125.7,OurAirports,2026-10-03,NO
NSW,YWVA,Warnervale Airport,-33.240278,151.429722,CTAF,CTAF,132.1,OurAirports,2026-10-03,NO
NSW,YWRN,Warren Airport,-31.733299,147.802994,FSS,MELBOURNE CNTR,123.9,OurAirports,2026-10-03,NO
NSW,YWRN,Warren Airport,-31.733299,147.802994,CTAF,CTAF,126.7,OurAirports,2026-10-03,NO
NSW,YWBN,Wedderburn Aerodrome,-34.181346,150.808854,CTAF,CTAF,124.55,OurAirports,2026-10-03,NO
NSW,YWBN,Wedderburn Aerodrome,-34.181346,150.808854,MISC,MISC,125,OurAirports,2026-10-03,NO
NSW,YWWA,Wee Waa Airport,-30.25830078125,149.4080047607422,MISC,MISC,125,OurAirports,2026-10-03,NO
NSW,YWWA,Wee Waa Airport,-30.25830078125,149.4080047607422,CTAF,CTAF,127.1,OurAirports,2026-10-03,NO
NSW,YWMG,Weilmoringle Airport,-29.235668,146.922092,CTAF,CTAF,124.8,OurAirports,2026-10-03,NO
NSW,YWMG,Weilmoringle Airport,-29.235668,146.922092,MISC,MISC,125,OurAirports,2026-10-03,NO
NSW,YWEL,Wellington Airport,-32.462711,148.990896,MISC,MISC,119.6,OurAirports,2026-10-03,NO
NSW,YWEL,Wellington Airport,-32.462711,148.990896,MISC,MISC,122.1,OurAirports,2026-10-03,NO
NSW,YWEL,Wellington Airport,-32.462711,148.990896,CTAF,CTAF,123.9,OurAirports,2026-10-03,NO
NSW,YWTO,Wentworth Airport,-34.086196,141.891114,MISC,MISC,119.6,OurAirports,2026-10-03,NO
NSW,YWTO,Wentworth Airport,-34.086196,141.891114,MISC,MISC,122.1,OurAirports,2026-10-03,NO
NSW,YWTO,Wentworth Airport,-34.086196,141.891114,CTAF,CTAF,123.9,OurAirports,2026-10-03,NO
NSW,YWWL,West Wyalong Airport,-33.9371986389,147.190994263,FSS,MELBOURNE CNTR,126,OurAirports,2026-10-03,NO
NSW,YWWL,West Wyalong Airport,-33.9371986389,147.190994263,CTAF,CTAF,126.7,OurAirports,2026-10-03,NO
NSW,AU-0539,Western Sydney International (Nancy-Bird Walton) Airport,-33.883461,150.712981,DEP,WALTON Departure,118.4,OurAirports,2026-10-03,NO
NSW,AU-0539,Western Sydney International (Nancy-Bird Walton) Airport,-33.883461,150.712981,APP,WALTON Approach,119.35,OurAirports,2026-10-03,NO
NSW,AU-0539,Western Sydney International (Nancy-Bird Walton) Airport,-33.883461,150.712981,GND,WALTON Ground,124.05,OurAirports,2026-10-03,NO
NSW,AU-0539,Western Sydney International (Nancy-Bird Walton) Airport,-33.883461,150.712981,CTR,SYDNEY Centre,124.55,OurAirports,2026-10-03,NO
NSW,AU-0539,Western Sydney International (Nancy-Bird Walton) Airport,-33.883461,150.712981,ATIS,,127,OurAirports,2026-10-03,NO
NSW,AU-0539,Western Sydney International (Nancy-Bird Walton) Airport,-33.883461,150.712981,TWR,WALTON Tower,128.1,OurAirports,2026-10-03,NO
NSW,YWSD,Westward Downs Airport,-30.71137,141.397648,MISC,MISC,122.3,OurAirports,2026-10-03,NO
NSW,YWSD,Westward Downs Airport,-30.71137,141.397648,CTAF,CTAF,122.6,OurAirports,2026-10-03,NO
NSW,YWSD,Westward Downs Airport,-30.71137,141.397648,MISC,MISC,126,OurAirports,2026-10-03,NO
NSW,YWHC,White Cliffs Airport,-30.85181,143.071577,MISC,MISC,120.5,OurAirports,2026-10-03,NO
NSW,YWHC,White Cliffs Airport,-30.85181,143.071577,MISC,MISC,124.9,OurAirports,2026-10-03,NO
NSW,YWHC,White Cliffs Airport,-30.85181,143.071577,CTAF,CTAF,126.7,OurAirports,2026-10-03,NO
NSW,YWIL,Wilandra Airport,-31.28689,142.651049,MISC,MISC,120.5,OurAirports,2026-10-03,NO
NSW,YWIL,Wilandra Airport,-31.28689,142.651049,MISC,MISC,124.9,OurAirports,2026-10-03,NO
NSW,YWIL,Wilandra Airport,-31.28689,142.651049,CTAF,CTAF,135.5,OurAirports,2026-10-03,NO
NSW,YWCA,Wilcannia Airport,-31.522082,143.378358,FSS,MELBOURNE CNTR,124.9,OurAirports,2026-10-03,NO
NSW,YWCA,Wilcannia Airport,-31.522082,143.378358,CTAF,CTAF,126.7,OurAirports,2026-10-03,NO
NSW,YWIO,Wilton Airport,-34.21999,150.67076,CTAF,CTAF,124.55,OurAirports,2026-10-03,NO
NSW,YWIO,Wilton Airport,-34.21999,150.67076,MISC,MISC,125.7,OurAirports,2026-10-03,NO
NSW,YWMM,Wollomombi Airport,-30.491214,152.083822,MISC,MISC,119.6,OurAirports,2026-10-03,NO
NSW,YWMM,Wollomombi Airport,-30.491214,152.083822,MISC,MISC,122.1,OurAirports,2026-10-03,NO
NSW,YWMM,Wollomombi Airport,-30.491214,152.083822,CTAF,CTAF,128.55,OurAirports,2026-10-03,NO
NSW,YWMA,Wonnaminta Stat Airport,-30.651100158691406,142.3419952392578,MISC,MISC,122.3,OurAirports,2026-10-03,NO
NSW,YWMA,Wonnaminta Stat Airport,-30.651100158691406,142.3419952392578,MISC,MISC,124.6,OurAirports,2026-10-03,NO
NSW,YWMA,Wonnaminta Stat Airport,-30.651100158691406,142.3419952392578,CTAF,CTAF,126.7,OurAirports,2026-10-03,NO
NSW,YWOM,Woolomin Airport,-31.316699981689453,151.13299560546875,MISC,MISC,122.3,OurAirports,2026-10-03,NO
NSW,YWOM,Woolomin Airport,-31.316699981689453,151.13299560546875,MISC,MISC,124.6,OurAirports,2026-10-03,NO
NSW,YWOM,Woolomin Airport,-31.316699981689453,151.13299560546875,CTAF,CTAF,125.75,OurAirports,2026-10-03,NO
NSW,YYLD,Yalda Downs Homestead Airport,-30.26140022277832,142.9770050048828,MISC,MISC,119.6,OurAirports,2026-10-03,NO
NSW,YYLD,Yalda Downs Homestead Airport,-30.26140022277832,142.9770050048828,MISC,MISC,122.6,OurAirports,2026-10-03,NO
NSW,YYLD,Yalda Downs Homestead Airport,-30.26140022277832,142.9770050048828,CTAF,CTAF,124.9,OurAirports,2026-10-03,NO
NSW,YYAA,Yandama Airport,-29.664973,141.413891,MISC,MISC,119.6,OurAirports,2026-10-03,NO
NSW,YYAA,Yandama Airport,-29.664973,141.413891,MISC,MISC,122.6,OurAirports,2026-10-03,NO
NSW,YYAA,Yandama Airport,-29.664973,141.413891,CTAF,CTAF,124.9,OurAirports,2026-10-03,NO
NSW,YYNG,Young Airport,-34.255576,148.247118,CTAF,CTAF,126.7,OurAirports,2026-10-03,NO
NSW,YYNG,Young Airport,-34.255576,148.247118,FSS,MELBOURNE CNTR,135.25,OurAirports,2026-10-03,NO
NT,YALC,Alcoota Station Airport,-22.801963,134.4036,CTAF,CTAF,118.4,OurAirports,2026-10-03,NO
NT,YALC,Alcoota Station Airport,-22.801963,134.4036,MISC,MISC,119.6,OurAirports,2026-10-03,NO
NT,YALC,Alcoota Station Airport,-22.801963,134.4036,MISC,MISC,123.9,OurAirports,2026-10-03,NO
NT,YALX,Alexandria Homestead Airport,-19.060199737548828,136.7100067138672,CTAF,CTAF,122.1,OurAirports,2026-10-03,NO
NT,YALX,Alexandria Homestead Airport,-19.060199737548828,136.7100067138672,MISC,MISC,130.449,OurAirports,2026-10-03,NO
NT,YBAS,Alice Springs Airport,-23.806588,133.903427,CTAF,CTAF,118.3,OurAirports,2026-10-03,NO
NT,YBAS,Alice Springs Airport,-23.806588,133.903427,TWR,TWR,118.3,OurAirports,2026-10-03,NO
NT,YBAS,Alice Springs Airport,-23.806588,133.903427,FSS,MELBOURNE CNTR,119.8,OurAirports,2026-10-03,NO
NT,YALM,Allambie Airport,-24.265335,134.402927,CTAF,CTAF,118.3,OurAirports,2026-10-03,NO
NT,YALM,Allambie Airport,-24.265335,134.402927,MISC,MISC,119.8,OurAirports,2026-10-03,NO
NT,YABU,Amburla Airport,-23.339897,133.172332,MISC,MISC,119.8,OurAirports,2026-10-03,NO
NT,YABU,Amburla Airport,-23.339897,133.172332,CTAF,CTAF,120.5,OurAirports,2026-10-03,NO
NT,YABU,Amburla Airport,-23.339897,133.172332,MISC,MISC,121.85,OurAirports,2026-10-03,NO
NT,YAMM,Ammaroo Airport,-21.738300323486328,135.24200439453125,MISC,MISC,119.8,OurAirports,2026-10-03,NO
NT,YAMM,Ammaroo Airport,-21.738300323486328,135.24200439453125,CTAF,CTAF,120.5,OurAirports,2026-10-03,NO
NT,YAMM,Ammaroo Airport,-21.738300323486328,135.24200439453125,MISC,MISC,121.85,OurAirports,2026-10-03,NO
NT,YAMJ,Ampilatwatja Airport,-21.654955,135.23097,MISC,MISC,119.8,OurAirports,2026-10-03,NO
NT,YAMJ,Ampilatwatja Airport,-21.654955,135.23097,CTAF,CTAF,120.5,OurAirports,2026-10-03,NO
NT,YAMJ,Ampilatwatja Airport,-21.654955,135.23097,MISC,MISC,121.85,OurAirports,2026-10-03,NO
NT,YADO,Andado Airport,-25.407772,135.290794,MISC,MISC,119.8,OurAirports,2026-10-03,NO
NT,YADO,Andado Airport,-25.407772,135.290794,CTAF,CTAF,120.5,OurAirports,2026-10-03,NO
NT,YADO,Andado Airport,-25.407772,135.290794,MISC,MISC,121.85,OurAirports,2026-10-03,NO
NT,YANW,Annitowa Airport,-21.200017,136.451139,MISC,MISC,122.4,OurAirports,2026-10-03,NO
NT,YANW,Annitowa Airport,-21.200017,136.451139,CTAF,CTAF,126.7,OurAirports,2026-10-03,NO
NT,YANL,Anthony Lagoon Airport,-18.018079031,135.535068512,MISC,MISC,122.4,OurAirports,2026-10-03,NO
NT,YANL,Anthony Lagoon Airport,-18.018079031,135.535068512,CTAF,CTAF,134.4,OurAirports,2026-10-03,NO
NT,YARP,Arapunya Airport,-22.316699981689453,135.6999969482422,MISC,MISC,122.4,OurAirports,2026-10-03,NO
NT,YARP,Arapunya Airport,-22.316699981689453,135.6999969482422,CTAF,CTAF,134.4,OurAirports,2026-10-03,NO
NT,YARN,Areyonga Airport,-24.091565,132.271228,MISC,MISC,122.4,OurAirports,2026-10-03,NO
NT,YARN,Areyonga Airport,-24.091565,132.271228,CTAF,CTAF,134.4,OurAirports,2026-10-03,NO
NT,YARD,Argadargada Airport,-21.676700592041016,136.67799377441406,CTAF,CTAF,122.4,OurAirports,2026-10-03,NO
NT,YARD,Argadargada Airport,-21.676700592041016,136.67799377441406,MISC,MISC,122.4,OurAirports,2026-10-03,NO
NT,YATL,Atula Airport,-23.255344,136.388955,MISC,MISC,122.4,OurAirports,2026-10-03,NO
NT,YATL,Atula Airport,-23.255344,136.388955,CTAF,CTAF,124.8,OurAirports,2026-10-03,NO
NT,YAUS,Austral Downs Airport,-20.5,137.75,CTAF,CTAF,122.4,OurAirports,2026-10-03,NO
NT,YAUS,Austral Downs Airport,-20.5,137.75,MISC,MISC,122.4,OurAirports,2026-10-03,NO
NT,YAUV,Auvergne Airport,-15.690555,130.008818,CTAF,CTAF,122.4,OurAirports,2026-10-03,NO
NT,YAUV,Auvergne Airport,-15.690555,130.008818,MISC,MISC,122.4,OurAirports,2026-10-03,NO
NT,YAVD,Avon Downs Airport,-20.033300399780273,137.51699829101562,CTAF,CTAF,122.4,OurAirports,2026-10-03,NO
NT,YAVD,Avon Downs Airport,-20.033300399780273,137.51699829101562,MISC,MISC,122.4,OurAirports,2026-10-03,NO
NT,YAYE,Ayers Rock Connellan Airport,-25.185913,130.97703,FSS,MELBOURNE CNTR,121.85,OurAirports,2026-10-03,NO
NT,YAYE,Ayers Rock Connellan Airport,-25.185913,130.97703,ATIS,ATIS,126.55,OurAirports,2026-10-03,NO
NT,YAYE,Ayers Rock Connellan Airport,-25.185913,130.97703,CTAF,CTAF,126.9,OurAirports,2026-10-03,NO
NT,YIKL,Baikal Airport,-22.7632999420166,136.16299438476562,MISC,MISC,120.6,OurAirports,2026-10-03,NO
NT,YIKL,Baikal Airport,-22.7632999420166,136.16299438476562,MISC,MISC,121.85,OurAirports,2026-10-03,NO
NT,YIKL,Baikal Airport,-22.7632999420166,136.16299438476562,CTAF,CTAF,126.9,OurAirports,2026-10-03,NO
NT,YBMY,Bamyili Airport,-14.519469,132.881753,CTAF,CTAF,122.6,OurAirports,2026-10-03,NO
NT,YBMY,Bamyili Airport,-14.519469,132.881753,MISC,MISC,132.1,OurAirports,2026-10-03,NO
NT,YBKS,Barkly Wayside Inn Airport,-19.709199905395508,135.81900024414062,CTAF,CTAF,122.1,OurAirports,2026-10-03,NO
NT,YBKS,Barkly Wayside Inn Airport,-19.709199905395508,135.81900024414062,MISC,MISC,132.1,OurAirports,2026-10-03,NO
NT,YBCR,Batchelor Airport,-13.05663,131.028804,CTAF,CTAF,118.152,OurAirports,2026-10-03,NO
NT,YBCR,Batchelor Airport,-13.05663,131.028804,MISC,MISC,132.1,OurAirports,2026-10-03,NO
NT,YBTI,Bathurst Island Airport,-11.764966,130.615774,FSS,BRISBANE CNTR,118.15,OurAirports,2026-10-03,NO
NT,YBTI,Bathurst Island Airport,-11.764966,130.615774,CTAF,CTAF,126.7,OurAirports,2026-10-03,NO
NT,YBNM,Benmara Airport,-17.918759,136.897717,MISC,MISC,132.1,OurAirports,2026-10-03,NO
NT,YBNM,Benmara Airport,-17.918759,136.897717,CTAF,CTAF,134.4,OurAirports,2026-10-03,NO
NT,YBSP,Bond Springs Airport,-23.516695,133.849525,CTAF,CTAF,119.8,OurAirports,2026-10-03,NO
NT,YBSP,Bond Springs Airport,-23.516695,133.849525,MISC,MISC,132.1,OurAirports,2026-10-03,NO
NT,YBRL,Borroloola Airport,-16.0753,136.302002,CTAF,CTAF,126.7,OurAirports,2026-10-03,NO
NT,YBRL,Borroloola Airport,-16.0753,136.302002,FSS,BRISBANE CNTR,128.5,OurAirports,2026-10-03,NO
NT,YBNY,Brunchilly Airport,-18.86956,134.494736,MISC,MISC,119.6,OurAirports,2026-10-03,NO
NT,YBNY,Brunchilly Airport,-18.86956,134.494736,CTAF,CTAF,122.1,OurAirports,2026-10-03,NO
NT,YBNY,Brunchilly Airport,-18.86956,134.494736,MISC,MISC,123.9,OurAirports,2026-10-03,NO
NT,YBRU,Brunette Downs Airport,-18.637472,135.938355,MISC,MISC,119.6,OurAirports,2026-10-03,NO
NT,YBRU,Brunette Downs Airport,-18.637472,135.938355,CTAF,CTAF,122.1,OurAirports,2026-10-03,NO
NT,YBRU,Brunette Downs Airport,-18.637472,135.938355,MISC,MISC,123.9,OurAirports,2026-10-03,NO
NT,YBVY,Bullo River Valley Airport,-15.466699600219727,129.76699829101562,MISC,MISC,119.6,OurAirports,2026-10-03,NO
NT,YBVY,Bullo River Valley Airport,-15.466699600219727,129.76699829101562,CTAF,CTAF,122.4,OurAirports,2026-10-03,NO
NT,YBVY,Bullo River Valley Airport,-15.466699600219727,129.76699829101562,MISC,MISC,123.9,OurAirports,2026-10-03,NO
NT,YCFD,Camfield Airport,-17.021699905395508,131.32699584960938,MISC,MISC,120.7,OurAirports,2026-10-03,NO
NT,YCFD,Camfield Airport,-17.021699905395508,131.32699584960938,CTAF,CTAF,134.2,OurAirports,2026-10-03,NO
NT,YCAN,Cannon Hill Community Airport,-12.3549,132.94495,MISC,MISC,120.7,OurAirports,2026-10-03,NO
NT,YCAN,Cannon Hill Community Airport,-12.3549,132.94495,CTAF,CTAF,124.1,OurAirports,2026-10-03,NO
NT,YCCK,Canteen Creek Airport,-20.650800704956055,135.5850067138672,MISC,MISC,120.7,OurAirports,2026-10-03,NO
NT,YCCK,Canteen Creek Airport,-20.650800704956055,135.5850067138672,CTAF,CTAF,124.1,OurAirports,2026-10-03,NO
NT,YCCF,Cape Crawford Airport,-16.687676,135.730097,MISC,MISC,120.7,OurAirports,2026-10-03,NO
NT,YCCF,Cape Crawford Airport,-16.687676,135.730097,CTAF,CTAF,124.1,OurAirports,2026-10-03,NO
NT,YCPD,Cape Don Airport,-11.298299789428711,131.82699584960938,MISC,MISC,120.7,OurAirports,2026-10-03,NO
NT,YCPD,Cape Don Airport,-11.298299789428711,131.82699584960938,CTAF,CTAF,124.1,OurAirports,2026-10-03,NO
NT,YCWE,Cape Wessels Airport,-11.003162,136.759367,MISC,MISC,120.7,OurAirports,2026-10-03,NO
NT,YCWE,Cape Wessels Airport,-11.003162,136.759367,CTAF,CTAF,125,OurAirports,2026-10-03,NO
NT,YCAC,Cattle Creek Airport,-17.607000351,131.548995972,CTAF,CTAF,118.1,OurAirports,2026-10-03,NO
NT,YCAC,Cattle Creek Airport,-17.607000351,131.548995972,MISC,MISC,119.6,OurAirports,2026-10-03,NO
NT,YCAC,Cattle Creek Airport,-17.607000351,131.548995972,MISC,MISC,122.1,OurAirports,2026-10-03,NO
NT,YCNS,Coniston Airport,-22.13330078125,132.5330047607422,MISC,MISC,118.1,OurAirports,2026-10-03,NO
NT,YCNS,Coniston Airport,-22.13330078125,132.5330047607422,MISC,MISC,119.6,OurAirports,2026-10-03,NO
NT,YCNS,Coniston Airport,-22.13330078125,132.5330047607422,MISC,MISC,120,OurAirports,2026-10-03,NO
NT,YCNS,Coniston Airport,-22.13330078125,132.5330047607422,CTAF,CTAF,122.3,OurAirports,2026-10-03,NO
NT,YCOO,Cooinda Airport,-12.903300285339355,132.53199768066406,MISC,MISC,124.1,OurAirports,2026-10-03,NO
NT,YCOO,Cooinda Airport,-12.903300285339355,132.53199768066406,CTAF,CTAF,126.7,OurAirports,2026-10-03,NO
NT,YCKI,Croker Island Airport,-11.165,132.483002,MISC,MISC,118.15,OurAirports,2026-10-03,NO
NT,YCKI,Croker Island Airport,-11.165,132.483002,CTAF,CTAF,126.7,OurAirports,2026-10-03,NO
NT,YCSP,Curtin Springs Airport,-25.333921,131.759308,MISC,MISC,122.1,OurAirports,2026-10-03,NO
NT,YCSP,Curtin Springs Airport,-25.333921,131.759308,CTAF,CTAF,126.7,OurAirports,2026-10-03,NO
NT,YDMN,Daly River Airport,-13.749806,130.693878,MISC,MISC,122.1,OurAirports,2026-10-03,NO
NT,YDMN,Daly River Airport,-13.749806,130.693878,CTAF,CTAF,122.635,OurAirports,2026-10-03,NO
NT,YDLW,Daly Waters Airport,-16.264695066399998,133.383378983,CTAF,CTAF,118.1,OurAirports,2026-10-03,NO
NT,YDLW,Daly Waters Airport,-16.264695066399998,133.383378983,MISC,MISC,122.1,OurAirports,2026-10-03,NO
NT,YPDN,Darwin International Airport / RAAF Darwin,-12.41497,130.88185,ARTC,BRISBANE CNTR,118.15,OurAirports,2026-10-03,NO
NT,YPDN,Darwin International Airport / RAAF Darwin,-12.41497,130.88185,GND,GND,121.8,OurAirports,2026-10-03,NO
NT,YPDN,Darwin International Airport / RAAF Darwin,-12.41497,130.88185,DEP,DEP,123,OurAirports,2026-10-03,NO
NT,YPDN,Darwin International Airport / RAAF Darwin,-12.41497,130.88185,A/D,APP,125.2,OurAirports,2026-10-03,NO
NT,YPDN,Darwin International Airport / RAAF Darwin,-12.41497,130.88185,CLD,CLNC DEL,126.8,OurAirports,2026-10-03,NO
NT,YPDN,Darwin International Airport / RAAF Darwin,-12.41497,130.88185,TWR,TWR,133.1,OurAirports,2026-10-03,NO
NT,YDPW,Deep Well Airport,-24.297968,134.143261,CTAF,CTAF,120.7,OurAirports,2026-10-03,NO
NT,YDPW,Deep Well Airport,-24.297968,134.143261,MISC,MISC,122.1,OurAirports,2026-10-03,NO
NT,YDWF,Delamere Range Facility Airport,-15.746700286865234,131.9199981689453,CTAF,CTAF,120.7,OurAirports,2026-10-03,NO
NT,YDWF,Delamere Range Facility Airport,-15.746700286865234,131.9199981689453,MISC,MISC,122.1,OurAirports,2026-10-03,NO
NT,YDMR,Delamere Station Airport,-15.619999885559082,131.63699340820312,MISC,MISC,122.1,OurAirports,2026-10-03,NO
NT,YDMR,Delamere Station Airport,-15.619999885559082,131.63699340820312,CTAF,CTAF,122.6,OurAirports,2026-10-03,NO
NT,YDLV,Delissaville Airport,-12.550000190734863,130.68499755859375,CTAF,CTAF,118.15,OurAirports,2026-10-03,NO
NT,YDLV,Delissaville Airport,-12.550000190734863,130.68499755859375,MISC,MISC,122.1,OurAirports,2026-10-03,NO
NT,YDLD,Delmore Downs Airport,-22.458599090576172,134.88400268554688,CTAF,CTAF,118.15,OurAirports,2026-10-03,NO
NT,YDLD,Delmore Downs Airport,-22.458599090576172,134.88400268554688,MISC,MISC,122.1,OurAirports,2026-10-03,NO
NT,YDYD,Derry Downs Airport,-22.08329963684082,135.33299255371094,MISC,MISC,122.1,OurAirports,2026-10-03,NO
NT,YDYD,Derry Downs Airport,-22.08329963684082,135.33299255371094,MISC,MISC,125.3,OurAirports,2026-10-03,NO
NT,YDYD,Derry Downs Airport,-22.08329963684082,135.33299255371094,CTAF,CTAF,126.7,OurAirports,2026-10-03,NO
NT,YDHL,Dhalinbuy Airport,-12.413043,136.38664,MISC,MISC,122.1,OurAirports,2026-10-03,NO
NT,YDHL,Dhalinbuy Airport,-12.413043,136.38664,CTAF,CTAF,125,OurAirports,2026-10-03,NO
NT,YDHL,Dhalinbuy Airport,-12.413043,136.38664,MISC,MISC,125.3,OurAirports,2026-10-03,NO
NT,YDPR,Dneiper Airport,-22.61669921875,135.1999969482422,MISC,MISC,122.1,OurAirports,2026-10-03,NO
NT,YDPR,Dneiper Airport,-22.61669921875,135.1999969482422,CTAF,CTAF,125,OurAirports,2026-10-03,NO
NT,YDPR,Dneiper Airport,-22.61669921875,135.1999969482422,MISC,MISC,125.3,OurAirports,2026-10-03,NO
NT,YDVR,Docker River Airport,-24.859533,129.122209,MISC,MISC,122.1,OurAirports,2026-10-03,NO
NT,YDVR,Docker River Airport,-24.859533,129.122209,CTAF,CTAF,125,OurAirports,2026-10-03,NO
NT,YDVR,Docker River Airport,-24.859533,129.122209,MISC,MISC,125.3,OurAirports,2026-10-03,NO
NT,YELD,Elcho Island Airport,-12.019399642899998,135.570999146,FSS,BRISBANE CNTR,123.4,OurAirports,2026-10-03,NO
NT,YELD,Elcho Island Airport,-12.019399642899998,135.570999146,CTAF,CTAF,127.15,OurAirports,2026-10-03,NO
NT,YELK,Elkedra Airport,-21.172500610399997,135.444000244,CTAF,CTAF,120,OurAirports,2026-10-03,NO
NT,YELK,Elkedra Airport,-21.172500610399997,135.444000244,MISC,MISC,123.4,OurAirports,2026-10-03,NO
NT,YELK,Elkedra Airport,-21.172500610399997,135.444000244,MISC,MISC,128.6,OurAirports,2026-10-03,NO
NT,YELL,Elliott Airport,-17.527429580688477,133.52989196777344,CTAF,CTAF,118.1,OurAirports,2026-10-03,NO
NT,YELL,Elliott Airport,-17.527429580688477,133.52989196777344,MISC,MISC,128.6,OurAirports,2026-10-03,NO
NT,YEPR,Epenarra Airport,-20.433300018310547,135.26699829101562,MISC,MISC,118.15,OurAirports,2026-10-03,NO
NT,YEPR,Epenarra Airport,-20.433300018310547,135.26699829101562,CTAF,CTAF,127.1,OurAirports,2026-10-03,NO
NT,YERL,Erldunda Airport,-25.206106,133.254161,MISC,MISC,118.15,OurAirports,2026-10-03,NO
NT,YERL,Erldunda Airport,-25.206106,133.254161,CTAF,CTAF,127.1,OurAirports,2026-10-03,NO
NT,YGLP,Gallipolli Airport,-19.14181,137.87412,MISC,MISC,119.6,OurAirports,2026-10-03,NO
NT,YGLP,Gallipolli Airport,-19.14181,137.87412,CTAF,CTAF,122.4,OurAirports,2026-10-03,NO
NT,YGLP,Gallipolli Airport,-19.14181,137.87412,MISC,MISC,134.2,OurAirports,2026-10-03,NO
NT,YGAN,Gan Gan Airport,-13.047853,135.952914,MISC,MISC,119.6,OurAirports,2026-10-03,NO
NT,YGAN,Gan Gan Airport,-13.047853,135.952914,CTAF,CTAF,123.4,OurAirports,2026-10-03,NO
NT,YGAN,Gan Gan Airport,-13.047853,135.952914,MISC,MISC,134.2,OurAirports,2026-10-03,NO
NT,YGPT,Garden Point Airport,-11.399686,130.425568,FSS,BRISBANE CNTR,118.15,OurAirports,2026-10-03,NO
NT,YGPT,Garden Point Airport,-11.399686,130.425568,CTAF,CTAF,126.7,OurAirports,2026-10-03,NO
NT,YGMD,Goomadeer Airport,-12.100000381469727,133.66700744628906,CTAF,CTAF,123.4,OurAirports,2026-10-03,NO
NT,YGMD,Goomadeer Airport,-12.100000381469727,133.66700744628906,MISC,MISC,124.3,OurAirports,2026-10-03,NO
NT,YPGV,Gove Airport,-12.269399642899998,136.817993164,FSS,BRISBANE CNTR,125,OurAirports,2026-10-03,NO
NT,YPGV,Gove Airport,-12.269399642899998,136.817993164,CTAF,CTAF,127.8,OurAirports,2026-10-03,NO
NT,YGTE,Groote Eylandt Airport,-13.972405,136.458553,FSS,BRISBANE CNTR,122.2,OurAirports,2026-10-03,NO
NT,YGTE,Groote Eylandt Airport,-13.972405,136.458553,CTAF,CTAF,126,OurAirports,2026-10-03,NO
NT,YHAA,Haasts Bluff Airport,-23.454999923706,131.85299682617,MISC,MISC,122.2,OurAirports,2026-10-03,NO
NT,YHAA,Haasts Bluff Airport,-23.454999923706,131.85299682617,MISC,MISC,125.1,OurAirports,2026-10-03,NO
NT,YHAA,Haasts Bluff Airport,-23.454999923706,131.85299682617,CTAF,CTAF,126.7,OurAirports,2026-10-03,NO
NT,YHTS,Harts Range Airport,-22.985000610351562,134.91799926757812,MISC,MISC,118.6,OurAirports,2026-10-03,NO
NT,YHTS,Harts Range Airport,-22.985000610351562,134.91799926757812,CTAF,CTAF,119.8,OurAirports,2026-10-03,NO
NT,YHTS,Harts Range Airport,-22.985000610351562,134.91799926757812,MISC,MISC,125.3,OurAirports,2026-10-03,NO
NT,YHBY,Henbury Airport,-24.584,133.236,MISC,MISC,118.6,OurAirports,2026-10-03,NO
NT,YHBY,Henbury Airport,-24.584,133.236,CTAF,CTAF,123.9,OurAirports,2026-10-03,NO
NT,YHBY,Henbury Airport,-24.584,133.236,MISC,MISC,125.3,OurAirports,2026-10-03,NO
NT,YHMB,Hermannsburg Airport,-23.926485,132.807798,MISC,MISC,118.6,OurAirports,2026-10-03,NO
NT,YHMB,Hermannsburg Airport,-23.926485,132.807798,CTAF,CTAF,123.9,OurAirports,2026-10-03,NO
NT,YHMB,Hermannsburg Airport,-23.926485,132.807798,MISC,MISC,125.3,OurAirports,2026-10-03,NO
NT,YHOV,Hodgeson River Airfield,-15.54594,134.0956,MISC,MISC,118.6,OurAirports,2026-10-03,NO
NT,YHOV,Hodgeson River Airfield,-15.54594,134.0956,CTAF,CTAF,122.6,OurAirports,2026-10-03,NO
NT,YHOV,Hodgeson River Airfield,-15.54594,134.0956,MISC,MISC,125.3,OurAirports,2026-10-03,NO
NT,YHDD,Hodgson Downs Airport,-15.219347,134.071237,MISC,MISC,118.6,OurAirports,2026-10-03,NO
NT,YHDD,Hodgson Downs Airport,-15.219347,134.071237,CTAF,CTAF,122.6,OurAirports,2026-10-03,NO
NT,YHDD,Hodgson Downs Airport,-15.219347,134.071237,MISC,MISC,125.3,OurAirports,2026-10-03,NO
NT,YHOO,Hooker Creek Airport,-18.3367004395,130.638000488,CTAF,CTAF,126.7,OurAirports,2026-10-03,NO
NT,YHOO,Hooker Creek Airport,-18.3367004395,130.638000488,MISC,MISC,134.2,OurAirports,2026-10-03,NO
NT,YHSB,Horseshoe Bend Airport,-25.216699600219727,134.26699829101562,CTAF,CTAF,119.8,OurAirports,2026-10-03,NO
NT,YHSB,Horseshoe Bend Airport,-25.216699600219727,134.26699829101562,MISC,MISC,134.2,OurAirports,2026-10-03,NO
NT,YHOA,Howard Island Airport,-12.095000267028809,135.36199951171875,CTAF,CTAF,122.6,OurAirports,2026-10-03,NO
NT,YHOA,Howard Island Airport,-12.095000267028809,135.36199951171875,MISC,MISC,134.2,OurAirports,2026-10-03,NO
NT,YHKT,Huckitta Airport,-22.943300247192383,135.44700622558594,CTAF,CTAF,119.8,OurAirports,2026-10-03,NO
NT,YHKT,Huckitta Airport,-22.943300247192383,135.44700622558594,MISC,MISC,134.2,OurAirports,2026-10-03,NO
NT,YHGR,Hugh River Airport,-24.449255,133.708732,CTAF,CTAF,119.8,OurAirports,2026-10-03,NO
NT,YHGR,Hugh River Airport,-24.449255,133.708732,MISC,MISC,134.2,OurAirports,2026-10-03,NO
NT,YHBR,Humbert River Airport,-16.489669799804688,130.63027954101562,CTAF,CTAF,134.2,OurAirports,2026-10-03,NO
NT,YHBR,Humbert River Airport,-16.489669799804688,130.63027954101562,MISC,MISC,134.2,OurAirports,2026-10-03,NO
NT,YIDR,Idracowra Airport,-25.06329917907715,133.73300170898438,CTAF,CTAF,119.8,OurAirports,2026-10-03,NO
NT,YIDR,Idracowra Airport,-25.06329917907715,133.73300170898438,MISC,MISC,134.2,OurAirports,2026-10-03,NO
NT,YIMA,Imanpa Airport,-25.130954,132.565738,CTAF,CTAF,119.8,OurAirports,2026-10-03,NO
NT,YIMA,Imanpa Airport,-25.130954,132.565738,MISC,MISC,134.2,OurAirports,2026-10-03,NO
NT,YIMP,Impadna Airport,-25.153831,133.579681,CTAF,CTAF,119.8,OurAirports,2026-10-03,NO
NT,YIMP,Impadna Airport,-25.153831,133.579681,MISC,MISC,134.2,OurAirports,2026-10-03,NO
NT,YISV,Innesvale Airport,-15.383299827575684,131.26699829101562,CTAF,CTAF,119.5,OurAirports,2026-10-03,NO
NT,YISV,Innesvale Airport,-15.383299827575684,131.26699829101562,MISC,MISC,134.2,OurAirports,2026-10-03,NO
NT,YJAB,Jabiru Airport,-12.658056,132.894638,FSS,BRISBANE CNTR,124.1,OurAirports,2026-10-03,NO
NT,YJAB,Jabiru Airport,-12.658056,132.894638,CTAF,KAKADU AREA CTAF,126.7,OurAirports,2026-10-03,NO
NT,YJVS,Jervois Airport,-22.9133,136.119995,CTAF,CTAF,120.6,OurAirports,2026-10-03,NO
NT,YJVS,Jervois Airport,-22.9133,136.119995,MISC,MISC,122.4,OurAirports,2026-10-03,NO
NT,YJVS,Jervois Airport,-22.9133,136.119995,MISC,MISC,123.9,OurAirports,2026-10-03,NO
NT,YJVS,Jervois Airport,-22.9133,136.119995,MISC,MISC,125.428,OurAirports,2026-10-03,NO
NT,YJVM,Jervois Mine Airport,-22.63330078125,136.26699829101562,CTAF,CTAF,120.6,OurAirports,2026-10-03,NO
NT,YJVM,Jervois Mine Airport,-22.63330078125,136.26699829101562,MISC,MISC,122.4,OurAirports,2026-10-03,NO
NT,YJVM,Jervois Mine Airport,-22.63330078125,136.26699829101562,MISC,MISC,123.9,OurAirports,2026-10-03,NO
NT,YJVM,Jervois Mine Airport,-22.63330078125,136.26699829101562,MISC,MISC,125.4,OurAirports,2026-10-03,NO
NT,YJNK,Jinka Airport,-22.950000762939453,135.73300170898438,CTAF,CTAF,120.6,OurAirports,2026-10-03,NO
NT,YJNK,Jinka Airport,-22.950000762939453,135.73300170898438,MISC,MISC,122.4,OurAirports,2026-10-03,NO
NT,YJNK,Jinka Airport,-22.950000762939453,135.73300170898438,MISC,MISC,123.9,OurAirports,2026-10-03,NO
NT,YJNK,Jinka Airport,-22.950000762939453,135.73300170898438,MISC,MISC,125.4,OurAirports,2026-10-03,NO
NT,YKKG,Kalkgurung Airport,-17.431900024414062,130.80799865722656,FSS,BRISBANE CNTR,123.7,OurAirports,2026-10-03,NO
NT,YKKG,Kalkgurung Airport,-17.431900024414062,130.80799865722656,CTAF,CTAF,126.7,OurAirports,2026-10-03,NO
NT,YKHG,Katherine Gorge Airport,-14.385302,132.39315,MISC,MISC,122.4,OurAirports,2026-10-03,NO
NT,YKHG,Katherine Gorge Airport,-14.385302,132.39315,CTAF,CTAF,122.6,OurAirports,2026-10-03,NO
NT,YKHG,Katherine Gorge Airport,-14.385302,132.39315,MISC,MISC,127.3,OurAirports,2026-10-03,NO
NT,YKIA,Kiana Station Airport,-17.24169921875,136.1750030517578,CTAF,CTAF,121.85,OurAirports,2026-10-03,NO
NT,YKIA,Kiana Station Airport,-17.24169921875,136.1750030517578,MISC,MISC,122.4,OurAirports,2026-10-03,NO
NT,YKIA,Kiana Station Airport,-17.24169921875,136.1750030517578,MISC,MISC,127.3,OurAirports,2026-10-03,NO
NT,YKDM,Kidman Springs Airport,-16.11669921875,130.9530029296875,MISC,MISC,122.4,OurAirports,2026-10-03,NO
NT,YKDM,Kidman Springs Airport,-16.11669921875,130.9530029296875,CTAF,CTAF,122.6,OurAirports,2026-10-03,NO
NT,YKDM,Kidman Springs Airport,-16.11669921875,130.9530029296875,MISC,MISC,127.3,OurAirports,2026-10-03,NO
NT,YKIL,Kildurk Airport,-16.431699752807617,129.61500549316406,CTAF,CTAF,122.4,OurAirports,2026-10-03,NO
NT,YKIL,Kildurk Airport,-16.431699752807617,129.61500549316406,MISC,MISC,122.4,OurAirports,2026-10-03,NO
NT,YKIL,Kildurk Airport,-16.431699752807617,129.61500549316406,MISC,MISC,127.3,OurAirports,2026-10-03,NO
NT,YKCA,Kings Canyon Airport,-24.260229,131.488924,CTAF,CTAF,122,OurAirports,2026-10-03,NO
NT,YKCA,Kings Canyon Airport,-24.260229,131.488924,MISC,MISC,122.4,OurAirports,2026-10-03,NO
NT,YKCA,Kings Canyon Airport,-24.260229,131.488924,MISC,MISC,127.3,OurAirports,2026-10-03,NO
NT,YKCS,Kings Creek Airport,-24.421285,131.819458,CTAF,CTAF,121.85,OurAirports,2026-10-03,NO
NT,YKCS,Kings Creek Airport,-24.421285,131.819458,MISC,MISC,122.4,OurAirports,2026-10-03,NO
NT,YKCS,Kings Creek Airport,-24.421285,131.819458,MISC,MISC,127.3,OurAirports,2026-10-03,NO
NT,YKNT,Kintore Airport,-23.264999389648438,129.38699340820312,CTAF,CTAF,120.5,OurAirports,2026-10-03,NO
NT,YKNT,Kintore Airport,-23.264999389648438,129.38699340820312,MISC,MISC,121.85,OurAirports,2026-10-03,NO
NT,YKNT,Kintore Airport,-23.264999389648438,129.38699340820312,MISC,MISC,122.3,OurAirports,2026-10-03,NO
NT,YKNT,Kintore Airport,-23.264999389648438,129.38699340820312,MISC,MISC,123.05,OurAirports,2026-10-03,NO
NT,YKUR,Kurundi Airport,-20.51,134.6706,CTAF,,126.7,OurAirports,2026-10-03,NO
NT,YLEV,Lake Evella Airport,-12.498900413513184,135.80599975585938,FSS,BRISBANE CNTR,123.4,OurAirports,2026-10-03,NO
NT,YLEV,Lake Evella Airport,-12.498900413513184,135.80599975585938,CTAF,CTAF,127.15,OurAirports,2026-10-03,NO
NT,YLKN,Lake Nash Airport,-20.9807,137.9178,CTAF,CTAF,122.4,OurAirports,2026-10-03,NO
NT,YLKN,Lake Nash Airport,-20.9807,137.9178,MISC,MISC,122.4,OurAirports,2026-10-03,NO
NT,YLKN,Lake Nash Airport,-20.9807,137.9178,MISC,MISC,125.3,OurAirports,2026-10-03,NO
NT,YLGU,Legune Airport,-15.215372,129.448629,CTAF,CTAF,122.439,OurAirports,2026-10-03,NO
NT,YLGU,Legune Airport,-15.215372,129.448629,MISC,MISC,125.9,OurAirports,2026-10-03,NO
NT,YLLC,Lilla Creek Airport,-25.55791,134.07114,MISC,MISC,118.4,OurAirports,2026-10-03,NO
NT,YLLC,Lilla Creek Airport,-25.55791,134.07114,MISC,MISC,119.6,OurAirports,2026-10-03,NO
NT,YLLC,Lilla Creek Airport,-25.55791,134.07114,CTAF,CTAF,119.8,OurAirports,2026-10-03,NO
NT,YLIM,Limbunya Airport,-17.2355995178,129.882003784,MISC,MISC,118.4,OurAirports,2026-10-03,NO
NT,YLIM,Limbunya Airport,-17.2355995178,129.882003784,MISC,MISC,119.6,OurAirports,2026-10-03,NO
NT,YLIM,Limbunya Airport,-17.2355995178,129.882003784,CTAF,CTAF,134.2,OurAirports,2026-10-03,NO
NT,YLUC,Lucy Creek Airport,-22.466699600219727,136.26699829101562,MISC,MISC,118.4,OurAirports,2026-10-03,NO
NT,YLUC,Lucy Creek Airport,-22.466699600219727,136.26699829101562,MISC,MISC,119.6,OurAirports,2026-10-03,NO
NT,YLUC,Lucy Creek Airport,-22.466699600219727,136.26699829101562,CTAF,CTAF,119.8,OurAirports,2026-10-03,NO
NT,YMDS,Macdonald Downs Airport,-22.444000244099996,135.199005127,MISC,MISC,118.4,OurAirports,2026-10-03,NO
NT,YMDS,Macdonald Downs Airport,-22.444000244099996,135.199005127,MISC,MISC,119.6,OurAirports,2026-10-03,NO
NT,YMDS,Macdonald Downs Airport,-22.444000244099996,135.199005127,CTAF,CTAF,119.8,OurAirports,2026-10-03,NO
NT,YMDS,Macdonald Downs Airport,-22.444000244099996,135.199005127,MISC,MISC,124.1,OurAirports,2026-10-03,NO
NT,YMDS,Macdonald Downs Airport,-22.444000244099996,135.199005127,MISC,MISC,124.3,OurAirports,2026-10-03,NO
NT,YMYH,Mallapunyah Springs Airport,-16.966699600219727,135.7830047607422,MISC,MISC,118.4,OurAirports,2026-10-03,NO
NT,YMYH,Mallapunyah Springs Airport,-16.966699600219727,135.7830047607422,MISC,MISC,119.6,OurAirports,2026-10-03,NO
NT,YMYH,Mallapunyah Springs Airport,-16.966699600219727,135.7830047607422,CTAF,CTAF,134.4,OurAirports,2026-10-03,NO
NT,YMGD,Maningrida Airport,-12.0560998917,134.23399353,FSS,BRISBANE CNTR,123.4,OurAirports,2026-10-03,NO
NT,YMGD,Maningrida Airport,-12.0560998917,134.23399353,CTAF,CTAF,127.5,OurAirports,2026-10-03,NO
NT,YMCR,Manners Creek Airport,-22.100000381469727,137.98300170898438,MISC,MISC,120,OurAirports,2026-10-03,NO
NT,YMCR,Manners Creek Airport,-22.100000381469727,137.98300170898438,MISC,MISC,120.6,OurAirports,2026-10-03,NO
NT,YMCR,Manners Creek Airport,-22.100000381469727,137.98300170898438,CTAF,CTAF,122.4,OurAirports,2026-10-03,NO
NT,YMCR,Manners Creek Airport,-22.100000381469727,137.98300170898438,MISC,MISC,123.4,OurAirports,2026-10-03,NO
NT,YMKA,Mararanka Homestead Airport,-14.928779,133.135457,MISC,MISC,121.2,OurAirports,2026-10-03,NO
NT,YMKA,Mararanka Homestead Airport,-14.928779,133.135457,CTAF,CTAF,122.6,OurAirports,2026-10-03,NO
NT,YMQA,Marqua Airport,-22.80579948425293,137.25100708007812,CTAF,CTAF,118.6,OurAirports,2026-10-03,NO
NT,YMQA,Marqua Airport,-22.80579948425293,137.25100708007812,MISC,MISC,120,OurAirports,2026-10-03,NO
NT,YMQA,Marqua Airport,-22.80579948425293,137.25100708007812,MISC,MISC,120.2,OurAirports,2026-10-03,NO
NT,YMYV,Maryvale Airport,-24.647992,134.026358,MISC,MISC,121.2,OurAirports,2026-10-03,NO
NT,YMYV,Maryvale Airport,-24.647992,134.026358,CTAF,CTAF,122.6,OurAirports,2026-10-03,NO
NT,YMHU,McArthur River Mine Airport,-16.4424991608,136.083999634,CTAF,CTAF,126.7,OurAirports,2026-10-03,NO
NT,YMHU,McArthur River Mine Airport,-16.4424991608,136.083999634,FSS,BRISBANE CNTR,128.5,OurAirports,2026-10-03,NO
NT,YMEI,Mereenie Airport,-23.976699829101562,131.56199645996094,CTAF,CTAF,118.4,OurAirports,2026-10-03,NO
NT,YMEI,Mereenie Airport,-23.976699829101562,131.56199645996094,MISC,MISC,122.6,OurAirports,2026-10-03,NO
NT,YMGB,Milingimbi Airport,-12.0944004059,134.893997192,FSS,BRISBANE CNTR,123.4,OurAirports,2026-10-03,NO
NT,YMGB,Milingimbi Airport,-12.0944004059,134.893997192,CTAF,CTAF,127.5,OurAirports,2026-10-03,NO
NT,YMPK,Milton Park Airport,-23.358252,133.004007,MISC,MISC,119.5,OurAirports,2026-10-03,NO
NT,YMPK,Milton Park Airport,-23.358252,133.004007,CTAF,CTAF,122.4,OurAirports,2026-10-03,NO
NT,YMIJ,Minjilang Airport,-11.160058,132.539549,MISC,MISC,118.15,OurAirports,2026-10-03,NO
NT,YMIJ,Minjilang Airport,-11.160058,132.539549,CTAF,CTAF,126.7,OurAirports,2026-10-03,NO
NT,YMTA,Mittebah Airport,-18.8093,137.0815,CTAF,CTAF,122.1,OurAirports,2026-10-03,NO
NT,YMTA,Mittebah Airport,-18.8093,137.0815,MISC,MISC,132.9,OurAirports,2026-10-03,NO
NT,YOOO,Mooloola Homestead Airport,-16.33329963684082,131.5,CTAF,CTAF,122.6,OurAirports,2026-10-03,NO
NT,YOOO,Mooloola Homestead Airport,-16.33329963684082,131.5,MISC,MISC,132.9,OurAirports,2026-10-03,NO
NT,YMNA,Mount Allan Airport,-22.274999618530273,132.2169952392578,CTAF,CTAF,124.8,OurAirports,2026-10-03,NO
NT,YMNA,Mount Allan Airport,-22.274999618530273,132.2169952392578,MISC,MISC,124.8,OurAirports,2026-10-03,NO
NT,YMUE,Mount Borradale Airport,-12.097731,132.888479,CTAF,CTAF,124.1,OurAirports,2026-10-03,NO
NT,YMUE,Mount Borradale Airport,-12.097731,132.888479,MISC,MISC,124.8,OurAirports,2026-10-03,NO
NT,YMDY,Mount Bundey Airport,-12.890000343322754,131.9080047607422,FSS,BRISBANE CNTR,124.1,OurAirports,2026-10-03,NO
NT,YMDY,Mount Bundey Airport,-12.890000343322754,131.9080047607422,CTAF,CTAF,126.7,OurAirports,2026-10-03,NO
NT,YMNN,Mount Denison Airport,-22.141700744628906,132.07000732421875,CTAF,CTAF,119.8,OurAirports,2026-10-03,NO
NT,YMNN,Mount Denison Airport,-22.141700744628906,132.07000732421875,MISC,MISC,124.8,OurAirports,2026-10-03,NO
NT,YMBZ,Mount Ebenezer Airport,-25.169763,132.643107,CTAF,CTAF,119.8,OurAirports,2026-10-03,NO
NT,YMBZ,Mount Ebenezer Airport,-25.169763,132.643107,MISC,MISC,124.8,OurAirports,2026-10-03,NO
NT,YLBG,Mount Liebig Airport,-23.24329948425293,131.25999450683594,CTAF,CTAF,118.4,OurAirports,2026-10-03,NO
NT,YLBG,Mount Liebig Airport,-23.24329948425293,131.25999450683594,MISC,MISC,122.1,OurAirports,2026-10-03,NO
NT,YMDK,Mount Riddock Airport,-23.033300399780273,134.68299865722656,CTAF,CTAF,119.8,OurAirports,2026-10-03,NO
NT,YMDK,Mount Riddock Airport,-23.033300399780273,134.68299865722656,MISC,MISC,124.8,OurAirports,2026-10-03,NO
NT,YMSF,Mount Sanford Station Airport,-16.978300094604492,130.55499267578125,MISC,MISC,124.8,OurAirports,2026-10-03,NO
NT,YMSF,Mount Sanford Station Airport,-16.978300094604492,130.55499267578125,CTAF,CTAF,134.2,OurAirports,2026-10-03,NO
NT,YMSK,Mount Skinner Airport,-22.187801,134.171648,CTAF,CTAF,120.7,OurAirports,2026-10-03,NO
NT,YMSK,Mount Skinner Airport,-22.187801,134.171648,MISC,MISC,124.8,OurAirports,2026-10-03,NO
NT,YMNS,Mount Swan Airport,-22.624696,135.034512,CTAF,CTAF,120.7,OurAirports,2026-10-03,NO
NT,YMNS,Mount Swan Airport,-22.624696,135.034512,MISC,MISC,124.8,OurAirports,2026-10-03,NO
NT,YMVY,Mount Valley Airport,-14.0833,133.817001,CTAF,CTAF,122.6,OurAirports,2026-10-03,NO
NT,YMVY,Mount Valley Airport,-14.0833,133.817001,MISC,MISC,124.8,OurAirports,2026-10-03,NO
NT,YMUP,Mulga Park Airport,-25.860000610399997,131.649993896,MISC,MISC,124.8,OurAirports,2026-10-03,NO
NT,YMUP,Mulga Park Airport,-25.860000610399997,131.649993896,CTAF,CTAF,125.7,OurAirports,2026-10-03,NO
NT,YMYW,Murray Downs Airport,-21.04829978942871,134.68299865722656,CTAF,CTAF,122.1,OurAirports,2026-10-03,NO
NT,YMYW,Murray Downs Airport,-21.04829978942871,134.68299865722656,MISC,MISC,124.3,OurAirports,2026-10-03,NO
NT,YNAB,Nabarlek Airport,-12.308300018310547,133.31300354003906,MISC,MISC,120,OurAirports,2026-10-03,NO
NT,YNAB,Nabarlek Airport,-12.308300018310547,133.31300354003906,CTAF,CTAF,124.1,OurAirports,2026-10-03,NO
NT,YNPB,Napperby Airport,-22.5312,132.7632,CTAF,CTAF,119.8,OurAirports,2026-10-03,NO
NT,YNPB,Napperby Airport,-22.5312,132.7632,MISC,MISC,120,OurAirports,2026-10-03,NO
NT,YNWT,Narwietooma Airport,-23.228786,132.629378,MISC,MISC,119.6,OurAirports,2026-10-03,NO
NT,YNWT,Narwietooma Airport,-23.228786,132.629378,MISC,MISC,125.4,OurAirports,2026-10-03,NO
NT,YNWT,Narwietooma Airport,-23.228786,132.629378,CTAF,CTAF,126.7,OurAirports,2026-10-03,NO
NT,YNES,Nelson Springs Airport,-17.299999237060547,129.2830047607422,MISC,MISC,119.6,OurAirports,2026-10-03,NO
NT,YNES,Nelson Springs Airport,-17.299999237060547,129.2830047607422,MISC,MISC,125.4,OurAirports,2026-10-03,NO
NT,YNES,Nelson Springs Airport,-17.299999237060547,129.2830047607422,CTAF,CTAF,126.7,OurAirports,2026-10-03,NO
NT,YNCS,New Crown Airport,-25.679926,134.838553,MISC,MISC,119.6,OurAirports,2026-10-03,NO
NT,YNCS,New Crown Airport,-25.679926,134.838553,CTAF,CTAF,119.8,OurAirports,2026-10-03,NO
NT,YNCS,New Crown Airport,-25.679926,134.838553,MISC,MISC,125.4,OurAirports,2026-10-03,NO
NT,YNHV,New Haven Airport,-22.728300094604492,131.14500427246094,MISC,MISC,119.6,OurAirports,2026-10-03,NO
NT,YNHV,New Haven Airport,-22.728300094604492,131.14500427246094,CTAF,CTAF,119.8,OurAirports,2026-10-03,NO
NT,YNHV,New Haven Airport,-22.728300094604492,131.14500427246094,MISC,MISC,125.4,OurAirports,2026-10-03,NO
NT,YNGU,Ngukurr Airport,-14.7228,134.746994,FSS,BRISBANE CNTR,122.6,OurAirports,2026-10-03,NO
NT,YNGU,Ngukurr Airport,-14.7228,134.746994,CTAF,CTAF,126.7,OurAirports,2026-10-03,NO
NT,YNUJ,Nudjaburra Airport,-17.966699600219727,137.93299865722656,MISC,MISC,119.6,OurAirports,2026-10-03,NO
NT,YNUJ,Nudjaburra Airport,-17.966699600219727,137.93299865722656,CTAF,CTAF,124.2,OurAirports,2026-10-03,NO
NT,YNUJ,Nudjaburra Airport,-17.966699600219727,137.93299865722656,MISC,MISC,128.1,OurAirports,2026-10-03,NO
NT,YNUM,Numbulwar Airport,-14.2717,135.716995,FSS,BRISBANE CNTR,122.2,OurAirports,2026-10-03,NO
NT,YNUM,Numbulwar Airport,-14.2717,135.716995,CTAF,CTAF,126.7,OurAirports,2026-10-03,NO
NT,YNUE,Numery Airport,-23.983299255371094,135.39999389648438,MISC,MISC,119.6,OurAirports,2026-10-03,NO
NT,YNUE,Numery Airport,-23.983299255371094,135.39999389648438,CTAF,CTAF,122.2,OurAirports,2026-10-03,NO
NT,YNUE,Numery Airport,-23.983299255371094,135.39999389648438,MISC,MISC,128.1,OurAirports,2026-10-03,NO
NT,YNUT,Nutwood Downs Airport,-15.8074,134.1459,MISC,MISC,119.6,OurAirports,2026-10-03,NO
NT,YNUT,Nutwood Downs Airport,-15.8074,134.1459,CTAF,CTAF,122.2,OurAirports,2026-10-03,NO
NT,YNUT,Nutwood Downs Airport,-15.8074,134.1459,MISC,MISC,128.1,OurAirports,2026-10-03,NO
NT,YNRR,Nyrripi Airport,-22.645299911499023,130.56500244140625,MISC,MISC,119.6,OurAirports,2026-10-03,NO
NT,YNRR,Nyrripi Airport,-22.645299911499023,130.56500244140625,CTAF,CTAF,121.85,OurAirports,2026-10-03,NO
NT,YNRR,Nyrripi Airport,-22.645299911499023,130.56500244140625,MISC,MISC,128.1,OurAirports,2026-10-03,NO
NT,YOEN,Oenpelli Airport,-12.325,133.005997,FSS,BRISBANE CNTR,124.1,OurAirports,2026-10-03,NO
NT,YOEN,Oenpelli Airport,-12.325,133.005997,CTAF,KAKADU AREA,126.7,OurAirports,2026-10-03,NO
NT,YOAD,Old Andado Airport,-25.38330078125,135.41700744628906,CTAF,CTAF,119.8,OurAirports,2026-10-03,NO
NT,YOAD,Old Andado Airport,-25.38330078125,135.41700744628906,MISC,MISC,124.1,OurAirports,2026-10-03,NO
NT,YORT,Ooratippra Airport,-21.905799865722656,136.06900024414062,MISC,MISC,120.6,OurAirports,2026-10-03,NO
NT,YORT,Ooratippra Airport,-21.905799865722656,136.06900024414062,MISC,MISC,120.7,OurAirports,2026-10-03,NO
NT,YORT,Ooratippra Airport,-21.905799865722656,136.06900024414062,CTAF,CTAF,122.1,OurAirports,2026-10-03,NO
NT,YPME,Palmer Airport,-12.83329963684082,130.93299865722656,CTAF,CTAF,118.15,OurAirports,2026-10-03,NO
NT,YPME,Palmer Airport,-12.83329963684082,130.93299865722656,MISC,MISC,120.6,OurAirports,2026-10-03,NO
NT,YPME,Palmer Airport,-12.83329963684082,130.93299865722656,MISC,MISC,120.7,OurAirports,2026-10-03,NO
NT,YPUA,Palumpa Airport,-14.339982,129.864062,CTAF,CTAF,118.15,OurAirports,2026-10-03,NO
NT,YPUA,Palumpa Airport,-14.339982,129.864062,MISC,MISC,120.6,OurAirports,2026-10-03,NO
NT,YPUA,Palumpa Airport,-14.339982,129.864062,MISC,MISC,120.7,OurAirports,2026-10-03,NO
NT,YPAY,Papunya Airport,-23.246700286865234,131.9029998779297,MISC,MISC,120.6,OurAirports,2026-10-03,NO
NT,YPAY,Papunya Airport,-23.246700286865234,131.9029998779297,MISC,MISC,120.7,OurAirports,2026-10-03,NO
NT,YPAY,Papunya Airport,-23.246700286865234,131.9029998779297,CTAF,CTAF,125.4,OurAirports,2026-10-03,NO
NT,YPGH,Pigeon Hole Airport,-16.820474,131.205577,MISC,MISC,123.05,OurAirports,2026-10-03,NO
NT,YPGH,Pigeon Hole Airport,-16.820474,131.205577,CTAF,CTAF,134.2,OurAirports,2026-10-03,NO
NT,YPNC,Pine Creek Airport,-13.825914,131.845764,CTAF,CTAF,122.6,OurAirports,2026-10-03,NO
NT,YPNC,Pine Creek Airport,-13.825914,131.845764,MISC,MISC,123.05,OurAirports,2026-10-03,NO
NT,YPKT,Port Keats Airport,-14.249701,129.529538,FSS,BRISBANE CNTR,118.15,OurAirports,2026-10-03,NO
NT,YPKT,Port Keats Airport,-14.249701,129.529538,CTAF,CTAF,126.7,OurAirports,2026-10-03,NO
NT,YRBT,Rabbit Flat Airport,-20.183300018310547,130.01699829101562,MISC,MISC,119.6,OurAirports,2026-10-03,NO
NT,YRBT,Rabbit Flat Airport,-20.183300018310547,130.01699829101562,MISC,MISC,123.9,OurAirports,2026-10-03,NO
NT,YRBT,Rabbit Flat Airport,-20.183300018310547,130.01699829101562,CTAF,CTAF,132.1,OurAirports,2026-10-03,NO
NT,YRNG,Ramingining Airport,-12.356399536132812,134.8979949951172,FSS,BRISBANE CNTR,123.4,OurAirports,2026-10-03,NO
NT,YRNG,Ramingining Airport,-12.356399536132812,134.8979949951172,CTAF,CTAF,126.7,OurAirports,2026-10-03,NO
NT,YRRR,Raymangirr Airport,-12.33329963684082,135.64999389648438,MISC,MISC,119.6,OurAirports,2026-10-03,NO
NT,YRRR,Raymangirr Airport,-12.33329963684082,135.64999389648438,CTAF,CTAF,123.4,OurAirports,2026-10-03,NO
NT,YRRR,Raymangirr Airport,-12.33329963684082,135.64999389648438,MISC,MISC,123.9,OurAirports,2026-10-03,NO
NT,YRBM,Redbank Mine Airport,-17.183300018310547,137.76699829101562,MISC,MISC,119.6,OurAirports,2026-10-03,NO
NT,YRBM,Redbank Mine Airport,-17.183300018310547,137.76699829101562,CTAF,CTAF,123.4,OurAirports,2026-10-03,NO
NT,YRBM,Redbank Mine Airport,-17.183300018310547,137.76699829101562,MISC,MISC,123.9,OurAirports,2026-10-03,NO
NT,YRNW,Ringwood Airport,-23.82830047607422,134.96200561523438,CTAF,CTAF,119.8,OurAirports,2026-10-03,NO
NT,YRNW,Ringwood Airport,-23.82830047607422,134.96200561523438,MISC,MISC,122.3,OurAirports,2026-10-03,NO
NT,YRNW,Ringwood Airport,-23.82830047607422,134.96200561523438,MISC,MISC,124.3,OurAirports,2026-10-03,NO
NT,YRVE,Riveren Airport,-17.899999618530273,130.2169952392578,MISC,MISC,122.3,OurAirports,2026-10-03,NO
NT,YRVE,Riveren Airport,-17.899999618530273,130.2169952392578,MISC,MISC,124.3,OurAirports,2026-10-03,NO
NT,YRVE,Riveren Airport,-17.899999618530273,130.2169952392578,CTAF,CTAF,134.2,OurAirports,2026-10-03,NO
NT,YRBR,Robinson River Airport,-16.7182998657,136.945007324,CTAF,CTAF,121.8,OurAirports,2026-10-03,NO
NT,YRBR,Robinson River Airport,-16.7182998657,136.945007324,MISC,MISC,122.3,OurAirports,2026-10-03,NO
NT,YRBR,Robinson River Airport,-16.7182998657,136.945007324,MISC,MISC,124.3,OurAirports,2026-10-03,NO
NT,YRRB,Roper Bar Airport,-14.734814,134.525485,MISC,MISC,122.3,OurAirports,2026-10-03,NO
NT,YRRB,Roper Bar Airport,-14.734814,134.525485,CTAF,CTAF,122.4,OurAirports,2026-10-03,NO
NT,YRRB,Roper Bar Airport,-14.734814,134.525485,MISC,MISC,124.3,OurAirports,2026-10-03,NO
NT,YROV,Ross River Airport,-23.599199295043945,134.51699829101562,CTAF,CTAF,119.8,OurAirports,2026-10-03,NO
NT,YROV,Ross River Airport,-23.599199295043945,134.51699829101562,MISC,MISC,122.3,OurAirports,2026-10-03,NO
NT,YROV,Ross River Airport,-23.599199295043945,134.51699829101562,MISC,MISC,124.3,OurAirports,2026-10-03,NO
NT,YSAI,Saipem Airport,-23.700000762939453,131.86700439453125,MISC,MISC,122.4,OurAirports,2026-10-03,NO
NT,YSAI,Saipem Airport,-23.700000762939453,131.86700439453125,CTAF,CTAF,123.4,OurAirports,2026-10-03,NO
NT,YSMP,Smith Point Airport,-11.133566,132.15957,CTAF,CTAF,122.1,OurAirports,2026-10-03,NO
NT,YSMP,Smith Point Airport,-11.133566,132.15957,MISC,MISC,122.1,OurAirports,2026-10-03,NO
NT,YSNB,Snake Bay Airport,-11.417674,130.648481,FSS,BRISBANE CNTR,118.15,OurAirports,2026-10-03,NO
NT,YSNB,Snake Bay Airport,-11.417674,130.648481,CTAF,CTAF,126.7,OurAirports,2026-10-03,NO
NT,YGBI,South Goulburn Is Airport,-11.65,133.382004,MISC,MISC,124.1,OurAirports,2026-10-03,NO
NT,YGBI,South Goulburn Is Airport,-11.65,133.382004,CTAF,CTAF,126.7,OurAirports,2026-10-03,NO
NT,YSUJ,Supplejack Downs Airport,-19.266700744628906,129.9499969482422,MISC,MISC,120.6,OurAirports,2026-10-03,NO
NT,YSUJ,Supplejack Downs Airport,-19.266700744628906,129.9499969482422,MISC,MISC,122.1,OurAirports,2026-10-03,NO
NT,YSUJ,Supplejack Downs Airport,-19.266700744628906,129.9499969482422,CTAF,CTAF,126.7,OurAirports,2026-10-03,NO
NT,YTMN,Tanami Airport,-19.91670036315918,129.72500610351562,MISC,MISC,120.6,OurAirports,2026-10-03,NO
NT,YTMN,Tanami Airport,-19.91670036315918,129.72500610351562,MISC,MISC,122.1,OurAirports,2026-10-03,NO
NT,YTMN,Tanami Airport,-19.91670036315918,129.72500610351562,CTAF,CTAF,132.1,OurAirports,2026-10-03,NO
NT,YTAN,Tanami Downs Airport,-20.573654174804688,129.74012756347656,MISC,MISC,120.6,OurAirports,2026-10-03,NO
NT,YTAN,Tanami Downs Airport,-20.573654174804688,129.74012756347656,MISC,MISC,122.1,OurAirports,2026-10-03,NO
NT,YTAN,Tanami Downs Airport,-20.573654174804688,129.74012756347656,CTAF,CTAF,126.7,OurAirports,2026-10-03,NO
NT,YTNR,Tanumbirini Airport,-16.450000762939453,134.64999389648438,CTAF,CTAF,118.1,OurAirports,2026-10-03,NO
NT,YTNR,Tanumbirini Airport,-16.450000762939453,134.64999389648438,MISC,MISC,120.6,OurAirports,2026-10-03,NO
NT,YTNR,Tanumbirini Airport,-16.450000762939453,134.64999389648438,MISC,MISC,122.1,OurAirports,2026-10-03,NO
NT,YTLT,Tarlton Downs Airport,-22.63330078125,136.8000030517578,MISC,MISC,120.6,OurAirports,2026-10-03,NO
NT,YTLT,Tarlton Downs Airport,-22.63330078125,136.8000030517578,MISC,MISC,122.1,OurAirports,2026-10-03,NO
NT,YTLT,Tarlton Downs Airport,-22.63330078125,136.8000030517578,CTAF,CTAF,122.4,OurAirports,2026-10-03,NO
NT,YTNK,Tennant Creek Airport,-19.6343994140625,134.18299865722656,FSS,BRISBANE CNTR,122.1,OurAirports,2026-10-03,NO
NT,YTNK,Tennant Creek Airport,-19.6343994140625,134.18299865722656,CTAF,CTAF,126.7,OurAirports,2026-10-03,NO
NT,YGDR,The Garden Airport,-23.286699295043945,134.44000244140625,CTAF,CTAF,119.8,OurAirports,2026-10-03,NO
NT,YGDR,The Garden Airport,-23.286699295043945,134.44000244140625,MISC,MISC,120.6,OurAirports,2026-10-03,NO
NT,YGDR,The Garden Airport,-23.286699295043945,134.44000244140625,MISC,MISC,122.1,OurAirports,2026-10-03,NO
NT,YTGT,The Granites Airport,-20.5483,130.347,MISC,MISC,120.6,OurAirports,2026-10-03,NO
NT,YTGT,The Granites Airport,-20.5483,130.347,MISC,MISC,122.1,OurAirports,2026-10-03,NO
NT,YTGT,The Granites Airport,-20.5483,130.347,CTAF,CTAF,132.1,OurAirports,2026-10-03,NO
NT,YTIT,Ti Tree Airport,-22.131701,133.419998,CTAF,CTAF,119.8,OurAirports,2026-10-03,NO
NT,YTIT,Ti Tree Airport,-22.131701,133.419998,MISC,MISC,132.9,OurAirports,2026-10-03,NO
NT,YTBR,Timber Creek Airport,-15.62,130.445007,CTAF,CTAF,122.6,OurAirports,2026-10-03,NO
NT,YTBR,Timber Creek Airport,-15.62,130.445007,MISC,MISC,132.9,OurAirports,2026-10-03,NO
NT,YPTN,Tindal Airport,-14.521100044250488,132.3780059814453,CTAF,CTAF,119.7,OurAirports,2026-10-03,NO
NT,YPTN,Tindal Airport,-14.521100044250488,132.3780059814453,TWR,TWR,119.7,OurAirports,2026-10-03,NO
NT,YPTN,Tindal Airport,-14.521100044250488,132.3780059814453,APP,APP,120.95,OurAirports,2026-10-03,NO
NT,YPTN,Tindal Airport,-14.521100044250488,132.3780059814453,FSS,BRISBANE CNTR,122.6,OurAirports,2026-10-03,NO
NT,YPTN,Tindal Airport,-14.521100044250488,132.3780059814453,CLD,CLNC DEL,128.1,OurAirports,2026-10-03,NO
NT,YPTN,Tindal Airport,-14.521100044250488,132.3780059814453,GND,GND,135.85,OurAirports,2026-10-03,NO
NT,YTMY,Tobermorey Airport,-22.255800247192383,137.9530029296875,MISC,MISC,120.6,OurAirports,2026-10-03,NO
NT,YTMY,Tobermorey Airport,-22.255800247192383,137.9530029296875,CTAF,CTAF,121.85,OurAirports,2026-10-03,NO
NT,YTMY,Tobermorey Airport,-22.255800247192383,137.9530029296875,MISC,MISC,122.6,OurAirports,2026-10-03,NO
NT,YUCH,Ucharonidge Airport,-17.672401428222656,134.24090576171875,MISC,MISC,119.6,OurAirports,2026-10-03,NO
NT,YUCH,Ucharonidge Airport,-17.672401428222656,134.24090576171875,CTAF,CTAF,125.7,OurAirports,2026-10-03,NO
NT,YUCH,Ucharonidge Airport,-17.672401428222656,134.24090576171875,MISC,MISC,125.9,OurAirports,2026-10-03,NO
NT,YUMB,Umbeara Airport,-25.746700286865234,133.70199584960938,MISC,MISC,119.6,OurAirports,2026-10-03,NO
NT,YUMB,Umbeara Airport,-25.746700286865234,133.70199584960938,CTAF,CTAF,125.7,OurAirports,2026-10-03,NO
NT,YUMB,Umbeara Airport,-25.746700286865234,133.70199584960938,MISC,MISC,125.9,OurAirports,2026-10-03,NO
NT,YUPG,Urapunga Airport,-14.705199,134.562424,MISC,MISC,119.6,OurAirports,2026-10-03,NO
NT,YUPG,Urapunga Airport,-14.705199,134.562424,CTAF,CTAF,122.6,OurAirports,2026-10-03,NO
NT,YUPG,Urapunga Airport,-14.705199,134.562424,MISC,MISC,125.9,OurAirports,2026-10-03,NO
NT,YUTP,Utopia Airport,-22.05500030517578,134.7899932861328,MISC,MISC,119.6,OurAirports,2026-10-03,NO
NT,YUTP,Utopia Airport,-22.05500030517578,134.7899932861328,CTAF,CTAF,119.8,OurAirports,2026-10-03,NO
NT,YUTP,Utopia Airport,-22.05500030517578,134.7899932861328,MISC,MISC,125.9,OurAirports,2026-10-03,NO
NT,YUTS,Utopia Station Airport,-22.233299255371094,134.5800018310547,MISC,MISC,119.6,OurAirports,2026-10-03,NO
NT,YUTS,Utopia Station Airport,-22.233299255371094,134.5800018310547,CTAF,CTAF,119.8,OurAirports,2026-10-03,NO
NT,YUTS,Utopia Station Airport,-22.233299255371094,134.5800018310547,MISC,MISC,125.9,OurAirports,2026-10-03,NO
NT,YVSH,Vashon Head Airport,-11.142987,131.981832,CTAF,CTAF,118.15,OurAirports,2026-10-03,NO
NT,YVSH,Vashon Head Airport,-11.142987,131.981832,MISC,MISC,119.6,OurAirports,2026-10-03,NO
NT,YVSH,Vashon Head Airport,-11.142987,131.981832,MISC,MISC,125.9,OurAirports,2026-10-03,NO
NT,YVNS,Vaughan Springs Airport,-22.33329963684082,130.86700439453125,MISC,MISC,119.6,OurAirports,2026-10-03,NO
NT,YVNS,Vaughan Springs Airport,-22.33329963684082,130.86700439453125,MISC,MISC,125.9,OurAirports,2026-10-03,NO
NT,YVNS,Vaughan Springs Airport,-22.33329963684082,130.86700439453125,CTAF,CTAF,132.1,OurAirports,2026-10-03,NO
NT,YVRD,Victoria River Downs Airport,-16.402124,131.004974,MISC,MISC,118.1,OurAirports,2026-10-03,NO
NT,YVRD,Victoria River Downs Airport,-16.402124,131.004974,CTAF,CTAF,126.7,OurAirports,2026-10-03,NO
NT,YWHL,Walhallow Airport,-17.778228,135.658241,MISC,MISC,119.6,OurAirports,2026-10-03,NO
NT,YWHL,Walhallow Airport,-17.778228,135.658241,MISC,MISC,124.3,OurAirports,2026-10-03,NO
NT,YWHL,Walhallow Airport,-17.778228,135.658241,CTAF,CTAF,134.4,OurAirports,2026-10-03,NO
NT,YWRV,Walker River Airport,-13.593299865722656,135.7550048828125,MISC,MISC,119.6,OurAirports,2026-10-03,NO
NT,YWRV,Walker River Airport,-13.593299865722656,135.7550048828125,CTAF,CTAF,122.2,OurAirports,2026-10-03,NO
NT,YWRV,Walker River Airport,-13.593299865722656,135.7550048828125,MISC,MISC,124.3,OurAirports,2026-10-03,NO
NT,YWLH,Wallara Ranch Airport,-24.649999618530273,132.31700134277344,CTAF,CTAF,118.6,OurAirports,2026-10-03,NO
NT,YWLH,Wallara Ranch Airport,-24.649999618530273,132.31700134277344,MISC,MISC,119.6,OurAirports,2026-10-03,NO
NT,YWLH,Wallara Ranch Airport,-24.649999618530273,132.31700134277344,MISC,MISC,124.3,OurAirports,2026-10-03,NO
NT,YWBI,Warrabri Airport,-21,134.39700317382812,MISC,MISC,119.6,OurAirports,2026-10-03,NO
NT,YWBI,Warrabri Airport,-21,134.39700317382812,CTAF,CTAF,122.1,OurAirports,2026-10-03,NO
NT,YWBI,Warrabri Airport,-21,134.39700317382812,MISC,MISC,124.3,OurAirports,2026-10-03,NO
NT,YWTL,Waterloo Airport,-16.6299991607666,129.32000732421875,MISC,MISC,119.6,OurAirports,2026-10-03,NO
NT,YWTL,Waterloo Airport,-16.6299991607666,129.32000732421875,CTAF,CTAF,122.4,OurAirports,2026-10-03,NO
NT,YWTL,Waterloo Airport,-16.6299991607666,129.32000732421875,MISC,MISC,124.3,OurAirports,2026-10-03,NO
NT,YWAC,Wauchope Airport,-20.640614,134.215276,MISC,MISC,119.6,OurAirports,2026-10-03,NO
NT,YWAC,Wauchope Airport,-20.640614,134.215276,CTAF,CTAF,122.4,OurAirports,2026-10-03,NO
NT,YWAC,Wauchope Airport,-20.640614,134.215276,MISC,MISC,124.3,OurAirports,2026-10-03,NO
NT,YWAV,Wave Hill Airport,-17.393299102783203,131.1179962158203,MISC,MISC,119.6,OurAirports,2026-10-03,NO
NT,YWAV,Wave Hill Airport,-17.393299102783203,131.1179962158203,MISC,MISC,124.3,OurAirports,2026-10-03,NO
NT,YWAV,Wave Hill Airport,-17.393299102783203,131.1179962158203,CTAF,CTAF,134.2,OurAirports,2026-10-03,NO
NT,YWLA,Willowra Airport,-21.27669906616211,132.6230010986328,CTAF,CTAF,120.5,OurAirports,2026-10-03,NO
NT,YWLA,Willowra Airport,-21.27669906616211,132.6230010986328,MISC,MISC,120.6,OurAirports,2026-10-03,NO
NT,YWLA,Willowra Airport,-21.27669906616211,132.6230010986328,MISC,MISC,120.7,OurAirports,2026-10-03,NO
NT,YWLA,Willowra Airport,-21.27669906616211,132.6230010986328,MISC,MISC,122.1,OurAirports,2026-10-03,NO
NT,YWCM,Wilson's Camp Airport,-20.10140037536621,129.12600708007812,MISC,MISC,120.6,OurAirports,2026-10-03,NO
NT,YWCM,Wilson's Camp Airport,-20.10140037536621,129.12600708007812,MISC,MISC,120.7,OurAirports,2026-10-03,NO
NT,YWCM,Wilson's Camp Airport,-20.10140037536621,129.12600708007812,CTAF,CTAF,123.9,OurAirports,2026-10-03,NO
NT,YWOR,Wollogorang Airport,-17.2199,137.93453,MISC,MISC,122.6,OurAirports,2026-10-03,NO
NT,YWOR,Wollogorang Airport,-17.2199,137.93453,CTAF,CTAF,125.7,OurAirports,2026-10-03,NO
NT,YAAL,Yarralin Airport,-16.44309,130.87884,MISC,MISC,119.6,OurAirports,2026-10-03,NO
NT,YAAL,Yarralin Airport,-16.44309,130.87884,MISC,MISC,122.4,OurAirports,2026-10-03,NO
NT,YAAL,Yarralin Airport,-16.44309,130.87884,CTAF,CTAF,134.2,OurAirports,2026-10-03,NO
NT,YYND,Yuendumu Airport,-22.2542,131.781998,FSS,MELBOURNE CNTR,119.8,OurAirports,2026-10-03,NO
NT,YYND,Yuendumu Airport,-22.2542,131.781998,CTAF,CTAF,126.7,OurAirports,2026-10-03,NO
QLD,YABI,Abingdon Downs Airport,-17.608814,143.183531,CTAF,CTAF,118.6,OurAirports,2026-10-03,NO
QLD,YABI,Abingdon Downs Airport,-17.608814,143.183531,MISC,MISC,119.6,OurAirports,2026-10-03,NO
QLD,YABI,Abingdon Downs Airport,-17.608814,143.183531,MISC,MISC,122.4,OurAirports,2026-10-03,NO
QLD,YALG,Adels Grove Airport,-18.694729,138.527727,MISC,MISC,119.6,OurAirports,2026-10-03,NO
QLD,YALG,Adels Grove Airport,-18.694729,138.527727,MISC,MISC,122.4,OurAirports,2026-10-03,NO
QLD,YALG,Adels Grove Airport,-18.694729,138.527727,CTAF,CTAF,125.7,OurAirports,2026-10-03,NO
QLD,YAWT,Agnes Water private Airport,-24.20224,151.8925,CTAF,CTAF,124.1,OurAirports,2026-10-03,NO
QLD,YAWT,Agnes Water private Airport,-24.20224,151.8925,MISC,MISC,125.7,OurAirports,2026-10-03,NO
QLD,YALH,Albilbah Airport,-24.712305,144.290861,CTAF,CTAF,122.1,OurAirports,2026-10-03,NO
QLD,YALH,Albilbah Airport,-24.712305,144.290861,MISC,MISC,125.7,OurAirports,2026-10-03,NO
QLD,YALY,Alderley Airport,-22.483299255371094,139.63299560546875,MISC,MISC,120.6,OurAirports,2026-10-03,NO
QLD,YALY,Alderley Airport,-22.483299255371094,139.63299560546875,CTAF,CTAF,124.2,OurAirports,2026-10-03,NO
QLD,YALY,Alderley Airport,-22.483299255371094,139.63299560546875,MISC,MISC,125.2,OurAirports,2026-10-03,NO
QLD,YAND,Answer Downs Airport,-21.66670036315918,140.98300170898438,MISC,MISC,121.2,OurAirports,2026-10-03,NO
QLD,YAND,Answer Downs Airport,-21.66670036315918,140.98300170898438,CTAF,CTAF,135.5,OurAirports,2026-10-03,NO
QLD,YAMC,Aramac Airport,-22.95788,145.249504,MISC,MISC,122.1,OurAirports,2026-10-03,NO
QLD,YAMC,Aramac Airport,-22.95788,145.249504,CTAF,CTAF,126.7,OurAirports,2026-10-03,NO
QLD,YACI,Arcadia Airport,-25.210916,148.668365,MISC,MISC,121.2,OurAirports,2026-10-03,NO
QLD,YACI,Arcadia Airport,-25.210916,148.668365,CTAF,CTAF,122.3,OurAirports,2026-10-03,NO
QLD,YAOR,Ardmore Airport,-21.649999618530273,139.18299865722656,CTAF,CTAF,122.4,OurAirports,2026-10-03,NO
QLD,YAOR,Ardmore Airport,-21.649999618530273,139.18299865722656,MISC,MISC,125.1,OurAirports,2026-10-03,NO
QLD,YAOR,Ardmore Airport,-21.649999618530273,139.18299865722656,MISC,MISC,125.7,OurAirports,2026-10-03,NO
QLD,YARI,Arizona 1 Airport,-21.66670036315918,141.56700134277344,CTAF,CTAF,118.6,OurAirports,2026-10-03,NO
QLD,YARI,Arizona 1 Airport,-21.66670036315918,141.56700134277344,MISC,MISC,125.1,OurAirports,2026-10-03,NO
QLD,YARI,Arizona 1 Airport,-21.66670036315918,141.56700134277344,MISC,MISC,125.7,OurAirports,2026-10-03,NO
QLD,YAML,Armraynald Airport,-17.954826,139.759794,MISC,MISC,120.6,OurAirports,2026-10-03,NO
QLD,YAML,Armraynald Airport,-17.954826,139.759794,CTAF,CTAF,125.7,OurAirports,2026-10-03,NO
QLD,YAML,Armraynald Airport,-17.954826,139.759794,MISC,MISC,125.75,OurAirports,2026-10-03,NO
QLD,YARY,Arrabury Airport,-26.69639,141.048718,CTAF,CTAF,118.8,OurAirports,2026-10-03,NO
QLD,YATN,Atherton Airport,-17.256402,145.511482,MISC,MISC,126.1,OurAirports,2026-10-03,NO
QLD,YATN,Atherton Airport,-17.256402,145.511482,CTAF,CTAF,126.7,OurAirports,2026-10-03,NO
QLD,YAUA,Augathella Airport,-25.7549991607666,146.58700561523438,MISC,MISC,120.15,OurAirports,2026-10-03,NO
QLD,YAUA,Augathella Airport,-25.7549991607666,146.58700561523438,CTAF,CTAF,124.8,OurAirports,2026-10-03,NO
QLD,YAGD,Augustus Downs Airport,-18.5087,139.882084,MISC,MISC,120.15,OurAirports,2026-10-03,NO
QLD,YAGD,Augustus Downs Airport,-18.5087,139.882084,CTAF,CTAF,125.7,OurAirports,2026-10-03,NO
QLD,YAUR,Aurukun Airport,-13.354019,141.720028,FSS,BRISBANE CNTR,122.1,OurAirports,2026-10-03,NO
QLD,YAUR,Aurukun Airport,-13.354019,141.720028,CTAF,CTAF,126.7,OurAirports,2026-10-03,NO
QLD,YAYR,Ayr Airport,-19.595832,147.324495,FSS,BRISBANE CNTR,120.55,OurAirports,2026-10-03,NO
QLD,YAYR,Ayr Airport,-19.595832,147.324495,CTAF,CTAF,126.7,OurAirports,2026-10-03,NO
QLD,YBAU,Badu Island Airport,-10.14955,142.173665,MISC,MISC,119.6,OurAirports,2026-10-03,NO
QLD,YBAU,Badu Island Airport,-10.14955,142.173665,CTAF,CTAF,120.3,OurAirports,2026-10-03,NO
QLD,YBAU,Badu Island Airport,-10.14955,142.173665,MISC,MISC,126.8,OurAirports,2026-10-03,NO
QLD,YLLE,Ballera Airport,-27.405633,141.809458,FSS,BRISBANE CNTR,118.8,OurAirports,2026-10-03,NO
QLD,YLLE,Ballera Airport,-27.405633,141.809458,CTAF,CTAF,126.7,OurAirports,2026-10-03,NO
QLD,YLLE,Ballera Airport,-27.405633,141.809458,UNIC,BALLERA UNICOM,126.7,OurAirports,2026-10-03,NO
QLD,YBNC,Bannockburn Airport,-21.799999237060547,145.08299255371094,CTAF,CTAF,118.4,OurAirports,2026-10-03,NO
QLD,YBNC,Bannockburn Airport,-21.799999237060547,145.08299255371094,MISC,MISC,132.1,OurAirports,2026-10-03,NO
QLD,YBAR,Barcaldine Airport,-23.566268,145.302086,FSS,BRISBANE CNTR,122.1,OurAirports,2026-10-03,NO
QLD,YBAR,Barcaldine Airport,-23.566268,145.302086,CTAF,CTAF,126.7,OurAirports,2026-10-03,NO
QLD,YBAW,Barkly Downs Airport,-20.4958333333,138.474722222,MISC,MISC,119.6,OurAirports,2026-10-03,NO
QLD,YBAW,Barkly Downs Airport,-20.4958333333,138.474722222,MISC,MISC,122.1,OurAirports,2026-10-03,NO
QLD,YBAW,Barkly Downs Airport,-20.4958333333,138.474722222,CTAF,CTAF,122.4,OurAirports,2026-10-03,NO
QLD,YBTV,Batavia Downs Airport,-12.6592,142.675003,CTAF,CTAF,122.1,OurAirports,2026-10-03,NO
QLD,YBTV,Batavia Downs Airport,-12.6592,142.675003,MISC,MISC,126.8,OurAirports,2026-10-03,NO
QLD,YBTS,Battery Downs Airport,-19.433300018310547,145.85000610351562,CTAF,CTAF,119.4,OurAirports,2026-10-03,NO
QLD,YBTS,Battery Downs Airport,-19.433300018310547,145.85000610351562,MISC,MISC,120.6,OurAirports,2026-10-03,NO
QLD,YBYW,Bayswater Airport,-25.450000762939453,145.58299255371094,MISC,MISC,120.6,OurAirports,2026-10-03,NO
QLD,YBYW,Bayswater Airport,-25.450000762939453,145.58299255371094,CTAF,CTAF,124.8,OurAirports,2026-10-03,NO
QLD,YBIE,Bedourie Airport,-24.3461,139.460007,FSS,BRISBANE CNTR,125.4,OurAirports,2026-10-03,NO
QLD,YBIE,Bedourie Airport,-24.3461,139.460007,CTAF,CTAF,126.7,OurAirports,2026-10-03,NO
QLD,YBLH,Bellalie Airport,-27.011318,142.958236,CTAF,CTAF,118.8,OurAirports,2026-10-03,NO
QLD,YBLH,Bellalie Airport,-27.011318,142.958236,MISC,MISC,120.6,OurAirports,2026-10-03,NO
QLD,YBEO,Betoota Airport,-25.694791,140.738339,MISC,MISC,120,OurAirports,2026-10-03,NO
QLD,YBEO,Betoota Airport,-25.694791,140.738339,CTAF,CTAF,125.4,OurAirports,2026-10-03,NO
QLD,YBIN,Biggenden Airport,-25.521259,152.046329,MISC,MISC,120,OurAirports,2026-10-03,NO
QLD,YBIN,Biggenden Airport,-25.521259,152.046329,CTAF,CTAF,124.1,OurAirports,2026-10-03,NO
QLD,YBDV,Birdsville Airport,-25.897499084472656,139.34800720214844,FSS,BRISBANE CNTR,125.4,OurAirports,2026-10-03,NO
QLD,YBDV,Birdsville Airport,-25.897499084472656,139.34800720214844,CTAF,CTAF,126.7,OurAirports,2026-10-03,NO
QLD,YBIZ,Bizant Airport,-14.7402777778,144.119444444,CTAF,CTAF,118.2,OurAirports,2026-10-03,NO
QLD,YBIZ,Bizant Airport,-14.7402777778,144.119444444,MISC,MISC,119.6,OurAirports,2026-10-03,NO
QLD,YBIZ,Bizant Airport,-14.7402777778,144.119444444,MISC,MISC,125.4,OurAirports,2026-10-03,NO
QLD,YBCK,Blackall Airport,-24.431678,145.429716,FSS,BRISBANE CNTR,122.1,OurAirports,2026-10-03,NO
QLD,YBCK,Blackall Airport,-24.431678,145.429716,CTAF,CTAF,126.7,OurAirports,2026-10-03,NO
QLD,YBTR,Blackwater Airport,-23.6031,148.807007,FSS,BRISBANE CNTR,122.3,OurAirports,2026-10-03,NO
QLD,YBTR,Blackwater Airport,-23.6031,148.807007,CTAF,CTAF,126.7,OurAirports,2026-10-03,NO
QLD,YBMD,Bloomfield River Airport,-15.8736000061,145.330001831,MISC,MISC,120.6,OurAirports,2026-10-03,NO
QLD,YBMD,Bloomfield River Airport,-15.8736000061,145.330001831,MISC,MISC,122.1,OurAirports,2026-10-03,NO
QLD,YBMD,Bloomfield River Airport,-15.8736000061,145.330001831,CTAF,CTAF,122.3,OurAirports,2026-10-03,NO
QLD,YBOT,Boatman Airport,-27.269279,146.901841,MISC,MISC,120.6,OurAirports,2026-10-03,NO
QLD,YBOT,Boatman Airport,-27.269279,146.901841,MISC,MISC,122.1,OurAirports,2026-10-03,NO
QLD,YBOT,Boatman Airport,-27.269279,146.901841,CTAF,CTAF,124.8,OurAirports,2026-10-03,NO
QLD,YBOD,Bodalla Airport,-26.299999237060547,143.38299560546875,CTAF,CTAF,118.8,OurAirports,2026-10-03,NO
QLD,YBOD,Bodalla Airport,-26.299999237060547,143.38299560546875,MISC,MISC,120.6,OurAirports,2026-10-03,NO
QLD,YBOD,Bodalla Airport,-26.299999237060547,143.38299560546875,MISC,MISC,122.1,OurAirports,2026-10-03,NO
QLD,YBOI,Boigu Island Airport,-9.23278,142.218002,MISC,MISC,120.6,OurAirports,2026-10-03,NO
QLD,YBOI,Boigu Island Airport,-9.23278,142.218002,MISC,MISC,122.1,OurAirports,2026-10-03,NO
QLD,YBOI,Boigu Island Airport,-9.23278,142.218002,CTAF,CTAF,127.1,OurAirports,2026-10-03,NO
QLD,YBLL,Bollon Airport,-28.051247,147.481799,MISC,MISC,120.6,OurAirports,2026-10-03,NO
QLD,YBLL,Bollon Airport,-28.051247,147.481799,MISC,MISC,122.1,OurAirports,2026-10-03,NO
QLD,YBLL,Bollon Airport,-28.051247,147.481799,CTAF,CTAF,124.8,OurAirports,2026-10-03,NO
QLD,YBWR,Bolwarra Airport,-17.388299942,144.169006348,CTAF,CTAF,120.15,OurAirports,2026-10-03,NO
QLD,YBWR,Bolwarra Airport,-17.388299942,144.169006348,MISC,MISC,120.6,OurAirports,2026-10-03,NO
QLD,YBWR,Bolwarra Airport,-17.388299942,144.169006348,MISC,MISC,122.1,OurAirports,2026-10-03,NO
QLD,YBOA,Boonah Airport,-28.017922,152.675857,BRISBANE CENTRE,Brisbane Centre,119.5,OurAirports,2026-10-03,NO
QLD,YBOA,Boonah Airport,-28.017922,152.675857,CTAF,CTAF,122.75,OurAirports,2026-10-03,NO
QLD,YBOU,Boulia Airport,-22.913299560546875,139.89999389648438,FSS,BRISBANE CNTR,122.4,OurAirports,2026-10-03,NO
QLD,YBOU,Boulia Airport,-22.913299560546875,139.89999389648438,CTAF,CTAF,126.7,OurAirports,2026-10-03,NO
QLD,YBWN,Bowen Airport,-20.017999,148.215245,MISC,MISC,120.2,OurAirports,2026-10-03,NO
QLD,YBWN,Bowen Airport,-20.017999,148.215245,CTAF,CTAF,126.7,OurAirports,2026-10-03,NO
QLD,YBWN,Bowen Airport,-20.017999,148.215245,MISC,MISC,135.5,OurAirports,2026-10-03,NO
QLD,YBWT,Bowthorn Airport,-18.08329963684082,138.27499389648438,MISC,MISC,120.2,OurAirports,2026-10-03,NO
QLD,YBWT,Bowthorn Airport,-18.08329963684082,138.27499389648438,CTAF,CTAF,125.7,OurAirports,2026-10-03,NO
QLD,YBWT,Bowthorn Airport,-18.08329963684082,138.27499389648438,MISC,MISC,135.5,OurAirports,2026-10-03,NO
QLD,YBPI,Brampton Island Airport,-20.804633,149.279931,CTAF,CTAF,135.5,OurAirports,2026-10-03,NO
QLD,YBAF,Brisbane Archerfield Airport,-27.572351,153.004167,CTAF,CTAF,118.1,OurAirports,2026-10-03,NO
QLD,YBAF,Brisbane Archerfield Airport,-27.572351,153.004167,TWR,ARCHER TWR,118.1,OurAirports,2026-10-03,NO
QLD,YBAF,Brisbane Archerfield Airport,-27.572351,153.004167,GND,GND,119.9,OurAirports,2026-10-03,NO
QLD,YBAF,Brisbane Archerfield Airport,-27.572351,153.004167,ATIS,ATIS,120.9,OurAirports,2026-10-03,NO
QLD,YBAF,Brisbane Archerfield Airport,-27.572351,153.004167,FSS,RADAR,125.7,OurAirports,2026-10-03,NO
QLD,YBBN,Brisbane International Airport,-27.384199142456055,153.11700439453125,CLD,CLNC DEL,118.6,OurAirports,2026-10-03,NO
QLD,YBBN,Brisbane International Airport,-27.384199142456055,153.11700439453125,TWR,TWR,120.5,OurAirports,2026-10-03,NO
QLD,YBBN,Brisbane International Airport,-27.384199142456055,153.11700439453125,GND,GND,121.7,OurAirports,2026-10-03,NO
QLD,YBBN,Brisbane International Airport,-27.384199142456055,153.11700439453125,A/D,APP/DEP,124.35,OurAirports,2026-10-03,NO
QLD,YBBN,Brisbane International Airport,-27.384199142456055,153.11700439453125,FSS,RADAR,125.7,OurAirports,2026-10-03,NO
QLD,YBGT,Budgerygar Airport,-25.3700008392334,143.7729949951172,MISC,MISC,119.6,OurAirports,2026-10-03,NO
QLD,YBGT,Budgerygar Airport,-25.3700008392334,143.7729949951172,CTAF,CTAF,122.1,OurAirports,2026-10-03,NO
QLD,YBGT,Budgerygar Airport,-25.3700008392334,143.7729949951172,MISC,MISC,122.6,OurAirports,2026-10-03,NO
QLD,YBWM,Bulimba Airport,-16.8808002472,143.479003906,MISC,MISC,119.6,OurAirports,2026-10-03,NO
QLD,YBWM,Bulimba Airport,-16.8808002472,143.479003906,CTAF,CTAF,122.1,OurAirports,2026-10-03,NO
QLD,YBWM,Bulimba Airport,-16.8808002472,143.479003906,MISC,MISC,122.6,OurAirports,2026-10-03,NO
QLD,YBUX,Bulleringa Airport,-17.649999618530273,143.8000030517578,MISC,MISC,119.6,OurAirports,2026-10-03,NO
QLD,YBUX,Bulleringa Airport,-17.649999618530273,143.8000030517578,CTAF,CTAF,120.15,OurAirports,2026-10-03,NO
QLD,YBUX,Bulleringa Airport,-17.649999618530273,143.8000030517578,MISC,MISC,122.6,OurAirports,2026-10-03,NO
QLD,YBUD,Bundaberg Airport,-24.905039,152.322612,FSS,BRISBANE CNTR,124.1,OurAirports,2026-10-03,NO
QLD,YBUD,Bundaberg Airport,-24.905039,152.322612,CTAF,CTAF,126.9,OurAirports,2026-10-03,NO
QLD,YBWI,Burdekin Falls Dam Airport,-20.59564,147.095504,MISC,MISC,119.6,OurAirports,2026-10-03,NO
QLD,YBWI,Burdekin Falls Dam Airport,-20.59564,147.095504,CTAF,CTAF,120,OurAirports,2026-10-03,NO
QLD,YBWI,Burdekin Falls Dam Airport,-20.59564,147.095504,MISC,MISC,124.1,OurAirports,2026-10-03,NO
QLD,YBKT,Burketown Airport,-17.748600006103516,139.53399658203125,FSS,BRISBANE CNTR,125.7,OurAirports,2026-10-03,NO
QLD,YBKT,Burketown Airport,-17.748600006103516,139.53399658203125,CTAF,CTAF,126.7,OurAirports,2026-10-03,NO
QLD,YBHK,Bushy Park Airport,-21.266700744628906,139.7169952392578,MISC,MISC,119.6,OurAirports,2026-10-03,NO
QLD,YBHK,Bushy Park Airport,-21.266700744628906,139.7169952392578,CTAF,CTAF,122.4,OurAirports,2026-10-03,NO
QLD,YBHK,Bushy Park Airport,-21.266700744628906,139.7169952392578,MISC,MISC,122.6,OurAirports,2026-10-03,NO
QLD,YCAB,Caboolture Airport,-27.076027,152.987376,MISC,BRISBANE CNTR,125.7,OurAirports,2026-10-03,NO
QLD,YCAB,Caboolture Airport,-27.076027,152.987376,CTAF,CTAF,125.85,OurAirports,2026-10-03,NO
QLD,YBCS,Cairns International Airport,-16.878921,145.74948,A/D,APP/DEP,118.4,OurAirports,2026-10-03,NO
QLD,YBCS,Cairns International Airport,-16.878921,145.74948,CLD,CLNC DEL,121.7,OurAirports,2026-10-03,NO
QLD,YBCS,Cairns International Airport,-16.878921,145.74948,GND,GND,121.7,OurAirports,2026-10-03,NO
QLD,YBCS,Cairns International Airport,-16.878921,145.74948,TWR,TWR,124.9,OurAirports,2026-10-03,NO
QLD,YCDV,Caldervale Station Airport,-25.108299255371094,146.83299255371094,CTAF,CTAF,124.8,OurAirports,2026-10-03,NO
QLD,YCDV,Caldervale Station Airport,-25.108299255371094,146.83299255371094,MISC,MISC,125,OurAirports,2026-10-03,NO
QLD,YCDR,Caloundra Airport,-26.80336,153.104975,MISC,MISC,119.6,OurAirports,2026-10-03,NO
QLD,YCDR,Caloundra Airport,-26.80336,153.104975,MISC,BRISBANE CNTR,125.7,OurAirports,2026-10-03,NO
QLD,YCDR,Caloundra Airport,-26.80336,153.104975,CTAF,CTAF,125.85,OurAirports,2026-10-03,NO
QLD,YCTS,Calton Hills Airport,-20.13330078125,139.41700744628906,MISC,MISC,119.6,OurAirports,2026-10-03,NO
QLD,YCTS,Calton Hills Airport,-20.13330078125,139.41700744628906,CTAF,CTAF,122.4,OurAirports,2026-10-03,NO
QLD,YCTS,Calton Hills Airport,-20.13330078125,139.41700744628906,MISC,MISC,125,OurAirports,2026-10-03,NO
QLD,YCMK,Camel Creek Airport,-18.857807,145.476481,CTAF,CTAF,119.8,OurAirports,2026-10-03,NO
QLD,YCMK,Camel Creek Airport,-18.857807,145.476481,MISC,MISC,120.6,OurAirports,2026-10-03,NO
QLD,YCMK,Camel Creek Airport,-18.857807,145.476481,MISC,MISC,124.55,OurAirports,2026-10-03,NO
QLD,YCMW,Camooweal Airport,-19.911699,138.125,CTAF,CTAF,119.8,OurAirports,2026-10-03,NO
QLD,YCMW,Camooweal Airport,-19.911699,138.125,MISC,MISC,120.6,OurAirports,2026-10-03,NO
QLD,YCMW,Camooweal Airport,-19.911699,138.125,MISC,MISC,124.55,OurAirports,2026-10-03,NO
QLD,YCAM,Cannington Station Airport,-21.875,140.89999389648438,CTAF,CTAF,120,OurAirports,2026-10-03,NO
QLD,YCAM,Cannington Station Airport,-21.875,140.89999389648438,MISC,MISC,125.9,OurAirports,2026-10-03,NO
QLD,YCFL,Cape Flattery Airport,-14.970832,145.311667,CTAF,CTAF,118.2,OurAirports,2026-10-03,NO
QLD,YCFL,Cape Flattery Airport,-14.970832,145.311667,MISC,MISC,125.9,OurAirports,2026-10-03,NO
QLD,YCDT,Carandotta Airport,-21.966699600219727,138.61700439453125,CTAF,CTAF,122.4,OurAirports,2026-10-03,NO
QLD,YCDT,Carandotta Airport,-21.966699600219727,138.61700439453125,MISC,MISC,125.9,OurAirports,2026-10-03,NO
QLD,YCPN,Carpentaria Downs Airport,-18.718481,144.313028,CTAF,CTAF,119.8,OurAirports,2026-10-03,NO
QLD,YCPN,Carpentaria Downs Airport,-18.718481,144.313028,MISC,MISC,127.1,OurAirports,2026-10-03,NO
QLD,YCNY,Century Mine Airport,-18.759331,138.709651,FSS,BRISBANE CNTR,125.7,OurAirports,2026-10-03,NO
QLD,YCNY,Century Mine Airport,-18.759331,138.709651,CTAF,CTAF,126.7,OurAirports,2026-10-03,NO
QLD,YBCV,Charleville Airport,-26.4132995605,146.261993408,FSS,BRISBANE CNTR,124.8,OurAirports,2026-10-03,NO
QLD,YBCV,Charleville Airport,-26.4132995605,146.261993408,CTAF,CTAF,126.7,OurAirports,2026-10-03,NO
QLD,YBCV,Charleville Airport,-26.4132995605,146.261993408,UNIC,SOUTH WEST AIR BASE,126.7,OurAirports,2026-10-03,NO
QLD,YCHT,Charters Towers Airport,-20.0431,146.272995,FSS,BRISBANE CNTR,120.55,OurAirports,2026-10-03,NO
QLD,YCHT,Charters Towers Airport,-20.0431,146.272995,CTAF,CTAF,126.7,OurAirports,2026-10-03,NO
QLD,YCTH,Chatsworth Airport,-21.966699600219727,140.3000030517578,MISC,MISC,119.4,OurAirports,2026-10-03,NO
QLD,YCTH,Chatsworth Airport,-21.966699600219727,140.3000030517578,CTAF,CTAF,120,OurAirports,2026-10-03,NO
QLD,YCTH,Chatsworth Airport,-21.966699600219727,140.3000030517578,MISC,MISC,125.3,OurAirports,2026-10-03,NO
QLD,YCHB,Cherrabah Airport,-28.4301,152.08895,MISC,MISC,119.4,OurAirports,2026-10-03,NO
QLD,YCHB,Cherrabah Airport,-28.4301,152.08895,CTAF,CTAF,121.2,OurAirports,2026-10-03,NO
QLD,YCHB,Cherrabah Airport,-28.4301,152.08895,MISC,MISC,125.3,OurAirports,2026-10-03,NO
QLD,YCDS,Childers Airport,-25.2530800689,152.335395813,MISC,MISC,119.4,OurAirports,2026-10-03,NO
QLD,YCDS,Childers Airport,-25.2530800689,152.335395813,CTAF,CTAF,124.1,OurAirports,2026-10-03,NO
QLD,YCDS,Childers Airport,-25.2530800689,152.335395813,MISC,MISC,125.3,OurAirports,2026-10-03,NO
QLD,YCGO,Chillagoe Airport,-17.138386,144.528494,FSS,BRISBANE CNTR,120.15,OurAirports,2026-10-03,NO
QLD,YCGO,Chillagoe Airport,-17.138386,144.528494,CTAF,CTAF,126.7,OurAirports,2026-10-03,NO
QLD,YCCA,Chinchilla Airport,-26.771947,150.617571,FSS,BRISBANE CNTR,123.9,OurAirports,2026-10-03,NO
QLD,YCCA,Chinchilla Airport,-26.771947,150.617571,CTAF,CTAF,126.7,OurAirports,2026-10-03,NO
QLD,YCMT,Clermont Airport,-22.7731,147.621002,FSS,BRISBANE CNTR,122.3,OurAirports,2026-10-03,NO
QLD,YCMT,Clermont Airport,-22.7731,147.621002,CTAF,CTAF,126.7,OurAirports,2026-10-03,NO
QLD,YCFN,Clifton Airport,-27.927507,151.848178,CTAF,CTAF,121.2,OurAirports,2026-10-03,NO
QLD,YCFN,Clifton Airport,-27.927507,151.848178,MULTICOM,Multicom,126.7,OurAirports,2026-10-03,NO
QLD,YCCY,Cloncurry Airport,-20.668600082399998,140.503997803,FSS,BRISBANE CNTR,122.4,OurAirports,2026-10-03,NO
QLD,YCCY,Cloncurry Airport,-20.668600082399998,140.503997803,CTAF,CTAF,126.7,OurAirports,2026-10-03,NO
QLD,YUNY,Cluny Airport,-24.516700744628906,139.61700439453125,MISC,MISC,119.6,OurAirports,2026-10-03,NO
QLD,YUNY,Cluny Airport,-24.516700744628906,139.61700439453125,MISC,MISC,122.4,OurAirports,2026-10-03,NO
QLD,YUNY,Cluny Airport,-24.516700744628906,139.61700439453125,CTAF,CTAF,125.4,OurAirports,2026-10-03,NO
QLD,YCCT,Coconut Island Airport,-10.050139,143.070007,MISC,MISC,122.2,OurAirports,2026-10-03,NO
QLD,YCCT,Coconut Island Airport,-10.050139,143.070007,MISC,MISC,125.8,OurAirports,2026-10-03,NO
QLD,YCCT,Coconut Island Airport,-10.050139,143.070007,CTAF,CTAF,126.7,OurAirports,2026-10-03,NO
QLD,YCOE,Coen Airport,-13.761133,143.113311,FSS,BRISBANE CNTR,118.2,OurAirports,2026-10-03,NO
QLD,YCOE,Coen Airport,-13.761133,143.113311,CTAF,CTAF,126.7,OurAirports,2026-10-03,NO
QLD,YCSV,Collinsville Airport,-20.59670066833496,147.86000061035156,MISC,MISC,123,OurAirports,2026-10-03,NO
QLD,YCSV,Collinsville Airport,-20.59670066833496,147.86000061035156,MISC,MISC,125.8,OurAirports,2026-10-03,NO
QLD,YCSV,Collinsville Airport,-20.59670066833496,147.86000061035156,MISC,MISC,135.5,OurAirports,2026-10-03,NO
QLD,YCJU,Conjuboy Airport,-18.68515,144.748292,CTAF,CTAF,119.8,OurAirports,2026-10-03,NO
QLD,YCJU,Conjuboy Airport,-18.68515,144.748292,MISC,MISC,120.6,OurAirports,2026-10-03,NO
QLD,YCJU,Conjuboy Airport,-18.68515,144.748292,MISC,MISC,123.9,OurAirports,2026-10-03,NO
QLD,YCSL,Consuelo Airport,-24.652244,148.4697,MISC,MISC,120.6,OurAirports,2026-10-03,NO
QLD,YCSL,Consuelo Airport,-24.652244,148.4697,CTAF,CTAF,122.3,OurAirports,2026-10-03,NO
QLD,YCSL,Consuelo Airport,-24.652244,148.4697,MISC,MISC,123.9,OurAirports,2026-10-03,NO
QLD,YCKN,Cooktown Airport,-15.443649,145.183221,CTAF,CTAF,126.7,OurAirports,2026-10-03,NO
QLD,YCKN,Cooktown Airport,-15.443649,145.183221,FSS,BRISBANE CNTR,134.65,OurAirports,2026-10-03,NO
QLD,YCXA,Cooloola Village Airpark,-25.977335,153.003759,MISC,MISC,119.5,OurAirports,2026-10-03,NO
QLD,YCXA,Cooloola Village Airpark,-25.977335,153.003759,MISC,MISC,120.6,OurAirports,2026-10-03,NO
QLD,YCXA,Cooloola Village Airpark,-25.977335,153.003759,CTAF,CTAF,124.6,OurAirports,2026-10-03,NO
QLD,YCWN,Corowa Downs Airport,-26.466699600219727,143.35000610351562,CTAF,CTAF,118.8,OurAirports,2026-10-03,NO
QLD,YCWN,Corowa Downs Airport,-26.466699600219727,143.35000610351562,MISC,MISC,119.6,OurAirports,2026-10-03,NO
QLD,YCWN,Corowa Downs Airport,-26.466699600219727,143.35000610351562,MISC,MISC,125.2,OurAirports,2026-10-03,NO
QLD,YCRY,Croydon Airport,-18.225000381469727,142.25799560546875,MISC,MISC,118.6,OurAirports,2026-10-03,NO
QLD,YCRY,Croydon Airport,-18.225000381469727,142.25799560546875,MISC,MISC,119.5,OurAirports,2026-10-03,NO
QLD,YCRY,Croydon Airport,-18.225000381469727,142.25799560546875,CTAF,CTAF,119.6,OurAirports,2026-10-03,NO
QLD,YCYT,Crystal Brook Airport,-17.38330078125,144.4499969482422,MISC,MISC,119.5,OurAirports,2026-10-03,NO
QLD,YCYT,Crystal Brook Airport,-17.38330078125,144.4499969482422,CTAF,CTAF,120.15,OurAirports,2026-10-03,NO
QLD,YCUD,Cuddapan Airport,-25.59000015258789,141.50799560546875,CTAF,CTAF,119.5,OurAirports,2026-10-03,NO
QLD,YCMU,Cunnamulla Airport,-28.030000686645508,145.6219940185547,FSS,BRISBANE CNTR,124.8,OurAirports,2026-10-03,NO
QLD,YCMU,Cunnamulla Airport,-28.030000686645508,145.6219940185547,CTAF,CTAF,126.7,OurAirports,2026-10-03,NO
QLD,YDAG,Dagworth Airport,-17.940673,143.594985,MISC,MISC,119.6,OurAirports,2026-10-03,NO
QLD,YDAG,Dagworth Airport,-17.940673,143.594985,CTAF,CTAF,120,OurAirports,2026-10-03,NO
QLD,YDAG,Dagworth Airport,-17.940673,143.594985,MISC,MISC,124.8,OurAirports,2026-10-03,NO
QLD,YDAJ,Dajarra Airport,-21.70829963684082,139.5330047607422,MISC,MISC,122.4,OurAirports,2026-10-03,NO
QLD,YDAJ,Dajarra Airport,-21.70829963684082,139.5330047607422,CTAF,CTAF,126.7,OurAirports,2026-10-03,NO
QLD,YDAY,Dalby Airport,-27.158476,151.263428,FSS,BRISBANE CNTR,121.2,OurAirports,2026-10-03,NO
QLD,YDAY,Dalby Airport,-27.158476,151.263428,CTAF,CTAF,126.7,OurAirports,2026-10-03,NO
QLD,YDNI,Darnley Island Airport,-9.579176,143.780276,MISC,MISC,120.6,OurAirports,2026-10-03,NO
QLD,YDNI,Darnley Island Airport,-9.579176,143.780276,MISC,MISC,121.2,OurAirports,2026-10-03,NO
QLD,YDNI,Darnley Island Airport,-9.579176,143.780276,CTAF,CTAF,126,OurAirports,2026-10-03,NO
QLD,YDPD,Davenport Downs Airport,-24.149999618530273,141.10800170898438,MISC,MISC,120.6,OurAirports,2026-10-03,NO
QLD,YDPD,Davenport Downs Airport,-24.149999618530273,141.10800170898438,MISC,MISC,121.2,OurAirports,2026-10-03,NO
QLD,YDPD,Davenport Downs Airport,-24.149999618530273,141.10800170898438,CTAF,CTAF,126,OurAirports,2026-10-03,NO
QLD,YDLT,Delta Downs Airport,-16.99169921875,141.31700134277344,MISC,MISC,120.6,OurAirports,2026-10-03,NO
QLD,YDLT,Delta Downs Airport,-16.99169921875,141.31700134277344,MISC,MISC,121.2,OurAirports,2026-10-03,NO
QLD,YDLT,Delta Downs Airport,-16.99169921875,141.31700134277344,CTAF,CTAF,126.5,OurAirports,2026-10-03,NO
QLD,YDEV,Devoncourt Airport,-21.216699600219727,140.23300170898438,MISC,MISC,118.6,OurAirports,2026-10-03,NO
QLD,YDEV,Devoncourt Airport,-21.216699600219727,140.23300170898438,CTAF,CTAF,122.4,OurAirports,2026-10-03,NO
QLD,YDIM,Dimbulah Airport,-17.128651,145.09577,CTAF,CTAF,120.15,OurAirports,2026-10-03,NO
QLD,YDIM,Dimbulah Airport,-17.128651,145.09577,MISC,MISC,120.7,OurAirports,2026-10-03,NO
QLD,YDIM,Dimbulah Airport,-17.128651,145.09577,MISC,MISC,122.3,OurAirports,2026-10-03,NO
QLD,YDBI,Dirranbandi Airport,-28.587912,148.217161,FSS,BRISBANE CNTR,118.95,OurAirports,2026-10-03,NO
QLD,YDBI,Dirranbandi Airport,-28.587912,148.217161,CTAF,CTAF,126.7,OurAirports,2026-10-03,NO
QLD,YDIX,Dixie Airport,-15.1174944348,143.316049576,CTAF,CTAF,118.2,OurAirports,2026-10-03,NO
QLD,YDIX,Dixie Airport,-15.1174944348,143.316049576,MISC,MISC,120.7,OurAirports,2026-10-03,NO
QLD,YDIX,Dixie Airport,-15.1174944348,143.316049576,MISC,MISC,122.3,OurAirports,2026-10-03,NO
QLD,YDOP,Donnington Airpark,-19.602078,146.843204,CTAF,CTAF,119.4,OurAirports,2026-10-03,NO
QLD,YDOP,Donnington Airpark,-19.602078,146.843204,MISC,MISC,120.7,OurAirports,2026-10-03,NO
QLD,YDOP,Donnington Airpark,-19.602078,146.843204,MISC,MISC,122.3,OurAirports,2026-10-03,NO
QLD,YDOO,Donors Hill Airport,-18.708776,140.553846,CTAF,CTAF,118.6,OurAirports,2026-10-03,NO
QLD,YDOO,Donors Hill Airport,-18.708776,140.553846,MISC,MISC,120.7,OurAirports,2026-10-03,NO
QLD,YDOO,Donors Hill Airport,-18.708776,140.553846,MISC,MISC,122.3,OurAirports,2026-10-03,NO
QLD,YDMG,Doomadgee Airport,-17.9403,138.822006,FSS,BRISBANE CNTR,125.7,OurAirports,2026-10-03,NO
QLD,YDMG,Doomadgee Airport,-17.9403,138.822006,CTAF,CTAF,126.7,OurAirports,2026-10-03,NO
QLD,YDNB,Doongmabulla Airport,-22.065948,146.244063,CTAF,CTAF,122.3,OurAirports,2026-10-03,NO
QLD,YDNB,Doongmabulla Airport,-22.065948,146.244063,MISC,MISC,125.7,OurAirports,2026-10-03,NO
QLD,YDOR,Dorunda Airport,-16.5537,141.8238,MISC,MISC,118.6,OurAirports,2026-10-03,NO
QLD,YDOR,Dorunda Airport,-16.5537,141.8238,CTAF,CTAF,126.7,OurAirports,2026-10-03,NO
QLD,YDDF,Drumduff Airport,-16.052124,143.013339,CTAF,CTAF,118.2,OurAirports,2026-10-03,NO
QLD,YDDF,Drumduff Airport,-16.052124,143.013339,MISC,MISC,118.6,OurAirports,2026-10-03,NO
QLD,YDBR,Dunbar Airport,-16.047394,142.394415,CTAF,CTAF,118.2,OurAirports,2026-10-03,NO
QLD,YDBR,Dunbar Airport,-16.047394,142.394415,MISC,MISC,121.3,OurAirports,2026-10-03,NO
QLD,YDBR,Dunbar Airport,-16.047394,142.394415,MISC,MISC,123.9,OurAirports,2026-10-03,NO
QLD,YDKI,Dunk Island Airport,-17.93913,146.141447,MISC,MISC,121.3,OurAirports,2026-10-03,NO
QLD,YDKI,Dunk Island Airport,-17.93913,146.141447,MISC,MISC,123.9,OurAirports,2026-10-03,NO
QLD,YDKI,Dunk Island Airport,-17.93913,146.141447,CTAF,CTAF,124.6,OurAirports,2026-10-03,NO
QLD,YDUN,Dunwich Airport,-27.519005,153.427618,MISC,MISC,121.3,OurAirports,2026-10-03,NO
QLD,YDUN,Dunwich Airport,-27.519005,153.427618,MISC,MISC,123.9,OurAirports,2026-10-03,NO
QLD,YDUN,Dunwich Airport,-27.519005,153.427618,CTAF,CTAF,125.7,OurAirports,2026-10-03,NO
QLD,YDRH,Durham Downs Airport,-27.075000762939453,141.89999389648438,MISC,MISC,121.3,OurAirports,2026-10-03,NO
QLD,YDRH,Durham Downs Airport,-27.075000762939453,141.89999389648438,MISC,MISC,123.9,OurAirports,2026-10-03,NO
QLD,YDRH,Durham Downs Airport,-27.075000762939453,141.89999389648438,CTAF,CTAF,125.7,OurAirports,2026-10-03,NO
QLD,YDRI,Durrie Airport,-25.684999465942383,140.22799682617188,MISC,MISC,121.3,OurAirports,2026-10-03,NO
QLD,YDRI,Durrie Airport,-25.684999465942383,140.22799682617188,MISC,MISC,123.9,OurAirports,2026-10-03,NO
QLD,YDRI,Durrie Airport,-25.684999465942383,140.22799682617188,CTAF,CTAF,125.7,OurAirports,2026-10-03,NO
QLD,YDNV,Dynevor Downs Airport,-28.094095,144.364986,CTAF,CTAF,118.8,OurAirports,2026-10-03,NO
QLD,YDNV,Dynevor Downs Airport,-28.094095,144.364986,MISC,MISC,121.3,OurAirports,2026-10-03,NO
QLD,YDNV,Dynevor Downs Airport,-28.094095,144.364986,MISC,MISC,123.9,OurAirports,2026-10-03,NO
QLD,YDYS,Dysart Airport,-22.6222,148.363998,CTAF,CTAF,126.7,OurAirports,2026-10-03,NO
QLD,YDYS,Dysart Airport,-22.6222,148.363998,FSS,BRISBANE CNTR,128.55,OurAirports,2026-10-03,NO
QLD,YEIN,Einasleigh Airport,-18.503299713100002,144.093994141,CTAF,CTAF,119.8,OurAirports,2026-10-03,NO
QLD,YEIN,Einasleigh Airport,-18.503299713100002,144.093994141,MISC,MISC,122.8,OurAirports,2026-10-03,NO
QLD,YEIN,Einasleigh Airport,-18.503299713100002,144.093994141,MISC,MISC,126.8,OurAirports,2026-10-03,NO
QLD,YEML,Emerald Airport,-23.5674991608,148.179000854,FSS,BRISBANE CNTR,122.3,OurAirports,2026-10-03,NO
QLD,YEML,Emerald Airport,-23.5674991608,148.179000854,CTAF,CTAF,126.7,OurAirports,2026-10-03,NO
QLD,YEMP,Emu Park Authorised Landing Area,-23.255188,150.81439,MISC,MISC,120.6,OurAirports,2026-10-03,NO
QLD,YEMP,Emu Park Authorised Landing Area,-23.255188,150.81439,MISC,MISC,122.3,OurAirports,2026-10-03,NO
QLD,YEMP,Emu Park Authorised Landing Area,-23.255188,150.81439,CTAF,CTAF,132.2,OurAirports,2026-10-03,NO
QLD,YENO,Enoggera Barracks,-27.427531,152.971571,MISC,MISC,120.6,OurAirports,2026-10-03,NO
QLD,YENO,Enoggera Barracks,-27.427531,152.971571,MISC,MISC,122.3,OurAirports,2026-10-03,NO
QLD,YENO,Enoggera Barracks,-27.427531,152.971571,CTAF,CTAF,125.7,OurAirports,2026-10-03,NO
QLD,YEPL,Epsilon Airport,-28.294707,141.197743,CTAF,CTAF,119.5,OurAirports,2026-10-03,NO
QLD,YEPL,Epsilon Airport,-28.294707,141.197743,MISC,MISC,120.6,OurAirports,2026-10-03,NO
QLD,YEPL,Epsilon Airport,-28.294707,141.197743,MISC,MISC,122.3,OurAirports,2026-10-03,NO
QLD,YEMG,Eromanga Airport,-26.7000007629,143.266998291,CTAF,CTAF,118.8,OurAirports,2026-10-03,NO
QLD,YEMG,Eromanga Airport,-26.7000007629,143.266998291,MISC,MISC,120.6,OurAirports,2026-10-03,NO
QLD,YEMG,Eromanga Airport,-26.7000007629,143.266998291,MISC,MISC,122.3,OurAirports,2026-10-03,NO
QLD,YESC,Escott Airport,-17.725000381469727,139.41700744628906,MISC,MISC,125.7,OurAirports,2026-10-03,NO
QLD,YESC,Escott Airport,-17.725000381469727,139.41700744628906,CTAF,CTAF,126.7,OurAirports,2026-10-03,NO
QLD,YEUO,Eulo Airport,-28.16670036315918,145.04200744628906,CTAF,CTAF,124.8,OurAirports,2026-10-03,NO
QLD,YEUO,Eulo Airport,-28.16670036315918,145.04200744628906,MISC,MISC,125.7,OurAirports,2026-10-03,NO
QLD,YFSA,Forsayth Airport,-18.58658,143.565903,CTAF,CTAF,118.6,OurAirports,2026-10-03,NO
QLD,YFSA,Forsayth Airport,-18.58658,143.565903,MISC,MISC,119.6,OurAirports,2026-10-03,NO
QLD,YFSA,Forsayth Airport,-18.58658,143.565903,MISC,MISC,126.5,OurAirports,2026-10-03,NO
QLD,YGDV,Galdeville Airport,-20.249334,142.4393,MISC,MISC,118.6,OurAirports,2026-10-03,NO
QLD,YGDV,Galdeville Airport,-20.249334,142.4393,CTAF,CTAF,120,OurAirports,2026-10-03,NO
QLD,YGWD,Galway Downs Airport,-25.188049,142.688777,CTAF,CTAF,118.8,OurAirports,2026-10-03,NO
QLD,YGWD,Galway Downs Airport,-25.188049,142.688777,MISC,MISC,119.6,OurAirports,2026-10-03,NO
QLD,YGWD,Galway Downs Airport,-25.188049,142.688777,MISC,MISC,126.5,OurAirports,2026-10-03,NO
QLD,YGAM,Gamboola Airport,-16.54412,143.668155,MISC,MISC,119.6,OurAirports,2026-10-03,NO
QLD,YGAM,Gamboola Airport,-16.54412,143.668155,CTAF,CTAF,120.15,OurAirports,2026-10-03,NO
QLD,YGAM,Gamboola Airport,-16.54412,143.668155,MISC,MISC,126.5,OurAirports,2026-10-03,NO
QLD,YGAY,Gayndah Airport,-25.615939,151.62055,FSS,BRISBANE CNTR,124.1,OurAirports,2026-10-03,NO
QLD,YGAY,Gayndah Airport,-25.615939,151.62055,CTAF,CTAF,126.7,OurAirports,2026-10-03,NO
QLD,YGTN,Georgetown Airport,-18.302676,143.530925,FSS,BRISBANE CNTR,118.6,OurAirports,2026-10-03,NO
QLD,YGTN,Georgetown Airport,-18.302676,143.530925,CTAF,CTAF,126.7,OurAirports,2026-10-03,NO
QLD,YGLA,Gladstone Airport,-23.869763,151.225439,CTAF,CTAF,118.8,OurAirports,2026-10-03,NO
QLD,YGLA,Gladstone Airport,-23.869763,151.225439,FSS,BRISBANE CNTR,119.55,OurAirports,2026-10-03,NO
QLD,YGGL,Glen Garland Airport,-14.866700172424316,143.2830047607422,CTAF,CTAF,118.2,OurAirports,2026-10-03,NO
QLD,YGGL,Glen Garland Airport,-14.866700172424316,143.2830047607422,MISC,MISC,120.7,OurAirports,2026-10-03,NO
QLD,YGGL,Glen Garland Airport,-14.866700172424316,143.2830047607422,MISC,MISC,122.4,OurAirports,2026-10-03,NO
QLD,YGRU,Glen Ruth Airport,-18.08329963684082,145.39999389648438,CTAF,CTAF,120.15,OurAirports,2026-10-03,NO
QLD,YGRU,Glen Ruth Airport,-18.08329963684082,145.39999389648438,MISC,MISC,125.3,OurAirports,2026-10-03,NO
QLD,YGRU,Glen Ruth Airport,-18.08329963684082,145.39999389648438,MISC,MISC,134.2,OurAirports,2026-10-03,NO
QLD,YGLE,Glengyle Airport,-24.808300018310547,139.60000610351562,MISC,MISC,125.4,OurAirports,2026-10-03,NO
QLD,YGLE,Glengyle Airport,-24.808300018310547,139.60000610351562,CTAF,CTAF,126.7,OurAirports,2026-10-03,NO
QLD,YGLO,Glenormiston Airport,-22.8883,138.824997,CTAF,CTAF,122.4,OurAirports,2026-10-03,NO
QLD,YGLO,Glenormiston Airport,-22.8883,138.824997,MISC,MISC,125.4,OurAirports,2026-10-03,NO
QLD,YBCG,Gold Coast Airport,-28.165962,153.506641,CTAF,CTAF,118.7,OurAirports,2026-10-03,NO
QLD,YBCG,Gold Coast Airport,-28.165962,153.506641,TWR,Tower,118.7,OurAirports,2026-10-03,NO
QLD,YBCG,Gold Coast Airport,-28.165962,153.506641,FIA,Brisbane Center,119.5,OurAirports,2026-10-03,NO
QLD,YBCG,Gold Coast Airport,-28.165962,153.506641,SMC,Ground,121.8,OurAirports,2026-10-03,NO
QLD,YBCG,Gold Coast Airport,-28.165962,153.506641,ACD,Clearance Delivery,128.75,OurAirports,2026-10-03,NO
QLD,YBCG,Gold Coast Airport,-28.165962,153.506641,ATIS,ATIS (TWR HR),134.5,OurAirports,2026-10-03,NO
QLD,YGDI,Goondiwindi Airport,-28.5214,150.320007,FSS,BRISBANE CNTR,123.9,OurAirports,2026-10-03,NO
QLD,YGDI,Goondiwindi Airport,-28.5214,150.320007,CTAF,CTAF,126.7,OurAirports,2026-10-03,NO
QLD,YGNA,Granada Airport,-20.100000381469727,140.36700439453125,CTAF,CTAF,122.4,OurAirports,2026-10-03,NO
QLD,YGNA,Granada Airport,-20.100000381469727,140.36700439453125,MISC,MISC,122.4,OurAirports,2026-10-03,NO
QLD,YGNA,Granada Airport,-20.100000381469727,140.36700439453125,MISC,MISC,122.6,OurAirports,2026-10-03,NO
QLD,YGKL,Great Keppel Is Airport,-23.184575,150.94164,CTAF,CTAF,120.7,OurAirports,2026-10-03,NO
QLD,YGKL,Great Keppel Is Airport,-23.184575,150.94164,MISC,MISC,122.4,OurAirports,2026-10-03,NO
QLD,YGKL,Great Keppel Is Airport,-23.184575,150.94164,MISC,MISC,122.6,OurAirports,2026-10-03,NO
QLD,YGNV,Greenvale Airport,-18.9966,145.0136,CTAF,CTAF,119.8,OurAirports,2026-10-03,NO
QLD,YGNV,Greenvale Airport,-18.9966,145.0136,MISC,MISC,122.4,OurAirports,2026-10-03,NO
QLD,YGNV,Greenvale Airport,-18.9966,145.0136,MISC,MISC,122.6,OurAirports,2026-10-03,NO
QLD,YGDS,Gregory Downs Airport,-18.625,139.23300170898438,CTAF,CTAF,119.8,OurAirports,2026-10-03,NO
QLD,YGDS,Gregory Downs Airport,-18.625,139.23300170898438,MISC,MISC,122.4,OurAirports,2026-10-03,NO
QLD,YGDS,Gregory Downs Airport,-18.625,139.23300170898438,MISC,MISC,122.6,OurAirports,2026-10-03,NO
QLD,YGGS,Gregory Springs Airport,-19.710002,144.372999,CTAF,CTAF,119.8,OurAirports,2026-10-03,NO
QLD,YGGS,Gregory Springs Airport,-19.710002,144.372999,MISC,MISC,122.4,OurAirports,2026-10-03,NO
QLD,YGGS,Gregory Springs Airport,-19.710002,144.372999,MISC,MISC,122.6,OurAirports,2026-10-03,NO
QLD,YGUW,Gunnawarra Airport,-17.950000762939453,145.16700744628906,CTAF,CTAF,120.15,OurAirports,2026-10-03,NO
QLD,YGUW,Gunnawarra Airport,-17.950000762939453,145.16700744628906,MISC,MISC,126.8,OurAirports,2026-10-03,NO
QLD,YGPR,Gunpowder Airport,-19.700000762939453,139.36700439453125,CTAF,CTAF,122.4,OurAirports,2026-10-03,NO
QLD,YGPR,Gunpowder Airport,-19.700000762939453,139.36700439453125,MISC,MISC,122.4,OurAirports,2026-10-03,NO
QLD,YGPR,Gunpowder Airport,-19.700000762939453,139.36700439453125,MISC,MISC,127.1,OurAirports,2026-10-03,NO
QLD,YGYM,Gympie Airport,-26.290149,152.702998,CTAF,CTAF,126.7,OurAirports,2026-10-03,NO
QLD,YGYM,Gympie Airport,-26.290149,152.702998,FSS,BRISBANE CNTR,129,OurAirports,2026-10-03,NO
QLD,YBHM,Hamilton Island Airport,-20.3581008911,148.95199585,TWR,TWR,118.7,OurAirports,2026-10-03,NO
QLD,YBHM,Hamilton Island Airport,-20.3581008911,148.95199585,CTAF,CTAF,126.7,OurAirports,2026-10-03,NO
QLD,YBHM,Hamilton Island Airport,-20.3581008911,148.95199585,FSS,BRISBANE CNTR,135.5,OurAirports,2026-10-03,NO
QLD,YHVH,Harvest Home Airport,-20.683446,146.638854,CTAF,CTAF,128.55,OurAirports,2026-10-03,NO
QLD,YHVH,Harvest Home Airport,-20.683446,146.638854,MISC,MISC,135.5,OurAirports,2026-10-03,NO
QLD,YHDY,Headingly Airport,-21.33329963684082,138.2830047607422,MISC,MISC,118.6,OurAirports,2026-10-03,NO
QLD,YHDY,Headingly Airport,-21.33329963684082,138.2830047607422,MISC,MISC,119.6,OurAirports,2026-10-03,NO
QLD,YHDY,Headingly Airport,-21.33329963684082,138.2830047607422,CTAF,CTAF,122.4,OurAirports,2026-10-03,NO
QLD,YHTL,Heathlands Airport,-11.7369,142.576996,MISC,MISC,118.6,OurAirports,2026-10-03,NO
QLD,YHTL,Heathlands Airport,-11.7369,142.576996,MISC,MISC,119.6,OurAirports,2026-10-03,NO
QLD,YHTL,Heathlands Airport,-11.7369,142.576996,CTAF,CTAF,122.1,OurAirports,2026-10-03,NO
QLD,YHEC,Heck Field Airport,-27.7675,153.339444,MISC,MISC,118.6,OurAirports,2026-10-03,NO
QLD,YHEC,Heck Field Airport,-27.7675,153.339444,MISC,MISC,119.6,OurAirports,2026-10-03,NO
QLD,YHEC,Heck Field Airport,-27.7675,153.339444,CTAF,CTAF,122.1,OurAirports,2026-10-03,NO
QLD,YHEG,Hells Gate Airport,-17.455555,138.348899,MISC,MISC,118.6,OurAirports,2026-10-03,NO
QLD,YHEG,Hells Gate Airport,-17.455555,138.348899,MISC,MISC,119.6,OurAirports,2026-10-03,NO
QLD,YHEG,Hells Gate Airport,-17.455555,138.348899,CTAF,CTAF,125.7,OurAirports,2026-10-03,NO
QLD,YHTN,Herberton Airport,-17.433300018310547,145.39999389648438,MISC,MISC,118.6,OurAirports,2026-10-03,NO
QLD,YHTN,Herberton Airport,-17.433300018310547,145.39999389648438,MISC,MISC,119.6,OurAirports,2026-10-03,NO
QLD,YHTN,Herberton Airport,-17.433300018310547,145.39999389648438,CTAF,CTAF,120.15,OurAirports,2026-10-03,NO
QLD,YHBA,Hervey Bay Airport,-25.320127,152.880662,FSS,BRISBANE CNTR,124.6,OurAirports,2026-10-03,NO
QLD,YHBA,Hervey Bay Airport,-25.320127,152.880662,CTAF,CTAF,126.55,OurAirports,2026-10-03,NO
QLD,YHAB,Hideaway Bay Airport,-20.103896,148.445892,MISC,MISC,122.8,OurAirports,2026-10-03,NO
QLD,YHAB,Hideaway Bay Airport,-20.103896,148.445892,MISC,MISC,124.6,OurAirports,2026-10-03,NO
QLD,YHAB,Hideaway Bay Airport,-20.103896,148.445892,CTAF,CTAF,135.5,OurAirports,2026-10-03,NO
QLD,YHHY,Highbury Airport,-16.424148,143.14534,CTAF,CTAF,118.6,OurAirports,2026-10-03,NO
QLD,YHHY,Highbury Airport,-16.424148,143.14534,MISC,MISC,122.8,OurAirports,2026-10-03,NO
QLD,YHHY,Highbury Airport,-16.424148,143.14534,MISC,MISC,124.6,OurAirports,2026-10-03,NO
QLD,YHOY,Hollins Bay Airport,-22.273807,150.040326,MISC,MISC,119.5,OurAirports,2026-10-03,NO
QLD,YHOY,Hollins Bay Airport,-22.273807,150.040326,CTAF,CTAF,120.7,OurAirports,2026-10-03,NO
QLD,YHID,Horn Island Airport,-10.585636,142.29277,FSS,BRISBANE CNTR,120.3,OurAirports,2026-10-03,NO
QLD,YHID,Horn Island Airport,-10.585636,142.29277,CTAF,CTAF,126.5,OurAirports,2026-10-03,NO
QLD,YHUG,Hughenden Airport,-20.815001,144.225006,FSS,BRISBANE CNTR,119.8,OurAirports,2026-10-03,NO
QLD,YHUG,Hughenden Airport,-20.815001,144.225006,CTAF,CTAF,126.7,OurAirports,2026-10-03,NO
QLD,YHRD,Hungerford Airport,-28.996261,144.452801,MISC,MISC,119.8,OurAirports,2026-10-03,NO
QLD,YHRD,Hungerford Airport,-28.996261,144.452801,MISC,MISC,120.6,OurAirports,2026-10-03,NO
QLD,YHRD,Hungerford Airport,-28.996261,144.452801,CTAF,CTAF,126.5,OurAirports,2026-10-03,NO
QLD,YIFY,Iffley Airport,-18.899999618530273,141.2169952392578,MISC,MISC,119.8,OurAirports,2026-10-03,NO
QLD,YIFY,Iffley Airport,-18.899999618530273,141.2169952392578,MISC,MISC,120.6,OurAirports,2026-10-03,NO
QLD,YIFY,Iffley Airport,-18.899999618530273,141.2169952392578,CTAF,CTAF,122.6,OurAirports,2026-10-03,NO
QLD,YING,Ingelara Airport,-24.997027028,148.333282471,MISC,MISC,119.8,OurAirports,2026-10-03,NO
QLD,YING,Ingelara Airport,-24.997027028,148.333282471,MISC,MISC,120.6,OurAirports,2026-10-03,NO
QLD,YING,Ingelara Airport,-24.997027028,148.333282471,CTAF,CTAF,122.3,OurAirports,2026-10-03,NO
QLD,YIGM,Ingham Airport,-18.664149,146.145804,FSS,BRISBANE CNTR,120.55,OurAirports,2026-10-03,NO
QLD,YIGM,Ingham Airport,-18.664149,146.145804,CTAF,CTAF,126.7,OurAirports,2026-10-03,NO
QLD,YILW,Inglewood Airport,-28.4188,151.0955,CTAF,CTAF,123.9,OurAirports,2026-10-03,NO
QLD,YILW,Inglewood Airport,-28.4188,151.0955,MISC,MISC,128.85,OurAirports,2026-10-03,NO
QLD,YINJ,Injune Airport,-25.851,148.5497,CTAF,CTAF,126,OurAirports,2026-10-03,NO
QLD,YINJ,Injune Airport,-25.851,148.5497,MISC,MISC,128.85,OurAirports,2026-10-03,NO
QLD,YIKM,Inkerman Airport,-16.229225,141.434607,CTAF,CTAF,118.6,OurAirports,2026-10-03,NO
QLD,YIKM,Inkerman Airport,-16.229225,141.434607,MISC,MISC,128.85,OurAirports,2026-10-03,NO
QLD,YIFL,Innisfail Airport,-17.559401,146.011993,FSS,BRISBANE CNTR,124.6,OurAirports,2026-10-03,NO
QLD,YIFL,Innisfail Airport,-17.559401,146.011993,CTAF,CTAF,126.7,OurAirports,2026-10-03,NO
QLD,YINV,Inverleigh Airport,-18.005244,140.535543,CTAF,CTAF,118.6,OurAirports,2026-10-03,NO
QLD,YINV,Inverleigh Airport,-18.005244,140.535543,MISC,MISC,127.1,OurAirports,2026-10-03,NO
QLD,YISD,Isis Downs Airport,-24.216283,144.626341,CTAF,CTAF,122.1,OurAirports,2026-10-03,NO
QLD,YISD,Isis Downs Airport,-24.216283,144.626341,MISC,MISC,127.1,OurAirports,2026-10-03,NO
QLD,YISF,Isisford Airport,-24.25830078125,144.4250030517578,FSS,BRISBANE CNTR,122.1,OurAirports,2026-10-03,NO
QLD,YISF,Isisford Airport,-24.25830078125,144.4250030517578,CTAF,CTAF,126.7,OurAirports,2026-10-03,NO
QLD,YJAK,Jackson Airport,-27.6382999420166,142.4080047607422,MISC,MISC,118.8,OurAirports,2026-10-03,NO
QLD,YJAK,Jackson Airport,-27.6382999420166,142.4080047607422,CTAF,CTAF,119.6,OurAirports,2026-10-03,NO
QLD,YJAK,Jackson Airport,-27.6382999420166,142.4080047607422,MISC,MISC,124.9,OurAirports,2026-10-03,NO
QLD,YJAK,Jackson Airport,-27.6382999420166,142.4080047607422,MISC,MISC,125.3,OurAirports,2026-10-03,NO
QLD,YJRO,Jericho Airport,-23.585154,146.132981,CTAF,CTAF,122.1,OurAirports,2026-10-03,NO
QLD,YJRO,Jericho Airport,-23.585154,146.132981,MISC,MISC,124.9,OurAirports,2026-10-03,NO
QLD,YJRO,Jericho Airport,-23.585154,146.132981,MISC,MISC,125.3,OurAirports,2026-10-03,NO
QLD,YJNY,Jonroy Airport,-16.5,144.39999389648438,CTAF,CTAF,120.15,OurAirports,2026-10-03,NO
QLD,YJNY,Jonroy Airport,-16.5,144.39999389648438,MISC,MISC,124.9,OurAirports,2026-10-03,NO
QLD,YJNY,Jonroy Airport,-16.5,144.39999389648438,MISC,MISC,125.3,OurAirports,2026-10-03,NO
QLD,YJWB,Jowalbinna Airport,-15.73330020904541,144.26699829101562,CTAF,CTAF,121.2,OurAirports,2026-10-03,NO
QLD,YJWB,Jowalbinna Airport,-15.73330020904541,144.26699829101562,MISC,MISC,124.9,OurAirports,2026-10-03,NO
QLD,YJWB,Jowalbinna Airport,-15.73330020904541,144.26699829101562,MISC,MISC,125.3,OurAirports,2026-10-03,NO
QLD,YJLC,Julia Creek Airport,-20.66830062866211,141.72300720214844,FSS,BRISBANE CNTR,123.95,OurAirports,2026-10-03,NO
QLD,YJLC,Julia Creek Airport,-20.66830062866211,141.72300720214844,CTAF,CTAF,126.7,OurAirports,2026-10-03,NO
QLD,YJDA,Jundah Airport,-24.838045,143.061962,CTAF,CTAF,122.1,OurAirports,2026-10-03,NO
QLD,YJDA,Jundah Airport,-24.838045,143.061962,MISC,MISC,126.7,OurAirports,2026-10-03,NO
QLD,YKIU,Kaiuroo Airport,-23.088925,149.431925,MISC,MISC,120,OurAirports,2026-10-03,NO
QLD,YKIU,Kaiuroo Airport,-23.088925,149.431925,MISC,MISC,120.6,OurAirports,2026-10-03,NO
QLD,YKIU,Kaiuroo Airport,-23.088925,149.431925,CTAF,CTAF,122.3,OurAirports,2026-10-03,NO
QLD,YKAJ,Kajabbi Airport,-20.033300399780273,140.0330047607422,MISC,MISC,120,OurAirports,2026-10-03,NO
QLD,YKAJ,Kajabbi Airport,-20.033300399780273,140.0330047607422,MISC,MISC,120.6,OurAirports,2026-10-03,NO
QLD,YKAJ,Kajabbi Airport,-20.033300399780273,140.0330047607422,CTAF,CTAF,122.4,OurAirports,2026-10-03,NO
QLD,YKLG,Kalinga Airport,-15.202823,143.850217,CTAF,CTAF,118.2,OurAirports,2026-10-03,NO
QLD,YKLG,Kalinga Airport,-15.202823,143.850217,MISC,MISC,120,OurAirports,2026-10-03,NO
QLD,YKLG,Kalinga Airport,-15.202823,143.850217,MISC,MISC,120.6,OurAirports,2026-10-03,NO
QLD,YKLL,Kallala Airport,-21.75,138.88299560546875,MISC,MISC,120,OurAirports,2026-10-03,NO
QLD,YKLL,Kallala Airport,-21.75,138.88299560546875,MISC,MISC,120.6,OurAirports,2026-10-03,NO
QLD,YKLL,Kallala Airport,-21.75,138.88299560546875,CTAF,CTAF,122.4,OurAirports,2026-10-03,NO
QLD,YKPR,Kalpowar Airport,-14.89,144.22,CTAF,CTAF,118.2,OurAirports,2026-10-03,NO
QLD,YKPR,Kalpowar Airport,-14.89,144.22,MISC,MISC,120,OurAirports,2026-10-03,NO
QLD,YKPR,Kalpowar Airport,-14.89,144.22,MISC,MISC,120.6,OurAirports,2026-10-03,NO
QLD,YKML,Kamileroi Airport,-19.375,140.0570068359375,CTAF,CTAF,118.2,OurAirports,2026-10-03,NO
QLD,YKML,Kamileroi Airport,-19.375,140.0570068359375,MISC,MISC,120,OurAirports,2026-10-03,NO
QLD,YKML,Kamileroi Airport,-19.375,140.0570068359375,MISC,MISC,120.6,OurAirports,2026-10-03,NO
QLD,YKMB,Karumba Airport,-17.45669937133789,140.8300018310547,MISC,MISC,118.6,OurAirports,2026-10-03,NO
QLD,YKMB,Karumba Airport,-17.45669937133789,140.8300018310547,CTAF,CTAF,126.7,OurAirports,2026-10-03,NO
QLD,YKRV,Kendall River Airport,-13.74389,142.130985,MISC,MISC,119.6,OurAirports,2026-10-03,NO
QLD,YKRV,Kendall River Airport,-13.74389,142.130985,CTAF,CTAF,122.1,OurAirports,2026-10-03,NO
QLD,YKID,Kidston Airport,-18.8700008392334,144.17300415039062,CTAF,CTAF,119.8,OurAirports,2026-10-03,NO
QLD,YKID,Kidston Airport,-18.8700008392334,144.17300415039062,MISC,MISC,123.4,OurAirports,2026-10-03,NO
QLD,YKID,Kidston Airport,-18.8700008392334,144.17300415039062,MISC,MISC,125.8,OurAirports,2026-10-03,NO
QLD,YKLN,Killarney Airport,-15.399999618530273,143.5,CTAF,CTAF,118.2,OurAirports,2026-10-03,NO
QLD,YKLN,Killarney Airport,-15.399999618530273,143.5,MISC,MISC,123.4,OurAirports,2026-10-03,NO
QLD,YKLN,Killarney Airport,-15.399999618530273,143.5,MISC,MISC,125.8,OurAirports,2026-10-03,NO
QLD,YKRY,Kingaroy Airport,-26.581077,151.839927,FSS,BRISBANE CNTR,121.2,OurAirports,2026-10-03,NO
QLD,YKRY,Kingaroy Airport,-26.581077,151.839927,CTAF,CTAF,127.45,OurAirports,2026-10-03,NO
QLD,YKLA,Koolatah Airport,-15.888484,142.439461,CTAF,CTAF,118.2,OurAirports,2026-10-03,NO
QLD,YKLA,Koolatah Airport,-15.888484,142.439461,MISC,MISC,119.6,OurAirports,2026-10-03,NO
QLD,YKLA,Koolatah Airport,-15.888484,142.439461,MISC,MISC,121.2,OurAirports,2026-10-03,NO
QLD,YKLB,Koolburra Airport,-15.318900108337402,143.9550018310547,CTAF,CTAF,118.2,OurAirports,2026-10-03,NO
QLD,YKLB,Koolburra Airport,-15.318900108337402,143.9550018310547,MISC,MISC,119.6,OurAirports,2026-10-03,NO
QLD,YKLB,Koolburra Airport,-15.318900108337402,143.9550018310547,MISC,MISC,121.2,OurAirports,2026-10-03,NO
QLD,YKBN,Kooralbyn Airport,-28.089331,152.846544,CTAF,CTAF,126.6,OurAirports,2026-10-03,NO
QLD,YKBN,Kooralbyn Airport,-28.089331,152.846544,MISC,MISC,130.4,OurAirports,2026-10-03,NO
QLD,YKOW,Kowanyama Airport,-15.485369,141.752572,FSS,BRISBANE CNTR,118.2,OurAirports,2026-10-03,NO
QLD,YKOW,Kowanyama Airport,-15.485369,141.752572,CTAF,CTAF,126.7,OurAirports,2026-10-03,NO
QLD,YKUB,Kubin Island Airport,-10.22648,142.219619,FSS,BRISBANE CNTR,120.3,OurAirports,2026-10-03,NO
QLD,YKUB,Kubin Island Airport,-10.22648,142.219619,CTAF,CTAF,126.5,OurAirports,2026-10-03,NO
QLD,YKUY,Kurray Airport,-28.221763,148.578124,MISC,MISC,118.2,OurAirports,2026-10-03,NO
QLD,YKUY,Kurray Airport,-28.221763,148.578124,MISC,MISC,119.6,OurAirports,2026-10-03,NO
QLD,YKUY,Kurray Airport,-28.221763,148.578124,CTAF,CTAF,126,OurAirports,2026-10-03,NO
QLD,YKYN,Kynuna Airport,-21.598769,141.942871,CTAF,CTAF,120,OurAirports,2026-10-03,NO
QLD,YKYN,Kynuna Airport,-21.598769,141.942871,MISC,MISC,126.8,OurAirports,2026-10-03,NO
QLD,YLGL,Laglan Airport,-22.5,146.66700744628906,CTAF,CTAF,122.3,OurAirports,2026-10-03,NO
QLD,YLGL,Laglan Airport,-22.5,146.66700744628906,MISC,MISC,126.8,OurAirports,2026-10-03,NO
QLD,YLFD,Lakefield Airport,-14.9207,144.203,CTAF,CTAF,118.2,OurAirports,2026-10-03,NO
QLD,YLFD,Lakefield Airport,-14.9207,144.203,MISC,MISC,126,OurAirports,2026-10-03,NO
QLD,YLND,Lakeland Airport,-15.841213,144.849118,CTAF,CTAF,121.2,OurAirports,2026-10-03,NO
QLD,YLND,Lakeland Airport,-15.841213,144.849118,MISC,MISC,126,OurAirports,2026-10-03,NO
QLD,YLLD,Langlo Downs Airport,-25.533300399780273,145.76699829101562,CTAF,CTAF,124.8,OurAirports,2026-10-03,NO
QLD,YLLD,Langlo Downs Airport,-25.533300399780273,145.76699829101562,MISC,MISC,126,OurAirports,2026-10-03,NO
QLD,YLRA,Laura Airport,-15.560495,144.451418,MISC,MISC,120.6,OurAirports,2026-10-03,NO
QLD,YLRA,Laura Airport,-15.560495,144.451418,CTAF,CTAF,121.2,OurAirports,2026-10-03,NO
QLD,YLRA,Laura Airport,-15.560495,144.451418,MISC,MISC,126.5,OurAirports,2026-10-03,NO
QLD,YLVK,Lavarack (Military) Airport,-19.318602,146.770674,MISC,MISC,120.6,OurAirports,2026-10-03,NO
QLD,YLVK,Lavarack (Military) Airport,-19.318602,146.770674,MISC,MISC,126.5,OurAirports,2026-10-03,NO
QLD,YLVK,Lavarack (Military) Airport,-19.318602,146.770674,CTAF,CTAF,128.85,OurAirports,2026-10-03,NO
QLD,YLAH,Lawn Hill Airport,-18.57453,138.586106,MISC,MISC,120.6,OurAirports,2026-10-03,NO
QLD,YLAH,Lawn Hill Airport,-18.57453,138.586106,CTAF,CTAF,125.7,OurAirports,2026-10-03,NO
QLD,YLAH,Lawn Hill Airport,-18.57453,138.586106,MISC,MISC,126.5,OurAirports,2026-10-03,NO
QLD,YLIN,Lindeman Island Airport,-20.4535999298,149.039993286,CTAF,CTAF,119.1,OurAirports,2026-10-03,NO
QLD,YLIN,Lindeman Island Airport,-20.4535999298,149.039993286,MISC,MISC,122.4,OurAirports,2026-10-03,NO
QLD,YLZI,Lizard Island Airport,-14.673273,145.454571,CTAF,CTAF,126,OurAirports,2026-10-03,NO
QLD,YLZI,Lizard Island Airport,-14.673273,145.454571,UNIC,UNICOM,128.8,OurAirports,2026-10-03,NO
QLD,YLZI,Lizard Island Airport,-14.673273,145.454571,FSS,BRISBANE CNTR,134.65,OurAirports,2026-10-03,NO
QLD,YLHR,Lockhart River Airport,-12.7869,143.304993,FSS,BRISBANE CNTR,122.1,OurAirports,2026-10-03,NO
QLD,YLHR,Lockhart River Airport,-12.7869,143.304993,CTAF,CTAF,126.7,OurAirports,2026-10-03,NO
QLD,YLRE,Longreach Airport,-23.43202,144.277492,FSS,BRISBANE CNTR,122.1,OurAirports,2026-10-03,NO
QLD,YLRE,Longreach Airport,-23.43202,144.277492,CTAF,CTAF,126.7,OurAirports,2026-10-03,NO
QLD,YLOR,Lorraine Airport,-18.99329948425293,139.90699768066406,MISC,MISC,121.6,OurAirports,2026-10-03,NO
QLD,YLOR,Lorraine Airport,-18.99329948425293,139.90699768066406,CTAF,CTAF,126.7,OurAirports,2026-10-03,NO
QLD,YLRN,Lorraine Station Airport,-22.533300399780273,143.51699829101562,MISC,MISC,121.6,OurAirports,2026-10-03,NO
QLD,YLRN,Lorraine Station Airport,-22.533300399780273,143.51699829101562,CTAF,CTAF,125.7,OurAirports,2026-10-03,NO
QLD,YLOV,Lotus Vale Airport,-17.048299789399998,141.37600708,CTAF,CTAF,118.6,OurAirports,2026-10-03,NO
QLD,YLOV,Lotus Vale Airport,-17.048299789399998,141.37600708,MISC,MISC,121.6,OurAirports,2026-10-03,NO
QLD,YLKD,Lucky Downs Airport,-18.910527,144.996843,CTAF,CTAF,119.8,OurAirports,2026-10-03,NO
QLD,YLKD,Lucky Downs Airport,-18.910527,144.996843,MISC,MISC,121.6,OurAirports,2026-10-03,NO
QLD,YLHS,Lyndhurst Airport,-19.1958007812,144.371002197,CTAF,CTAF,119.8,OurAirports,2026-10-03,NO
QLD,YLHS,Lyndhurst Airport,-19.1958007812,144.371002197,MISC,MISC,121.6,OurAirports,2026-10-03,NO
QLD,YLYD,Lyndley Airport,-26.827307,151.23009,CTAF,CTAF,121.2,OurAirports,2026-10-03,NO
QLD,YLYD,Lyndley Airport,-26.827307,151.23009,MISC,MISC,121.6,OurAirports,2026-10-03,NO
QLD,YMAA,Mabuiag Island Airport,-9.950168,142.19523,CTAF,CTAF,120.327,OurAirports,2026-10-03,NO
QLD,YMAA,Mabuiag Island Airport,-9.950168,142.19523,MISC,MISC,121.6,OurAirports,2026-10-03,NO
QLD,YBMK,Mackay Airport,-21.170816,149.182588,CTAF,CTAF,124.5,OurAirports,2026-10-03,NO
QLD,YBMK,Mackay Airport,-21.170816,149.182588,TWR,TWR,124.5,OurAirports,2026-10-03,NO
QLD,YBMK,Mackay Airport,-21.170816,149.182588,FSS,BRISBANE CNTR,135.5,OurAirports,2026-10-03,NO
QLD,YMCS,Macrossan Airport,-20.013053,146.483728,CTAF,CTAF,119.4,OurAirports,2026-10-03,NO
QLD,YMCS,Macrossan Airport,-20.013053,146.483728,MISC,MISC,119.6,OurAirports,2026-10-03,NO
QLD,YMCS,Macrossan Airport,-20.013053,146.483728,MISC,MISC,135.5,OurAirports,2026-10-03,NO
QLD,YMDW,Maitland Downs Airport,-16.22330093383789,144.7030029296875,CTAF,CTAF,120.15,OurAirports,2026-10-03,NO
QLD,YMDW,Maitland Downs Airport,-16.22330093383789,144.7030029296875,MISC,MISC,125.7,OurAirports,2026-10-03,NO
QLD,YMNO,Maneroo Airport,-23.369229,143.894787,CTAF,CTAF,122.1,OurAirports,2026-10-03,NO
QLD,YMNO,Maneroo Airport,-23.369229,143.894787,MISC,MISC,124,OurAirports,2026-10-03,NO
QLD,YMBA,Mareeba Airport,-17.070277,145.424228,FSS,CAIRNS APP,126.1,OurAirports,2026-10-03,NO
QLD,YMBA,Mareeba Airport,-17.070277,145.424228,CTAF,CTAF,126.7,OurAirports,2026-10-03,NO
QLD,YMWX,Marion Downs Airport,-23.363702,139.649663,MISC,MISC,120.15,OurAirports,2026-10-03,NO
QLD,YMWX,Marion Downs Airport,-23.363702,139.649663,MISC,MISC,120.6,OurAirports,2026-10-03,NO
QLD,YMWX,Marion Downs Airport,-23.363702,139.649663,CTAF,CTAF,125.4,OurAirports,2026-10-03,NO
QLD,YMYY,Mary Valley Airport,-15.047093,143.757777,CTAF,CTAF,118.2,OurAirports,2026-10-03,NO
QLD,YMYY,Mary Valley Airport,-15.047093,143.757777,MISC,MISC,122.3,OurAirports,2026-10-03,NO
QLD,YMYY,Mary Valley Airport,-15.047093,143.757777,MISC,MISC,125,OurAirports,2026-10-03,NO
QLD,YMYB,Maryborough Airport,-25.513528,152.713603,FSS,BRISBANE CNTR,124.6,OurAirports,2026-10-03,NO
QLD,YMYB,Maryborough Airport,-25.513528,152.713603,CTAF,CTAF,126.55,OurAirports,2026-10-03,NO
QLD,YMCK,Mckinley Airport,-21.281368,141.298334,CTAF,CTAF,120,OurAirports,2026-10-03,NO
QLD,YMCK,Mckinley Airport,-21.281368,141.298334,MISC,MISC,122.8,OurAirports,2026-10-03,NO
QLD,YMCK,Mckinley Airport,-21.281368,141.298334,MISC,MISC,125.8,OurAirports,2026-10-03,NO
QLD,YMEP,Merapah Airport,-13.724541,142.411394,CTAF,CTAF,122.6,OurAirports,2026-10-03,NO
QLD,YMEP,Merapah Airport,-13.724541,142.411394,MISC,MISC,126.8,OurAirports,2026-10-03,NO
QLD,YMEU,Merluna Airport,-13.0649,142.4536,MISC,MISC,118.8,OurAirports,2026-10-03,NO
QLD,YMEU,Merluna Airport,-13.0649,142.4536,MISC,MISC,119.6,OurAirports,2026-10-03,NO
QLD,YMEU,Merluna Airport,-13.0649,142.4536,CTAF,CTAF,122.1,OurAirports,2026-10-03,NO
QLD,YMMU,Middlemount Airport,-22.801444,148.706796,CTAF,CTAF,126.7,OurAirports,2026-10-03,NO
QLD,YMMU,Middlemount Airport,-22.801444,148.706796,FSS,BRISBANE  CNTR,128.55,OurAirports,2026-10-03,NO
QLD,YMLS,Miles Airport,-26.806447,150.168953,MISC,MISC,119.6,OurAirports,2026-10-03,NO
QLD,YMLS,Miles Airport,-26.806447,150.168953,MISC,MISC,122.1,OurAirports,2026-10-03,NO
QLD,YMLS,Miles Airport,-26.806447,150.168953,CTAF,CTAF,123.9,OurAirports,2026-10-03,NO
QLD,YMMN,Millmerran Airport,-27.860097,151.271996,MISC,MISC,119.6,OurAirports,2026-10-03,NO
QLD,YMMN,Millmerran Airport,-27.860097,151.271996,MISC,MISC,122.1,OurAirports,2026-10-03,NO
QLD,YMMN,Millmerran Airport,-27.860097,151.271996,CTAF,CTAF,123.9,OurAirports,2026-10-03,NO
QLD,YMLL,Millungera Airport,-19.858299255371094,141.56199645996094,MISC,MISC,119.6,OurAirports,2026-10-03,NO
QLD,YMLL,Millungera Airport,-19.858299255371094,141.56199645996094,CTAF,CTAF,120,OurAirports,2026-10-03,NO
QLD,YMLL,Millungera Airport,-19.858299255371094,141.56199645996094,MISC,MISC,122.1,OurAirports,2026-10-03,NO
QLD,YMIT,Mitchell Airport,-26.483299255371094,147.93699645996094,FSS,BRISBANE CNTR,126,OurAirports,2026-10-03,NO
QLD,YMIT,Mitchell Airport,-26.483299255371094,147.93699645996094,CTAF,CTAF,126.7,OurAirports,2026-10-03,NO
QLD,YMUA,Monduran Airport,-24.881687,151.914396,MISC,MISC,119.6,OurAirports,2026-10-03,NO
QLD,YMUA,Monduran Airport,-24.881687,151.914396,MISC,MISC,122.1,OurAirports,2026-10-03,NO
QLD,YMUA,Monduran Airport,-24.881687,151.914396,CTAF,CTAF,124.1,OurAirports,2026-10-03,NO
QLD,YMNK,Monkira Airport,-24.816699981689453,140.5330047607422,MISC,MISC,119.6,OurAirports,2026-10-03,NO
QLD,YMNK,Monkira Airport,-24.816699981689453,140.5330047607422,MISC,MISC,122.1,OurAirports,2026-10-03,NO
QLD,YMNK,Monkira Airport,-24.816699981689453,140.5330047607422,CTAF,CTAF,125.4,OurAirports,2026-10-03,NO
QLD,YMTO,Monto Airport,-24.892267,151.101787,FSS,BRISBANE CNTR,124.1,OurAirports,2026-10-03,NO
QLD,YMTO,Monto Airport,-24.892267,151.101787,CTAF,CTAF,126.7,OurAirports,2026-10-03,NO
QLD,YMOO,Mooraberree Airport,-25.25,140.98300170898438,MISC,MISC,125.4,OurAirports,2026-10-03,NO
QLD,YMOO,Mooraberree Airport,-25.25,140.98300170898438,CTAF,CTAF,126.7,OurAirports,2026-10-03,NO
QLD,YMRB,Moranbah Airport,-22.057800293,148.07699585,CTAF,CTAF,126.7,OurAirports,2026-10-03,NO
QLD,YMRB,Moranbah Airport,-22.057800293,148.07699585,FSS,BRISBANE CNTR,128.55,OurAirports,2026-10-03,NO
QLD,YMOT,Moreton Airport,-12.444199562099998,142.638000488,MISC,MISC,119.6,OurAirports,2026-10-03,NO
QLD,YMOT,Moreton Airport,-12.444199562099998,142.638000488,CTAF,CTAF,122.1,OurAirports,2026-10-03,NO
QLD,YMOT,Moreton Airport,-12.444199562099998,142.638000488,MISC,MISC,127.1,OurAirports,2026-10-03,NO
QLD,YMNY,Morney Airport,-25.358299255371094,141.43299865722656,MISC,MISC,119.6,OurAirports,2026-10-03,NO
QLD,YMNY,Morney Airport,-25.358299255371094,141.43299865722656,CTAF,CTAF,125.4,OurAirports,2026-10-03,NO
QLD,YMNY,Morney Airport,-25.358299255371094,141.43299865722656,MISC,MISC,127.1,OurAirports,2026-10-03,NO
QLD,YMTI,Mornington Island Airport,-16.662500381469727,139.17799377441406,FSS,BRISBANE CNTR,125.7,OurAirports,2026-10-03,NO
QLD,YMTI,Mornington Island Airport,-16.662500381469727,139.17799377441406,CTAF,CTAF,126.7,OurAirports,2026-10-03,NO
QLD,YMVN,Morven Airport,-26.39876,147.124958,MISC,MISC,118.8,OurAirports,2026-10-03,NO
QLD,YMVN,Morven Airport,-26.39876,147.124958,MISC,MISC,122.4,OurAirports,2026-10-03,NO
QLD,YMVN,Morven Airport,-26.39876,147.124958,CTAF,CTAF,126.7,OurAirports,2026-10-03,NO
QLD,YMCL,Mount Coolon Airport,-21.387231,147.331295,MISC,MISC,118.8,OurAirports,2026-10-03,NO
QLD,YMCL,Mount Coolon Airport,-21.387231,147.331295,MISC,MISC,122.4,OurAirports,2026-10-03,NO
QLD,YMCL,Mount Coolon Airport,-21.387231,147.331295,CTAF,CTAF,128.55,OurAirports,2026-10-03,NO
QLD,YMRT,Mount Garnet Airport,-17.70592,145.148217,MISC,MISC,120.15,OurAirports,2026-10-03,NO
QLD,YMRT,Mount Garnet Airport,-17.70592,145.148217,CTAF,CTAF,126.7,OurAirports,2026-10-03,NO
QLD,YMHW,Mount Howitt Airport,-26.511699676513672,142.2830047607422,CTAF,CTAF,118.8,OurAirports,2026-10-03,NO
QLD,YMHW,Mount Howitt Airport,-26.511699676513672,142.2830047607422,MISC,MISC,125.2,OurAirports,2026-10-03,NO
QLD,YBMA,Mount Isa Airport,-20.66638,139.488468,FSS,BRISBANE CNTR,122.4,OurAirports,2026-10-03,NO
QLD,YBMA,Mount Isa Airport,-20.66638,139.488468,CTAF,CTAF,126.5,OurAirports,2026-10-03,NO
QLD,YMMT,Mount Margaret Airport,-26.933300018310547,143.31700134277344,CTAF,CTAF,118.8,OurAirports,2026-10-03,NO
QLD,YMMT,Mount Margaret Airport,-26.933300018310547,143.31700134277344,MISC,MISC,122.4,OurAirports,2026-10-03,NO
QLD,YMMT,Mount Margaret Airport,-26.933300018310547,143.31700134277344,MISC,MISC,125.3,OurAirports,2026-10-03,NO
QLD,YMSP,Mount Surprise Airport,-18.131584,144.288066,CTAF,CTAF,119.8,OurAirports,2026-10-03,NO
QLD,YMSP,Mount Surprise Airport,-18.131584,144.288066,MISC,MISC,122.4,OurAirports,2026-10-03,NO
QLD,YMSP,Mount Surprise Airport,-18.131584,144.288066,MISC,MISC,125.3,OurAirports,2026-10-03,NO
QLD,YMOU,Moura Airport,-24.6117000579834,149.9949951171875,MISC,MISC,122.3,OurAirports,2026-10-03,NO
QLD,YMOU,Moura Airport,-24.6117000579834,149.9949951171875,MISC,MISC,122.4,OurAirports,2026-10-03,NO
QLD,YMOU,Moura Airport,-24.6117000579834,149.9949951171875,CTAF,CTAF,123.4,OurAirports,2026-10-03,NO
QLD,YMOU,Moura Airport,-24.6117000579834,149.9949951171875,MISC,MISC,125.3,OurAirports,2026-10-03,NO
QLD,YMDA,Mundubbera Airport,-25.591699600219727,151.31700134277344,MISC,MISC,122.3,OurAirports,2026-10-03,NO
QLD,YMDA,Mundubbera Airport,-25.591699600219727,151.31700134277344,CTAF,CTAF,127.1,OurAirports,2026-10-03,NO
QLD,YMDA,Mundubbera Airport,-25.591699600219727,151.31700134277344,MISC,MISC,133.05,OurAirports,2026-10-03,NO
QLD,YMAE,Murray Island Airport,-9.915105,144.054644,CTAF,CTAF,122.1,OurAirports,2026-10-03,NO
QLD,YMAE,Murray Island Airport,-9.915105,144.054644,MISC,MISC,122.3,OurAirports,2026-10-03,NO
QLD,YMAE,Murray Island Airport,-9.915105,144.054644,MISC,MISC,133.05,OurAirports,2026-10-03,NO
QLD,YMGV,Musgrave Airport,-14.7757,143.5047,CTAF,CTAF,118.2,OurAirports,2026-10-03,NO
QLD,YMGV,Musgrave Airport,-14.7757,143.5047,MISC,MISC,122.3,OurAirports,2026-10-03,NO
QLD,YMGV,Musgrave Airport,-14.7757,143.5047,MISC,MISC,133.05,OurAirports,2026-10-03,NO
QLD,YMTB,Muttaburra Airport,-22.58329963684082,144.5330047607422,CTAF,CTAF,122.1,OurAirports,2026-10-03,NO
QLD,YMTB,Muttaburra Airport,-22.58329963684082,144.5330047607422,MISC,MISC,122.3,OurAirports,2026-10-03,NO
QLD,YMTB,Muttaburra Airport,-22.58329963684082,144.5330047607422,MISC,MISC,133.05,OurAirports,2026-10-03,NO
QLD,YNAN,Nanango Airport,-26.689222,151.988425,CTAF,CTAF,121.2,OurAirports,2026-10-03,NO
QLD,YNAN,Nanango Airport,-26.689222,151.988425,MISC,MISC,122.3,OurAirports,2026-10-03,NO
QLD,YNAN,Nanango Airport,-26.689222,151.988425,MISC,MISC,133.05,OurAirports,2026-10-03,NO
QLD,YNAP,Nappa Merrie Airport,-27.549201,141.158416,CTAF,CTAF,121.2,OurAirports,2026-10-03,NO
QLD,YNAP,Nappa Merrie Airport,-27.549201,141.158416,MISC,MISC,122.3,OurAirports,2026-10-03,NO
QLD,YNAP,Nappa Merrie Airport,-27.549201,141.158416,MISC,MISC,133.05,OurAirports,2026-10-03,NO
QLD,YNRL,Naryilco Airport,-28.549999237060547,141.91700744628906,MISC,MISC,122.4,OurAirports,2026-10-03,NO
QLD,YNRL,Naryilco Airport,-28.549999237060547,141.91700744628906,MISC,MISC,123.9,OurAirports,2026-10-03,NO
QLD,YNRL,Naryilco Airport,-28.549999237060547,141.91700744628906,CTAF,CTAF,126.7,OurAirports,2026-10-03,NO
QLD,YNDS,Natal Downs Airport,-21.090556,146.152614,MISC,MISC,122.4,OurAirports,2026-10-03,NO
QLD,YNDS,Natal Downs Airport,-21.090556,146.152614,MISC,MISC,123.9,OurAirports,2026-10-03,NO
QLD,YNDS,Natal Downs Airport,-21.090556,146.152614,CTAF,CTAF,128.55,OurAirports,2026-10-03,NO
QLD,AU-0703,Navarra Airport,-24.854178,143.669538,CTAF,CTAF,122.1,OurAirports,2026-10-03,NO
QLD,AU-0703,Navarra Airport,-24.854178,143.669538,MISC,MISC,122.4,OurAirports,2026-10-03,NO
QLD,AU-0703,Navarra Airport,-24.854178,143.669538,MISC,MISC,123.9,OurAirports,2026-10-03,NO
QLD,YLRS,New Laura Airport,-15.182758,144.345535,CTAF,CTAF,118.2,OurAirports,2026-10-03,NO
QLD,YLRS,New Laura Airport,-15.182758,144.345535,MISC,MISC,122.4,OurAirports,2026-10-03,NO
QLD,YLRS,New Laura Airport,-15.182758,144.345535,MISC,MISC,123.9,OurAirports,2026-10-03,NO
QLD,YNMN,New Moon Airport,-19.2,145.773,CTAF,CTAF,119.4,OurAirports,2026-10-03,NO
QLD,YNMN,New Moon Airport,-19.2,145.773,MISC,MISC,122.4,OurAirports,2026-10-03,NO
QLD,YNMN,New Moon Airport,-19.2,145.773,MISC,MISC,123.9,OurAirports,2026-10-03,NO
QLD,YNCD,Noccundra Airport,-27.809878,142.593641,CTAF,CTAF,118.8,OurAirports,2026-10-03,NO
QLD,YNCD,Noccundra Airport,-27.809878,142.593641,MISC,MISC,119.6,OurAirports,2026-10-03,NO
QLD,YNCD,Noccundra Airport,-27.809878,142.593641,MISC,MISC,125.8,OurAirports,2026-10-03,NO
QLD,YNOC,Nockatunga Airport,-27.71933,142.707753,CTAF,CTAF,118.8,OurAirports,2026-10-03,NO
QLD,YNOC,Nockatunga Airport,-27.71933,142.707753,MISC,MISC,119.6,OurAirports,2026-10-03,NO
QLD,YNOC,Nockatunga Airport,-27.71933,142.707753,MISC,MISC,125.8,OurAirports,2026-10-03,NO
QLD,YNSH,Noosa Airport,-26.423177,153.064935,MISC,MISC,124.6,OurAirports,2026-10-03,NO
QLD,YNSH,Noosa Airport,-26.423177,153.064935,CTAF,CTAF,127.1,OurAirports,2026-10-03,NO
QLD,YNOO,Nooyeah Downs Airport,-28.042483,143.558881,CTAF,CTAF,118.8,OurAirports,2026-10-03,NO
QLD,YNOO,Nooyeah Downs Airport,-28.042483,143.558881,MISC,MISC,124.6,OurAirports,2026-10-03,NO
QLD,YNOF,Norfolk Airport,-19.33329963684082,138.33299255371094,CTAF,CTAF,122.4,OurAirports,2026-10-03,NO
QLD,YNOF,Norfolk Airport,-19.33329963684082,138.33299255371094,MISC,MISC,124.6,OurAirports,2026-10-03,NO
QLD,YNTN,Normanton Airport,-17.68409,141.069664,FSS,BRISBANE CNTR,118.6,OurAirports,2026-10-03,NO
QLD,YNTN,Normanton Airport,-17.68409,141.069664,CTAF,CTAF,126.7,OurAirports,2026-10-03,NO
QLD,YNPE,Northern Peninsula Airport,-10.946194,142.455081,FSS,BRISBANE CNTR,120.3,OurAirports,2026-10-03,NO
QLD,YNPE,Northern Peninsula Airport,-10.946194,142.455081,CTAF,CTAF,126.5,OurAirports,2026-10-03,NO
QLD,YBOK,Oakey Army Aviation Centre,-27.409262,151.736727,TWR,TWR,120.1,OurAirports,2026-10-03,NO
QLD,YBOK,Oakey Army Aviation Centre,-27.409262,151.736727,FSS,BRISBANE CNTR,121.2,OurAirports,2026-10-03,NO
QLD,YBOK,Oakey Army Aviation Centre,-27.409262,151.736727,GND,GND,121.9,OurAirports,2026-10-03,NO
QLD,YBOK,Oakey Army Aviation Centre,-27.409262,151.736727,APP,APP,125.4,OurAirports,2026-10-03,NO
QLD,YBOK,Oakey Army Aviation Centre,-27.409262,151.736727,CTAF,CTAF,127.65,OurAirports,2026-10-03,NO
QLD,YOKE,Oakvale Airport,-22.298889,145.983611,MISC,MISC,121.2,OurAirports,2026-10-03,NO
QLD,YOKE,Oakvale Airport,-22.298889,145.983611,MISC,MISC,121.3,OurAirports,2026-10-03,NO
QLD,YOKE,Oakvale Airport,-22.298889,145.983611,CTAF,CTAF,122.3,OurAirports,2026-10-03,NO
QLD,AU-0351,Old Station Airfield,-23.817425,150.818134,FIA,Brisbane Centre,119.55,OurAirports,2026-10-03,NO
QLD,YOMI,Omicron Station Airport,-28.760427,141.208788,MISC,MISC,121.2,OurAirports,2026-10-03,NO
QLD,YOMI,Omicron Station Airport,-28.760427,141.208788,MISC,MISC,121.3,OurAirports,2026-10-03,NO
QLD,YOMI,Omicron Station Airport,-28.760427,141.208788,CTAF,CTAF,126.5,OurAirports,2026-10-03,NO
QLD,YOTN,Ootann Airport,-17.442825,144.64672,CTAF,CTAF,120.15,OurAirports,2026-10-03,NO
QLD,YOTN,Ootann Airport,-17.442825,144.64672,MISC,MISC,121.2,OurAirports,2026-10-03,NO
QLD,YOTN,Ootann Airport,-17.442825,144.64672,MISC,MISC,121.3,OurAirports,2026-10-03,NO
QLD,YOIT,Orielton Airport,-22.062854,144.139037,MISC,MISC,121.3,OurAirports,2026-10-03,NO
QLD,YOIT,Orielton Airport,-22.062854,144.139037,CTAF,CTAF,122.1,OurAirports,2026-10-03,NO
QLD,YOIT,Orielton Airport,-22.062854,144.139037,MISC,MISC,124,OurAirports,2026-10-03,NO
QLD,YODL,Ourdel Airport,-25.350000381469727,142.63299560546875,CTAF,CTAF,118.8,OurAirports,2026-10-03,NO
QLD,YODL,Ourdel Airport,-25.350000381469727,142.63299560546875,MISC,MISC,121.3,OurAirports,2026-10-03,NO
QLD,YODL,Ourdel Airport,-25.350000381469727,142.63299560546875,MISC,MISC,124,OurAirports,2026-10-03,NO
QLD,YPAC,Pacific Haven Airport,-25.241123,152.542849,CTAF,CTAF,124.1,OurAirports,2026-10-03,NO
QLD,YPAM,Palm Island Airport,-18.755301,146.580994,FSS,BRISBANE CNTR,120.55,OurAirports,2026-10-03,NO
QLD,YPAM,Palm Island Airport,-18.755301,146.580994,CTAF,CTAF,126.7,OurAirports,2026-10-03,NO
QLD,YPAM,Palm Island Airport,-18.755301,146.580994,APP,TOWNSVILLE APP,126.8,OurAirports,2026-10-03,NO
QLD,YPYA,Palmyra Airstrip,-21.21157,149.07654,CTAF,Palmyra Traffic,126.7,OurAirports,2026-10-03,NO
QLD,YPIN,Pinnacle Airport,-15.66670036315918,143.5500030517578,CTAF,CTAF,118.2,OurAirports,2026-10-03,NO
QLD,YPIN,Pinnacle Airport,-15.66670036315918,143.5500030517578,MISC,MISC,120.5,OurAirports,2026-10-03,NO
QLD,YPIN,Pinnacle Airport,-15.66670036315918,143.5500030517578,MISC,MISC,125.9,OurAirports,2026-10-03,NO
QLD,YPWH,Pittsworth Airport,-27.733721,151.632365,CTAF,CTAF,118.2,OurAirports,2026-10-03,NO
QLD,YPWH,Pittsworth Airport,-27.733721,151.632365,MISC,MISC,120.5,OurAirports,2026-10-03,NO
QLD,YPWH,Pittsworth Airport,-27.733721,151.632365,MISC,MISC,125.9,OurAirports,2026-10-03,NO
QLD,YPVD,Plevna Downs Airport,-26.66670036315918,142.58299255371094,CTAF,CTAF,118.8,OurAirports,2026-10-03,NO
QLD,YPVD,Plevna Downs Airport,-26.66670036315918,142.58299255371094,MISC,MISC,120.5,OurAirports,2026-10-03,NO
QLD,YPVD,Plevna Downs Airport,-26.66670036315918,142.58299255371094,MISC,MISC,125.9,OurAirports,2026-10-03,NO
QLD,YPMP,Pormpuraaw Airport,-14.896451,141.60908,FSS,BRISBANE CNTR,118.2,OurAirports,2026-10-03,NO
QLD,YPMP,Pormpuraaw Airport,-14.896451,141.60908,CTAF,CTAF,126.7,OurAirports,2026-10-03,NO
QLD,YBPN,Proserpine Whitsunday Coast Airport,-20.494416,148.553583,CTAF,CTAF,126.7,OurAirports,2026-10-03,NO
QLD,YBPN,Proserpine Whitsunday Coast Airport,-20.494416,148.553583,CTAF,Whitsunday Shute harbour atc,127.85,OurAirports,2026-10-03,NO
QLD,YBPN,Proserpine Whitsunday Coast Airport,-20.494416,148.553583,FSS,BRISBANE CNTR,135.5,OurAirports,2026-10-03,NO
QLD,YQLP,Quilpie Airport,-26.609176,144.253746,FSS,BRISBANE CNTR,118.8,OurAirports,2026-10-03,NO
QLD,YQLP,Quilpie Airport,-26.609176,144.253746,CTAF,CTAF,126.7,OurAirports,2026-10-03,NO
QLD,YAMB,RAAF Base Amberley,-27.635381,152.711223,CTAF,CTAF,118.3,OurAirports,2026-10-03,NO
QLD,YAMB,RAAF Base Amberley,-27.635381,152.711223,FSS,BRISBANE CNTR,121.2,OurAirports,2026-10-03,NO
QLD,YAMB,RAAF Base Amberley,-27.635381,152.711223,GND,GND,129.35,OurAirports,2026-10-03,NO
QLD,YAMB,RAAF Base Amberley,-27.635381,152.711223,CLD,CLNC DEL,134.6,OurAirports,2026-10-03,NO
QLD,YBSG,RAAF Base Scherger,-12.6239,142.087006,FSS,BRISBANE CNTR,122.1,OurAirports,2026-10-03,NO
QLD,YBSG,RAAF Base Scherger,-12.6239,142.087006,CTAF,CTAF,126.7,OurAirports,2026-10-03,NO
QLD,YRBB,Rainbow Beach Airport,-25.85211,153.069248,CTAF,CTAF,124.6,OurAirports,2026-10-03,NO
QLD,YRBB,Rainbow Beach Airport,-25.85211,153.069248,MISC,MISC,125.3,OurAirports,2026-10-03,NO
QLD,YRBB,Rainbow Beach Airport,-25.85211,153.069248,MISC,MISC,127.1,OurAirports,2026-10-03,NO
QLD,YRAM,Raymore Homestead Airport,-26.149999618530273,143.01699829101562,CTAF,CTAF,118.8,OurAirports,2026-10-03,NO
QLD,YRAM,Raymore Homestead Airport,-26.149999618530273,143.01699829101562,MISC,MISC,125.3,OurAirports,2026-10-03,NO
QLD,YRAM,Raymore Homestead Airport,-26.149999618530273,143.01699829101562,MISC,MISC,127.1,OurAirports,2026-10-03,NO
QLD,YRED,Redcliffe Airport,-27.205605,153.068712,MISC,MISC,122.8,OurAirports,2026-10-03,NO
QLD,YRED,Redcliffe Airport,-27.205605,153.068712,MISC,BRISBANE CNTR,125.7,OurAirports,2026-10-03,NO
QLD,YRED,Redcliffe Airport,-27.205605,153.068712,CTAF,CTAF,127.15,OurAirports,2026-10-03,NO
QLD,YRMD,Richmond Airport,-20.701900482177734,143.11500549316406,FSS,BRISBANE CNTR,123.95,OurAirports,2026-10-03,NO
QLD,YRMD,Richmond Airport,-20.701900482177734,143.11500549316406,CTAF,CTAF,126.7,OurAirports,2026-10-03,NO
QLD,YROB,Robinhood Airport,-18.844999313354492,143.7100067138672,CTAF,CTAF,119.8,OurAirports,2026-10-03,NO
QLD,YBRK,Rockhampton Airport,-23.380019,150.475359,CTAF,CTAF,118.1,OurAirports,2026-10-03,NO
QLD,YBRK,Rockhampton Airport,-23.380019,150.475359,TWR,TWR,118.1,OurAirports,2026-10-03,NO
QLD,YBRK,Rockhampton Airport,-23.380019,150.475359,FSS,BRISBANE CNTR,119.55,OurAirports,2026-10-03,NO
QLD,YBRK,Rockhampton Airport,-23.380019,150.475359,GND,ROCKY GND,121.8,OurAirports,2026-10-03,NO
QLD,YRKS,Rocklands Airport,-19.86669921875,138.10000610351562,MISC,MISC,119.6,OurAirports,2026-10-03,NO
QLD,YRKS,Rocklands Airport,-19.86669921875,138.10000610351562,MISC,MISC,120.7,OurAirports,2026-10-03,NO
QLD,YRKS,Rocklands Airport,-19.86669921875,138.10000610351562,CTAF,CTAF,122.4,OurAirports,2026-10-03,NO
QLD,YRLL,Rolleston Airport,-24.460939,148.627424,MISC,MISC,119.6,OurAirports,2026-10-03,NO
QLD,YRLL,Rolleston Airport,-24.460939,148.627424,MISC,MISC,120.7,OurAirports,2026-10-03,NO
QLD,YRLL,Rolleston Airport,-24.460939,148.627424,CTAF,CTAF,122.3,OurAirports,2026-10-03,NO
QLD,YROM,Roma Airport,-26.545000076300003,148.774993896,FSS,BRISBANE CNTR,126,OurAirports,2026-10-03,NO
QLD,YROM,Roma Airport,-26.545000076300003,148.774993896,CTAF,CTAF,126.7,OurAirports,2026-10-03,NO
QLD,YRSB,Roseberth Airport,-25.825737,139.627476,CTAF,CTAF,126.7,OurAirports,2026-10-03,NO
QLD,YRSB,Roseberth Airport,-25.825737,139.627476,MISC,MISC,126.8,OurAirports,2026-10-03,NO
QLD,YRSV,Rosevale Resort Airport,-27.13330078125,145.89999389648438,CTAF,CTAF,124.8,OurAirports,2026-10-03,NO
QLD,YRSV,Rosevale Resort Airport,-27.13330078125,145.89999389648438,MISC,MISC,126.8,OurAirports,2026-10-03,NO
QLD,YRTP,Rutland Plains Airport,-15.644963,141.844373,CTAF,CTAF,124.8,OurAirports,2026-10-03,NO
QLD,YRTP,Rutland Plains Airport,-15.644963,141.844373,MISC,MISC,126.7,OurAirports,2026-10-03,NO
QLD,YRTP,Rutland Plains Airport,-15.644963,141.844373,MISC,MISC,126.8,OurAirports,2026-10-03,NO
QLD,YSII,Saibai Island Airport,-9.37833,142.625,CTAF,CTAF,124.8,OurAirports,2026-10-03,NO
QLD,YSII,Saibai Island Airport,-9.37833,142.625,MISC,MISC,126.8,OurAirports,2026-10-03,NO
QLD,YSVH,Silver Hills Airport,-20.598557,143.077971,MISC,MISC,122.4,OurAirports,2026-10-03,NO
QLD,YSVH,Silver Hills Airport,-20.598557,143.077971,MISC,MISC,123.9,OurAirports,2026-10-03,NO
QLD,YSVH,Silver Hills Airport,-20.598557,143.077971,CTAF,CTAF,135.5,OurAirports,2026-10-03,NO
QLD,YSGW,South Galway Airport,-25.67464,142.089171,CTAF,CTAF,126.7,OurAirports,2026-10-03,NO
QLD,YSPT,Southport Airport,-27.921848,153.371469,CTAF,CTAF,119,OurAirports,2026-10-03,NO
QLD,YSPT,Southport Airport,-27.921848,153.371469,MISC,MISC,119.5,OurAirports,2026-10-03,NO
QLD,YSOW,Southwell Airport,-14.51669979095459,142.0330047607422,CTAF,CTAF,118.2,OurAirports,2026-10-03,NO
QLD,YSOW,Southwell Airport,-14.51669979095459,142.0330047607422,MISC,MISC,122.6,OurAirports,2026-10-03,NO
QLD,YSPK,Spring Creek Airport,-18.637704,144.545672,MISC,MISC,119.8,OurAirports,2026-10-03,NO
QLD,YSPK,Spring Creek Airport,-18.637704,144.545672,CTAF,CTAF,126.7,OurAirports,2026-10-03,NO
QLD,YSPF,Springfield Airport,-24.297984,144.878313,MISC,MISC,119.8,OurAirports,2026-10-03,NO
QLD,YSPF,Springfield Airport,-24.297984,144.878313,CTAF,CTAF,120.15,OurAirports,2026-10-03,NO
QLD,YSPI,Springsure Airport,-24.130167,148.086047,MISC,MISC,119.8,OurAirports,2026-10-03,NO
QLD,YSPI,Springsure Airport,-24.130167,148.086047,CTAF,CTAF,122.3,OurAirports,2026-10-03,NO
QLD,YSPV,Springvale Airport,-23.549999,140.699997,MISC,MISC,119.8,OurAirports,2026-10-03,NO
QLD,YSPV,Springvale Airport,-23.549999,140.699997,CTAF,CTAF,125.4,OurAirports,2026-10-03,NO
QLD,YSGE,St George Airport,-28.049699783325195,148.59500122070312,FSS,BRISBANE CNTR,118.95,OurAirports,2026-10-03,NO
QLD,YSGE,St George Airport,-28.049699783325195,148.59500122070312,CTAF,CTAF,126.7,OurAirports,2026-10-03,NO
QLD,YSBO,Stanbroke Airport,-21.566699981689453,139.7169952392578,MISC,MISC,119.8,OurAirports,2026-10-03,NO
QLD,YSBO,Stanbroke Airport,-21.566699981689453,139.7169952392578,CTAF,CTAF,122.4,OurAirports,2026-10-03,NO
QLD,YSPE,Stanthorpe Airport,-28.620113,151.983281,FSS,BRISBANE CNTR,121.2,OurAirports,2026-10-03,NO
QLD,YSPE,Stanthorpe Airport,-28.620113,151.983281,CTAF,CTAF,126.7,OurAirports,2026-10-03,NO
QLD,YSTO,Stonehenge Airport,-24.352599,143.297482,MISC,MISC,119.2,OurAirports,2026-10-03,NO
QLD,YSTO,Stonehenge Airport,-24.352599,143.297482,CTAF,CTAF,122.1,OurAirports,2026-10-03,NO
QLD,YSTO,Stonehenge Airport,-24.352599,143.297482,MISC,MISC,125.8,OurAirports,2026-10-03,NO
QLD,YSVN,Strathaven Airport,-14.899999618530273,142.9669952392578,CTAF,CTAF,118.2,OurAirports,2026-10-03,NO
QLD,YSVN,Strathaven Airport,-14.899999618530273,142.9669952392578,MISC,MISC,119.2,OurAirports,2026-10-03,NO
QLD,YSVN,Strathaven Airport,-14.899999618530273,142.9669952392578,MISC,MISC,125.8,OurAirports,2026-10-03,NO
QLD,YSTB,Strathburn Airport,-14.477416,142.824628,CTAF,CTAF,118.2,OurAirports,2026-10-03,NO
QLD,YSTB,Strathburn Airport,-14.477416,142.824628,MISC,MISC,119.2,OurAirports,2026-10-03,NO
QLD,YSTB,Strathburn Airport,-14.477416,142.824628,MISC,MISC,125.8,OurAirports,2026-10-03,NO
QLD,YSGD,Strathgordon Airport,-14.795000076293945,142.43299865722656,CTAF,CTAF,118.2,OurAirports,2026-10-03,NO
QLD,YSGD,Strathgordon Airport,-14.795000076293945,142.43299865722656,MISC,MISC,119.2,OurAirports,2026-10-03,NO
QLD,YSGD,Strathgordon Airport,-14.795000076293945,142.43299865722656,MISC,MISC,125.8,OurAirports,2026-10-03,NO
QLD,YSLN,Strathleven Airport,-15.898300170898438,143.38299560546875,CTAF,CTAF,118.2,OurAirports,2026-10-03,NO
QLD,YSLN,Strathleven Airport,-15.898300170898438,143.38299560546875,MISC,MISC,119.2,OurAirports,2026-10-03,NO
QLD,YSLN,Strathleven Airport,-15.898300170898438,143.38299560546875,MISC,MISC,125.8,OurAirports,2026-10-03,NO
QLD,YSMY,Strathmay Airport,-14.883299827575684,142.802001953125,CTAF,CTAF,118.2,OurAirports,2026-10-03,NO
QLD,YSMY,Strathmay Airport,-14.883299827575684,142.802001953125,MISC,MISC,119.2,OurAirports,2026-10-03,NO
QLD,YSMY,Strathmay Airport,-14.883299827575684,142.802001953125,MISC,MISC,125.8,OurAirports,2026-10-03,NO
QLD,YSMR,Strathmore Airport,-17.862709,142.557788,CTAF,CTAF,118.6,OurAirports,2026-10-03,NO
QLD,YSMR,Strathmore Airport,-17.862709,142.557788,MISC,MISC,119.2,OurAirports,2026-10-03,NO
QLD,YSMR,Strathmore Airport,-17.862709,142.557788,MISC,MISC,125.8,OurAirports,2026-10-03,NO
QLD,YSDL,Sudley Airport,-12.716843,142.36666,MISC,MISC,119.2,OurAirports,2026-10-03,NO
QLD,YSDL,Sudley Airport,-12.716843,142.36666,CTAF,CTAF,122.1,OurAirports,2026-10-03,NO
QLD,YSDL,Sudley Airport,-12.716843,142.36666,MISC,MISC,125.8,OurAirports,2026-10-03,NO
QLD,YBSU,Sunshine Coast Airport,-26.593324,153.08319,GND,GND,121.1,OurAirports,2026-10-03,NO
QLD,YBSU,Sunshine Coast Airport,-26.593324,153.08319,CTAF,CTAF,124.4,OurAirports,2026-10-03,NO
QLD,YBSU,Sunshine Coast Airport,-26.593324,153.08319,TWR,TWR,124.4,OurAirports,2026-10-03,NO
QLD,YBSU,Sunshine Coast Airport,-26.593324,153.08319,FSS,BRISBANE CNTR,129,OurAirports,2026-10-03,NO
QLD,YSRT,Surat Airport,-27.159519,149.076919,MISC,MISC,119.2,OurAirports,2026-10-03,NO
QLD,YSRT,Surat Airport,-27.159519,149.076919,MISC,MISC,125.8,OurAirports,2026-10-03,NO
QLD,YSRT,Surat Airport,-27.159519,149.076919,CTAF,CTAF,126,OurAirports,2026-10-03,NO
QLD,YSWE,Sweers Island Resort Airport,-17.124289,139.603602,MISC,MISC,120.6,OurAirports,2026-10-03,NO
QLD,YSWE,Sweers Island Resort Airport,-17.124289,139.603602,CTAF,CTAF,125.7,OurAirports,2026-10-03,NO
QLD,YSWE,Sweers Island Resort Airport,-17.124289,139.603602,MISC,MISC,125.8,OurAirports,2026-10-03,NO
QLD,YTVA,Talavera Airport,-19.210481,143.663656,CTAF,CTAF,119.8,OurAirports,2026-10-03,NO
QLD,YTVA,Talavera Airport,-19.210481,143.663656,MISC,MISC,120.6,OurAirports,2026-10-03,NO
QLD,YTVA,Talavera Airport,-19.210481,143.663656,MISC,MISC,125.8,OurAirports,2026-10-03,NO
QLD,YTMB,Tambo Airport,-24.838854,146.293355,MISC,MISC,120.6,OurAirports,2026-10-03,NO
QLD,YTMB,Tambo Airport,-24.838854,146.293355,CTAF,CTAF,124.8,OurAirports,2026-10-03,NO
QLD,YTMB,Tambo Airport,-24.838854,146.293355,MISC,MISC,125.8,OurAirports,2026-10-03,NO
QLD,YTGA,Tangalooma Airport,-27.137693,153.364141,CTAF,CTAF,119.4,OurAirports,2026-10-03,NO
QLD,YTGA,Tangalooma Airport,-27.137693,153.364141,MISC,MISC,127.1,OurAirports,2026-10-03,NO
QLD,YXTA,Tangalooma Resort Heliport,-27.1836,153.3709,CTAF,CTAF,119.4,OurAirports,2026-10-03,NO
QLD,YXTA,Tangalooma Resort Heliport,-27.1836,153.3709,MISC,MISC,127.1,OurAirports,2026-10-03,NO
QLD,YTAA,Tara Airport,-27.163054,150.476423,CTAF,CTAF,123.9,OurAirports,2026-10-03,NO
QLD,YTAA,Tara Airport,-27.163054,150.476423,MISC,MISC,127.1,OurAirports,2026-10-03,NO
QLD,YTRC,Tarcombe Airport,-24.072341,143.392745,CTAF,CTAF,122.1,OurAirports,2026-10-03,NO
QLD,YTRC,Tarcombe Airport,-24.072341,143.392745,MISC,MISC,127.1,OurAirports,2026-10-03,NO
QLD,YTAM,Taroom Airport,-25.801701,149.899994,MISC,MISC,122.4,OurAirports,2026-10-03,NO
QLD,YTAM,Taroom Airport,-25.801701,149.899994,MISC,MISC,125.1,OurAirports,2026-10-03,NO
QLD,YTAM,Taroom Airport,-25.801701,149.899994,MISC,MISC,126,OurAirports,2026-10-03,NO
QLD,YTNG,Thangool Airport,-24.494863,150.577967,FSS,BRISBANE CNTR,119.55,OurAirports,2026-10-03,NO
QLD,YTNG,Thangool Airport,-24.494863,150.577967,CTAF,CTAF,126.7,OurAirports,2026-10-03,NO
QLD,YTGM,Thargomindah Airport,-27.986368,143.812065,FSS,BRISBANE CNTR,118.8,OurAirports,2026-10-03,NO
QLD,YTGM,Thargomindah Airport,-27.986368,143.812065,CTAF,CTAF,126.7,OurAirports,2026-10-03,NO
QLD,YTMO,The Monument Airport,-21.811100006104,139.92399597168,FSS,BRISBANE CNTR,122.4,OurAirports,2026-10-03,NO
QLD,YTMO,The Monument Airport,-21.811100006104,139.92399597168,CTAF,CTAF,127.3,OurAirports,2026-10-03,NO
QLD,YTDR,Theodore Airport,-24.986796,150.093076,MISC,MISC,118.8,OurAirports,2026-10-03,NO
QLD,YTDR,Theodore Airport,-24.986796,150.093076,CTAF,CTAF,122.3,OurAirports,2026-10-03,NO
QLD,YTDR,Theodore Airport,-24.986796,150.093076,MISC,MISC,125.3,OurAirports,2026-10-03,NO
QLD,YTHY,Thylungra Airport,-26.093047,143.45136,CTAF,CTAF,118.8,OurAirports,2026-10-03,NO
QLD,YTHY,Thylungra Airport,-26.093047,143.45136,MISC,MISC,118.8,OurAirports,2026-10-03,NO
QLD,YTHY,Thylungra Airport,-26.093047,143.45136,MISC,MISC,125.3,OurAirports,2026-10-03,NO
QLD,YTTE,Ti Tree Airport,-13.984239,141.655255,MISC,MISC,118.8,OurAirports,2026-10-03,NO
QLD,YTTE,Ti Tree Airport,-13.984239,141.655255,CTAF,CTAF,122.1,OurAirports,2026-10-03,NO
QLD,YTTE,Ti Tree Airport,-13.984239,141.655255,MISC,MISC,125.3,OurAirports,2026-10-03,NO
QLD,YTNS,Toliness Airport,-25.32145118713379,146.06881713867188,MISC,MISC,118.6,OurAirports,2026-10-03,NO
QLD,YTNS,Toliness Airport,-25.32145118713379,146.06881713867188,MISC,MISC,122.2,OurAirports,2026-10-03,NO
QLD,YTNS,Toliness Airport,-25.32145118713379,146.06881713867188,CTAF,CTAF,124.8,OurAirports,2026-10-03,NO
QLD,YTOB,Toomba Airport,-19.933300018310547,145.58299255371094,MISC,MISC,118.6,OurAirports,2026-10-03,NO
QLD,YTOB,Toomba Airport,-19.933300018310547,145.58299255371094,CTAF,CTAF,119.8,OurAirports,2026-10-03,NO
QLD,YTOB,Toomba Airport,-19.933300018310547,145.58299255371094,MISC,MISC,122.2,OurAirports,2026-10-03,NO
QLD,YTKS,Toorak Research Station Airport,-21.04170036315918,141.78700256347656,CTAF,CTAF,120,OurAirports,2026-10-03,NO
QLD,YTKS,Toorak Research Station Airport,-21.04170036315918,141.78700256347656,MISC,MISC,125.9,OurAirports,2026-10-03,NO
QLD,YTWB,Toowoomba Airport,-27.543365,151.919112,FSS,BRISBANE CNTR,121.2,OurAirports,2026-10-03,NO
QLD,YTWB,Toowoomba Airport,-27.543365,151.919112,CTAF,CTAF,127.65,OurAirports,2026-10-03,NO
QLD,YTCK,Torrens Creek Airport,-20.783300399780273,145,CTAF,CTAF,119.8,OurAirports,2026-10-03,NO
QLD,YTCK,Torrens Creek Airport,-20.783300399780273,145,MISC,MISC,120,OurAirports,2026-10-03,NO
QLD,YTOK,Torres Park Homestead Airport,-25.11669921875,147.16700744628906,MISC,MISC,120,OurAirports,2026-10-03,NO
QLD,YTOK,Torres Park Homestead Airport,-25.11669921875,147.16700744628906,CTAF,CTAF,122.3,OurAirports,2026-10-03,NO
QLD,YBTL,Townsville Airport / RAAF Base Townsville,-19.252904,146.766512,CTAF,CTAF,118.3,OurAirports,2026-10-03,NO
QLD,YBTL,Townsville Airport / RAAF Base Townsville,-19.252904,146.766512,TWR,TWR,118.3,OurAirports,2026-10-03,NO
QLD,YBTL,Townsville Airport / RAAF Base Townsville,-19.252904,146.766512,FSS,BRISBANE CNTR,120.55,OurAirports,2026-10-03,NO
QLD,YBTL,Townsville Airport / RAAF Base Townsville,-19.252904,146.766512,GND,GND,121.8,OurAirports,2026-10-03,NO
QLD,YBTL,Townsville Airport / RAAF Base Townsville,-19.252904,146.766512,A/D,APP/DEP,126.8,OurAirports,2026-10-03,NO
QLD,YBTL,Townsville Airport / RAAF Base Townsville,-19.252904,146.766512,CLD,CLNC DEL,128.1,OurAirports,2026-10-03,NO
QLD,YBTL,Townsville Airport / RAAF Base Townsville,-19.252904,146.766512,ATIS,ATIS,133.5,OurAirports,2026-10-03,NO
QLD,YTWE,Trelawney Airport,-22.850000381469727,146.7169952392578,CTAF,CTAF,122.3,OurAirports,2026-10-03,NO
QLD,YTWE,Trelawney Airport,-22.850000381469727,146.7169952392578,MISC,MISC,123.4,OurAirports,2026-10-03,NO
QLD,YTWE,Trelawney Airport,-22.850000381469727,146.7169952392578,MISC,MISC,128.85,OurAirports,2026-10-03,NO
QLD,YTEE,Trepell Airport,-21.834999084473,140.88800048828,FSS,BRISBANE CNTR,123.95,OurAirports,2026-10-03,NO
QLD,YTEE,Trepell Airport,-21.834999084473,140.88800048828,CTAF,CTAF,126.7,OurAirports,2026-10-03,NO
QLD,YTII,Trinidad Airport,-25.600000381469727,143.91700744628906,CTAF,CTAF,118.8,OurAirports,2026-10-03,NO
QLD,YTII,Trinidad Airport,-25.600000381469727,143.91700744628906,MISC,MISC,123.4,OurAirports,2026-10-03,NO
QLD,YTII,Trinidad Airport,-25.600000381469727,143.91700744628906,MISC,MISC,128.85,OurAirports,2026-10-03,NO
QLD,YTUY,Tully Airport,-17.934582,145.938134,MISC,MISC,123.4,OurAirports,2026-10-03,NO
QLD,YTUY,Tully Airport,-17.934582,145.938134,CTAF,CTAF,124.6,OurAirports,2026-10-03,NO
QLD,YTUY,Tully Airport,-17.934582,145.938134,MISC,MISC,128.85,OurAirports,2026-10-03,NO
QLD,YUDL,Undilla Airport,-19.625,138.63299560546875,MISC,MISC,119.5,OurAirports,2026-10-03,NO
QLD,YUDL,Undilla Airport,-19.625,138.63299560546875,CTAF,CTAF,122.4,OurAirports,2026-10-03,NO
QLD,YUDG,Urandangi Airport,-21.59000015258789,138.35800170898438,MISC,MISC,119.5,OurAirports,2026-10-03,NO
QLD,YUDG,Urandangi Airport,-21.59000015258789,138.35800170898438,CTAF,CTAF,122.4,OurAirports,2026-10-03,NO
QLD,YVLG,Valley of Lagoons Airport,-18.66670036315918,145.10000610351562,MISC,MISC,119.5,OurAirports,2026-10-03,NO
QLD,YVLG,Valley of Lagoons Airport,-18.66670036315918,145.10000610351562,CTAF,CTAF,119.8,OurAirports,2026-10-03,NO
QLD,YVRS,Vanrook Station Airport,-16.961532,141.95227,MISC,MISC,118.6,OurAirports,2026-10-03,NO
QLD,YVRS,Vanrook Station Airport,-16.961532,141.95227,CTAF,CTAF,126.7,OurAirports,2026-10-03,NO
QLD,YVVL,Violet Vale Airport,-14.733714,143.589334,CTAF,CTAF,118.2,OurAirports,2026-10-03,NO
QLD,YVVL,Violet Vale Airport,-14.733714,143.589334,MISC,MISC,118.6,OurAirports,2026-10-03,NO
QLD,YWNS,Wandsworth Airport,-25.03091,143.67512,CTAF,CTAF,122.1,OurAirports,2026-10-03,NO
QLD,YWNS,Wandsworth Airport,-25.03091,143.67512,MISC,MISC,135.7,OurAirports,2026-10-03,NO
QLD,YWBS,Warraber Island Airport,-10.20829963684082,142.8249969482422,CTAF,CTAF,120.3,OurAirports,2026-10-03,NO
QLD,YWBS,Warraber Island Airport,-10.20829963684082,142.8249969482422,MISC,MISC,125.7,OurAirports,2026-10-03,NO
QLD,YWCK,Warwick Airport,-28.149401,151.942993,FSS,BRISBANE CNTR,121.2,OurAirports,2026-10-03,NO
QLD,YWCK,Warwick Airport,-28.149401,151.942993,CTAF,CTAF,127.85,OurAirports,2026-10-03,NO
QLD,YWNI,Wathanin Airport,-13.704303,141.554085,MISC,MISC,121.2,OurAirports,2026-10-03,NO
QLD,YWNI,Wathanin Airport,-13.704303,141.554085,CTAF,CTAF,122.1,OurAirports,2026-10-03,NO
QLD,YWTV,Watson River Airport,-13.228739,142.235548,MISC,MISC,121.2,OurAirports,2026-10-03,NO
QLD,YWTV,Watson River Airport,-13.228739,142.235548,CTAF,CTAF,122.1,OurAirports,2026-10-03,NO
QLD,YWAT,Wattle Hills Airport,-12.637238,143.041391,MISC,MISC,121.2,OurAirports,2026-10-03,NO
QLD,YWAT,Wattle Hills Airport,-12.637238,143.041391,CTAF,CTAF,122.1,OurAirports,2026-10-03,NO
QLD,YWSG,Watts Bridge Airport,-27.09830093383789,152.4600067138672,MISC,MISC,125,OurAirports,2026-10-03,NO
QLD,YWSG,Watts Bridge Airport,-27.09830093383789,152.4600067138672,CTAF,CTAF,127.3,OurAirports,2026-10-03,NO
QLD,YBWP,Weipa Airport,-12.677493,141.922618,RDO,BRISBANE CNTR,122.1,OurAirports,2026-10-03,NO
QLD,YBWP,Weipa Airport,-12.677493,141.922618,CTAF,CTAF,126.7,OurAirports,2026-10-03,NO
QLD,YWEC,Wellclose Airport,-25.850000381469727,145.10000610351562,MISC,MISC,119.6,OurAirports,2026-10-03,NO
QLD,YWEC,Wellclose Airport,-25.850000381469727,145.10000610351562,MISC,MISC,122.1,OurAirports,2026-10-03,NO
QLD,YWEC,Wellclose Airport,-25.850000381469727,145.10000610351562,CTAF,CTAF,126.7,OurAirports,2026-10-03,NO
QLD,YWWH,Wentford Homestead,-22.063921,147.721224,MISC,MISC,119.6,OurAirports,2026-10-03,NO
QLD,YWWH,Wentford Homestead,-22.063921,147.721224,MISC,MISC,122.1,OurAirports,2026-10-03,NO
QLD,YWWH,Wentford Homestead,-22.063921,147.721224,CTAF,CTAF,128.55,OurAirports,2026-10-03,NO
QLD,YWER,Wernadinga Airport,-18.124077,139.956121,MISC,MISC,119.6,OurAirports,2026-10-03,NO
QLD,YWER,Wernadinga Airport,-18.124077,139.956121,MISC,MISC,122.1,OurAirports,2026-10-03,NO
QLD,YWER,Wernadinga Airport,-18.124077,139.956121,CTAF,CTAF,125.7,OurAirports,2026-10-03,NO
QLD,YWML,Westmoreland Airport,-17.32098,138.238134,MISC,MISC,122.3,OurAirports,2026-10-03,NO
QLD,YWML,Westmoreland Airport,-17.32098,138.238134,MISC,MISC,126,OurAirports,2026-10-03,NO
QLD,YWML,Westmoreland Airport,-17.32098,138.238134,CTAF,CTAF,126.7,OurAirports,2026-10-03,NO
QLD,YWIS,Williamson Airport,-22.474254,150.179222,FSS,BRISBANE CNTR,119.55,OurAirports,2026-10-03,NO
QLD,YWIS,Williamson Airport,-22.474254,150.179222,CTAF,CTAF,126.7,OurAirports,2026-10-03,NO
QLD,YWDH,Windorah Airport,-25.410641,142.668428,FSS,BRISBANE CNTR,118.8,OurAirports,2026-10-03,NO
QLD,YWDH,Windorah Airport,-25.410641,142.668428,CTAF,CTAF,126.7,OurAirports,2026-10-03,NO
QLD,YWTN,Winton Airport,-22.36359977722168,143.08599853515625,FSS,BRISBANE CNTR,122.1,OurAirports,2026-10-03,NO
QLD,YWTN,Winton Airport,-22.36359977722168,143.08599853515625,CTAF,CTAF,126.7,OurAirports,2026-10-03,NO
QLD,YWRE,Wirralie Airport,-22.270000457763672,146.0500030517578,MISC,MISC,119.6,OurAirports,2026-10-03,NO
QLD,YWRE,Wirralie Airport,-22.270000457763672,146.0500030517578,MISC,MISC,122.1,OurAirports,2026-10-03,NO
QLD,YWRE,Wirralie Airport,-22.270000457763672,146.0500030517578,CTAF,CTAF,122.338,OurAirports,2026-10-03,NO
QLD,YWIE,Wirralie Gold Mine Airport,-21.126559,147.272887,MISC,MISC,119.6,OurAirports,2026-10-03,NO
QLD,YWIE,Wirralie Gold Mine Airport,-21.126559,147.272887,MISC,MISC,122.1,OurAirports,2026-10-03,NO
QLD,YWIE,Wirralie Gold Mine Airport,-21.126559,147.272887,CTAF,CTAF,128.55,OurAirports,2026-10-03,NO
QLD,YWND,Wondai Airport,-26.277392,151.861673,MISC,MISC,122.3,OurAirports,2026-10-03,NO
QLD,YWND,Wondai Airport,-26.277392,151.861673,MISC,MISC,124.6,OurAirports,2026-10-03,NO
QLD,YWND,Wondai Airport,-26.277392,151.861673,CTAF,CTAF,126.7,OurAirports,2026-10-03,NO
QLD,YWDL,Wondoola Airport,-18.5750007629,140.891998291,MISC,MISC,122.3,OurAirports,2026-10-03,NO
QLD,YWDL,Wondoola Airport,-18.5750007629,140.891998291,MISC,MISC,124.6,OurAirports,2026-10-03,NO
QLD,YWDL,Wondoola Airport,-18.5750007629,140.891998291,CTAF,CTAF,126.7,OurAirports,2026-10-03,NO
QLD,YWRA,Wooroona Airport,-20.481700897216797,138.16799926757812,MISC,MISC,122.3,OurAirports,2026-10-03,NO
QLD,YWRA,Wooroona Airport,-20.481700897216797,138.16799926757812,CTAF,CTAF,122.4,OurAirports,2026-10-03,NO
QLD,YWRA,Wooroona Airport,-20.481700897216797,138.16799926757812,MISC,MISC,124.6,OurAirports,2026-10-03,NO
QLD,YWMP,Wrotham Park Airport,-16.658915,143.999263,MISC,MISC,120.15,OurAirports,2026-10-03,NO
QLD,YWMP,Wrotham Park Airport,-16.658915,143.999263,CTAF,CTAF,126.7,OurAirports,2026-10-03,NO
QLD,YWDT,Wyandotte Airport,-18.753838,144.840761,CTAF,CTAF,119.8,OurAirports,2026-10-03,NO
QLD,YWDT,Wyandotte Airport,-18.753838,144.840761,MISC,MISC,120.15,OurAirports,2026-10-03,NO
QLD,YWYA,Wyandra Airport,-27.266700744628906,145.99000549316406,MISC,MISC,124.8,OurAirports,2026-10-03,NO
QLD,YWYA,Wyandra Airport,-27.266700744628906,145.99000549316406,MISC,MISC,125.1,OurAirports,2026-10-03,NO
QLD,YWYA,Wyandra Airport,-27.266700744628906,145.99000549316406,CTAF,CTAF,126.7,OurAirports,2026-10-03,NO
QLD,YYAC,Yacamunda Airport,-21.378643,147.100201,MISC,MISC,119.6,OurAirports,2026-10-03,NO
QLD,YYAC,Yacamunda Airport,-21.378643,147.100201,MISC,MISC,122.6,OurAirports,2026-10-03,NO
QLD,YYAC,Yacamunda Airport,-21.378643,147.100201,CTAF,CTAF,128.55,OurAirports,2026-10-03,NO
QLD,YYAK,Yalkulka Airport,-16.731384,145.347425,MISC,MISC,119.6,OurAirports,2026-10-03,NO
QLD,YYAK,Yalkulka Airport,-16.731384,145.347425,MISC,MISC,122.6,OurAirports,2026-10-03,NO
QLD,YYAK,Yalkulka Airport,-16.731384,145.347425,CTAF,CTAF,124.9,OurAirports,2026-10-03,NO
QLD,YYMI,Yam Island Airport,-9.899187,142.774265,MISC,MISC,119.6,OurAirports,2026-10-03,NO
QLD,YYMI,Yam Island Airport,-9.899187,142.774265,MISC,MISC,122.6,OurAirports,2026-10-03,NO
QLD,YYMI,Yam Island Airport,-9.899187,142.774265,CTAF,CTAF,124.9,OurAirports,2026-10-03,NO
QLD,YADM,Yandan Mine Airport,-21.274992,146.989697,MISC,MISC,119.6,OurAirports,2026-10-03,NO
QLD,YADM,Yandan Mine Airport,-21.274992,146.989697,MISC,MISC,122.6,OurAirports,2026-10-03,NO
QLD,YADM,Yandan Mine Airport,-21.274992,146.989697,CTAF,CTAF,128.55,OurAirports,2026-10-03,NO
QLD,YYBE,Yarrabee Mine Airport,-23.262014,149.01652,MISC,MISC,119.6,OurAirports,2026-10-03,NO
QLD,YYBE,Yarrabee Mine Airport,-23.262014,149.01652,CTAF,CTAF,122.3,OurAirports,2026-10-03,NO
QLD,YYBE,Yarrabee Mine Airport,-23.262014,149.01652,MISC,MISC,122.6,OurAirports,2026-10-03,NO
SA,YPAD,Adelaide International Airport,-34.947512,138.533393,APP/DEP,Approach (East),118.2,OurAirports,2026-10-03,NO
SA,YPAD,Adelaide International Airport,-34.947512,138.533393,TWR,TWR,120.5,OurAirports,2026-10-03,NO
SA,YPAD,Adelaide International Airport,-34.947512,138.533393,GND,GND,121.7,OurAirports,2026-10-03,NO
SA,YPAD,Adelaide International Airport,-34.947512,138.533393,APP/DEP,Approach (West),124.2,OurAirports,2026-10-03,NO
SA,YPAD,Adelaide International Airport,-34.947512,138.533393,CLD,CLNC DEL,126.1,OurAirports,2026-10-03,NO
SA,YPAD,Adelaide International Airport,-34.947512,138.533393,ATIS,,134.5,OurAirports,2026-10-03,NO
SA,YPPF,Adelaide Parafield Airport,-34.793300628699996,138.632995605,CTAF,CTAF,118.7,OurAirports,2026-10-03,NO
SA,YPPF,Adelaide Parafield Airport,-34.793300628699996,138.632995605,TWR,PARAFIELD TWR,118.7,OurAirports,2026-10-03,NO
SA,YPPF,Adelaide Parafield Airport,-34.793300628699996,138.632995605,GND,PARAFIELD GND,119.9,OurAirports,2026-10-03,NO
SA,YPPF,Adelaide Parafield Airport,-34.793300628699996,138.632995605,ATIS,ATIS,120.9,OurAirports,2026-10-03,NO
SA,YPPF,Adelaide Parafield Airport,-34.793300628699996,138.632995605,TWR,PARAFIELD TWR,124.6,OurAirports,2026-10-03,NO
SA,YADG,Aldinga Airport,-35.288753,138.49421,CTAF,Aldinga Traffic,127.15,OurAirports,2026-10-03,NO
SA,YADG,Aldinga Airport,-35.288753,138.49421,ATC,Adelaide Radar,130.45,OurAirports,2026-10-03,NO
SA,YADS,Alton Downs Airport,-26.488959,139.259906,CTAF,CTAF,118.3,OurAirports,2026-10-03,NO
SA,YADS,Alton Downs Airport,-26.488959,139.259906,MISC,MISC,119.8,OurAirports,2026-10-03,NO
SA,YAMK,Andamooka Airport,-30.438299,137.136993,MISC,MISC,122,OurAirports,2026-10-03,NO
SA,YAMK,Andamooka Airport,-30.438299,137.136993,CTAF,CTAF,126.7,OurAirports,2026-10-03,NO
SA,YANJ,Angatja Airport,-26.100000381469727,130.39999389648438,MISC,MISC,122,OurAirports,2026-10-03,NO
SA,YANJ,Angatja Airport,-26.100000381469727,130.39999389648438,CTAF,CTAF,126.7,OurAirports,2026-10-03,NO
SA,YANK,Anna Creek Airport,-28.89678,136.170795,MELBOURNE CENTRE,Centre Frequency from Circuit area,120.7,OurAirports,2026-10-03,NO
SA,YANK,Anna Creek Airport,-28.89678,136.170795,CTAF,Lake Eyre Broadcast area,127.8,OurAirports,2026-10-03,NO
SA,YAKG,Arckaringa Airport,-27.946699142456055,134.7449951171875,MISC,MISC,122.4,OurAirports,2026-10-03,NO
SA,YAKG,Arckaringa Airport,-27.946699142456055,134.7449951171875,CTAF,CTAF,134.4,OurAirports,2026-10-03,NO
SA,YARS,Ardrossan Airport,-34.447189,137.888292,MISC,MISC,122.4,OurAirports,2026-10-03,NO
SA,YARS,Ardrossan Airport,-34.447189,137.888292,CTAF,CTAF,134.4,OurAirports,2026-10-03,NO
SA,YARK,Arkaroola Airport,-30.4067,139.345993,CTAF,CTAF,121.2,OurAirports,2026-10-03,NO
SA,YBVA,Balaklava Airport,-34.090958,138.339801,MISC,MISC,120.6,OurAirports,2026-10-03,NO
SA,YBVA,Balaklava Airport,-34.090958,138.339801,MISC,MISC,121.85,OurAirports,2026-10-03,NO
SA,YBVA,Balaklava Airport,-34.090958,138.339801,CTAF,CTAF,122.423,OurAirports,2026-10-03,NO
SA,YBLC,Balcanoona Airport,-30.535,139.337006,MISC,MISC,120.6,OurAirports,2026-10-03,NO
SA,YBLC,Balcanoona Airport,-30.535,139.337006,MISC,MISC,121.85,OurAirports,2026-10-03,NO
SA,YBLC,Balcanoona Airport,-30.535,139.337006,CTAF,CTAF,122.6,OurAirports,2026-10-03,NO
SA,YBMR,Barmera Airport,-34.23469,140.476792,CTAF,CTAF,122.1,OurAirports,2026-10-03,NO
SA,YBMR,Barmera Airport,-34.23469,140.476792,MISC,MISC,132.1,OurAirports,2026-10-03,NO
SA,YBTN,Barton Siding Airport,-30.524589,132.675254,CTAF,CTAF,120.1,OurAirports,2026-10-03,NO
SA,YBTN,Barton Siding Airport,-30.524589,132.675254,MISC,MISC,122.4,OurAirports,2026-10-03,NO
SA,YBTN,Barton Siding Airport,-30.524589,132.675254,MISC,MISC,132.1,OurAirports,2026-10-03,NO
SA,YBEE,Beverley Airport,-30.190595,139.55532,MISC,MISC,132.1,OurAirports,2026-10-03,NO
SA,YBEE,Beverley Airport,-30.190595,139.55532,CTAF,CTAF,134.4,OurAirports,2026-10-03,NO
SA,YBLM,Blinman Airport,-31.118600845336914,138.7259979248047,CTAF,CTAF,121.2,OurAirports,2026-10-03,NO
SA,YBLM,Blinman Airport,-31.118600845336914,138.7259979248047,MISC,MISC,132.1,OurAirports,2026-10-03,NO
SA,YBLG,Bollards Lagoon Airport,-28.981855,140.857666,CTAF,CTAF,119.5,OurAirports,2026-10-03,NO
SA,YBLG,Bollards Lagoon Airport,-28.981855,140.857666,MISC,MISC,132.1,OurAirports,2026-10-03,NO
SA,YBBO,Bon Bon Airport,-30.403091,135.482042,CTAF,CTAF,119.5,OurAirports,2026-10-03,NO
SA,YBBO,Bon Bon Airport,-30.403091,135.482042,MISC,MISC,132.1,OurAirports,2026-10-03,NO
SA,YBOC,Booleroo Centre Airport,-32.88989,138.366382,CTAF,CTAF,123.4,OurAirports,2026-10-03,NO
SA,YBOC,Booleroo Centre Airport,-32.88989,138.366382,MISC,MISC,132.1,OurAirports,2026-10-03,NO
SA,YBOR,Bordertown Airport,-36.268104,140.721991,CTAF,CTAF,126.7,OurAirports,2026-10-03,NO
SA,YBOR,Bordertown Airport,-36.268104,140.721991,ML CEN,ML CEN 4000',135.45,OurAirports,2026-10-03,NO
SA,YBUL,Bulgunnia Airport,-30.184458,134.905157,CTAF,CTAF,118.4,OurAirports,2026-10-03,NO
SA,YBUL,Bulgunnia Airport,-30.184458,134.905157,MISC,MISC,119.6,OurAirports,2026-10-03,NO
SA,YBUL,Bulgunnia Airport,-30.184458,134.905157,MISC,MISC,123.9,OurAirports,2026-10-03,NO
SA,YCDH,Cadney Homestead Airport,-27.907286,134.056377,MISC,MISC,120.7,OurAirports,2026-10-03,NO
SA,YCDH,Cadney Homestead Airport,-27.907286,134.056377,CTAF,CTAF,126.7,OurAirports,2026-10-03,NO
SA,YCLE,Callendale Airport,-37.24330139160156,140.44500732421875,MISC,MISC,120.7,OurAirports,2026-10-03,NO
SA,YCLE,Callendale Airport,-37.24330139160156,140.44500732421875,MISC,MISC,134.2,OurAirports,2026-10-03,NO
SA,YCRT,Carrieton Airport,-32.41669845581055,138.51699829101562,MISC,MISC,119.6,OurAirports,2026-10-03,NO
SA,YCRT,Carrieton Airport,-32.41669845581055,138.51699829101562,MISC,MISC,122.1,OurAirports,2026-10-03,NO
SA,YCRT,Carrieton Airport,-32.41669845581055,138.51699829101562,CTAF,CTAF,123.9,OurAirports,2026-10-03,NO
SA,YCDU,Ceduna Airport,-32.13059997558594,133.7100067138672,FSS,MELBOURNE CNTR,122.1,OurAirports,2026-10-03,NO
SA,YCDU,Ceduna Airport,-32.13059997558594,133.7100067138672,CTAF,CTAF,126.7,OurAirports,2026-10-03,NO
SA,YCHR,Childra Airport,-31.700000762939453,134.83299255371094,MISC,MISC,122.1,OurAirports,2026-10-03,NO
SA,YCHR,Childra Airport,-31.700000762939453,134.83299255371094,CTAF,CTAF,122.4,OurAirports,2026-10-03,NO
SA,YCHR,Childra Airport,-31.700000762939453,134.83299255371094,MISC,MISC,122.4,OurAirports,2026-10-03,NO
SA,YCVA,Clare Valley Aerodrome,-33.710292,138.584916,CTAF,,126.7,OurAirports,2026-10-03,NO
SA,YCEE,Cleve Airport,-33.709702,136.505005,FSS,MELBOURNE CNTR,125.9,OurAirports,2026-10-03,NO
SA,YCEE,Cleve Airport,-33.709702,136.505005,CTAF,CTAF/UNICOM,126.7,OurAirports,2026-10-03,NO
SA,YCFH,Clifton Hills Airport,-27.018299,138.891998,MISC,MISC,122.8,OurAirports,2026-10-03,NO
SA,YCFH,Clifton Hills Airport,-27.018299,138.891998,MISC,MISC,125.9,OurAirports,2026-10-03,NO
SA,YCFH,Clifton Hills Airport,-27.018299,138.891998,CTAF,CTAF,126.7,OurAirports,2026-10-03,NO
SA,YCOF,Coffin Bay Airport,-34.589022,135.509115,MISC,MISC,118.1,OurAirports,2026-10-03,NO
SA,YCOF,Coffin Bay Airport,-34.589022,135.509115,MISC,MISC,119.6,OurAirports,2026-10-03,NO
SA,YCOF,Coffin Bay Airport,-34.589022,135.509115,CTAF,CTAF,125.9,OurAirports,2026-10-03,NO
SA,YCWH,Commonwealth Hill Airport,-29.957231,134.151789,MISC,MISC,118.1,OurAirports,2026-10-03,NO
SA,YCWH,Commonwealth Hill Airport,-29.957231,134.151789,MISC,MISC,119.6,OurAirports,2026-10-03,NO
SA,YCWH,Commonwealth Hill Airport,-29.957231,134.151789,MISC,MISC,120,OurAirports,2026-10-03,NO
SA,YCWH,Commonwealth Hill Airport,-29.957231,134.151789,CTAF,CTAF,122.3,OurAirports,2026-10-03,NO
SA,YCBP,Coober Pedy Airport,-29.038312,134.722166,FSS,MELBOURNE CNTR,120.7,OurAirports,2026-10-03,NO
SA,YCBP,Coober Pedy Airport,-29.038312,134.722166,CTAF,CTAF,126.7,OurAirports,2026-10-03,NO
SA,YOOK,Cook Airport,-30.61829948425293,130.406005859375,MISC,MISC,124.1,OurAirports,2026-10-03,NO
SA,YOOK,Cook Airport,-30.61829948425293,130.406005859375,CTAF,CTAF,126.7,OurAirports,2026-10-03,NO
SA,YCNQ,Coonawarra Airport,-37.277187,140.811759,CTAF,CTAF,122.1,OurAirports,2026-10-03,NO
SA,YCNQ,Coonawarra Airport,-37.277187,140.811759,MISC,MISC,124.1,OurAirports,2026-10-03,NO
SA,YCDB,Coondambo Airport,-31.053413,135.864401,CTAF,CTAF,122.1,OurAirports,2026-10-03,NO
SA,YCDB,Coondambo Airport,-31.053413,135.864401,MISC,MISC,124.1,OurAirports,2026-10-03,NO
SA,YCNG,Cooranga Airport,-36.81999969482422,140.2729949951172,CTAF,CTAF,118.6,OurAirports,2026-10-03,NO
SA,YCNG,Cooranga Airport,-36.81999969482422,140.2729949951172,MISC,MISC,124.1,OurAirports,2026-10-03,NO
SA,YCPH,Copper Hills Airstrip,-27.94948,134.335818,CTAF,CTAF,120.7,OurAirports,2026-10-03,NO
SA,YCPH,Copper Hills Airstrip,-27.94948,134.335818,MISC,MISC,124.1,OurAirports,2026-10-03,NO
SA,YCOD,Cordillo Downs Airport,-26.74530029296875,140.63800048828125,MISC,MISC,124.1,OurAirports,2026-10-03,NO
SA,YCOD,Cordillo Downs Airport,-26.74530029296875,140.63800048828125,CTAF,CTAF,125.9,OurAirports,2026-10-03,NO
SA,YCWI,Cowarie Airport,-27.711700439453125,138.3280029296875,CTAF,CTAF,119.5,OurAirports,2026-10-03,NO
SA,YCWI,Cowarie Airport,-27.711700439453125,138.3280029296875,MISC,MISC,124.1,OurAirports,2026-10-03,NO
SA,YCWL,Cowell Airport,-33.666698,136.891998,MISC,MISC,120.6,OurAirports,2026-10-03,NO
SA,YCWL,Cowell Airport,-33.666698,136.891998,MISC,MISC,125.9,OurAirports,2026-10-03,NO
SA,YCWL,Cowell Airport,-33.666698,136.891998,CTAF,CTAF,126.7,OurAirports,2026-10-03,NO
SA,YCUS,Cummins Airport,-34.215147,135.634455,FSS,MELBOURNE CNTR,125.9,OurAirports,2026-10-03,NO
SA,YCUS,Cummins Airport,-34.215147,135.634455,CTAF,CTAF,126.7,OurAirports,2026-10-03,NO
SA,YCMM,Cummins Town Airport,-34.253133,135.709616,MISC,MISC,122.6,OurAirports,2026-10-03,NO
SA,YCMM,Cummins Town Airport,-34.253133,135.709616,CTAF,CTAF,125.9,OurAirports,2026-10-03,NO
SA,YCKA,Curdimurka Airport,-29.476699829101562,137.08799743652344,MISC,MISC,120.7,OurAirports,2026-10-03,NO
SA,YCKA,Curdimurka Airport,-29.476699829101562,137.08799743652344,CTAF,CTAF,121.2,OurAirports,2026-10-03,NO
SA,YCKA,Curdimurka Airport,-29.476699829101562,137.08799743652344,MISC,MISC,126.7,OurAirports,2026-10-03,NO
SA,DALH,Dalhousie Airport,-26.423045,135.509276,MELBOURNE CENTRE,Centre Frequency from Circuit area,120.7,OurAirports,2026-10-03,NO
SA,DALH,Dalhousie Airport,-26.423045,135.509276,CTAF,CTAF,126.7,OurAirports,2026-10-03,NO
SA,YDRL,De Rose Hill Airport,-26.435838,133.259954,CTAF,CTAF,120.7,OurAirports,2026-10-03,NO
SA,YDRL,De Rose Hill Airport,-26.435838,133.259954,MISC,MISC,122.1,OurAirports,2026-10-03,NO
SA,YDLK,Dulkaninna Airport,-29.0132999420166,138.4810028076172,CTAF,CTAF,121.2,OurAirports,2026-10-03,NO
SA,YDLK,Dulkaninna Airport,-29.0132999420166,138.4810028076172,MISC,MISC,132.9,OurAirports,2026-10-03,NO
SA,YDGI,Dullingari Airport,-28.13330078125,140.8820037841797,CTAF,CTAF,121.2,OurAirports,2026-10-03,NO
SA,YDGI,Dullingari Airport,-28.13330078125,140.8820037841797,MISC,MISC,132.9,OurAirports,2026-10-03,NO
SA,YELN,Elliston Airport,-33.638302,134.899994,CTAF,CTAF,118.1,OurAirports,2026-10-03,NO
SA,YELN,Elliston Airport,-33.638302,134.899994,MISC,MISC,128.6,OurAirports,2026-10-03,NO
SA,YEMJ,Emu Junction Airport,-28.63330078125,132.18299865722656,MISC,MISC,118.15,OurAirports,2026-10-03,NO
SA,YEMJ,Emu Junction Airport,-28.63330078125,132.18299865722656,CTAF,CTAF,127.1,OurAirports,2026-10-03,NO
SA,YERN,Ernabella Airport,-26.2632999420166,132.1820068359375,MISC,MISC,118.15,OurAirports,2026-10-03,NO
SA,YERN,Ernabella Airport,-26.2632999420166,132.1820068359375,CTAF,CTAF,127.1,OurAirports,2026-10-03,NO
SA,YERU,Erudina Airport,-31.434499740600586,139.4250030517578,MISC,MISC,118.15,OurAirports,2026-10-03,NO
SA,YERU,Erudina Airport,-31.434499740600586,139.4250030517578,CTAF,CTAF,122.6,OurAirports,2026-10-03,NO
SA,YEDA,Etadunna Airport,-28.740801,138.589005,MISC,MISC,119.8,OurAirports,2026-10-03,NO
SA,YEDA,Etadunna Airport,-28.740801,138.589005,MISC,MISC,121.3,OurAirports,2026-10-03,NO
SA,YEDA,Etadunna Airport,-28.740801,138.589005,CTAF,CTAF,126.7,OurAirports,2026-10-03,NO
SA,YEYD,Evelyn Downs Airport,-28.204700469970703,134.48800659179688,CTAF,CTAF,118.1,OurAirports,2026-10-03,NO
SA,YEYD,Evelyn Downs Airport,-28.204700469970703,134.48800659179688,MISC,MISC,119.8,OurAirports,2026-10-03,NO
SA,YEYD,Evelyn Downs Airport,-28.204700469970703,134.48800659179688,MISC,MISC,121.3,OurAirports,2026-10-03,NO
SA,YEVP,Everard Park Airport,-27.038988,132.688585,MISC,MISC,119.8,OurAirports,2026-10-03,NO
SA,YEVP,Everard Park Airport,-27.038988,132.688585,CTAF,CTAF,120.7,OurAirports,2026-10-03,NO
SA,YEVP,Everard Park Airport,-27.038988,132.688585,MISC,MISC,121.3,OurAirports,2026-10-03,NO
SA,YFFT,Farrell Flat Airport,-33.846753,138.777419,MISC,MISC,119.8,OurAirports,2026-10-03,NO
SA,YFFT,Farrell Flat Airport,-33.846753,138.777419,MISC,MISC,121.3,OurAirports,2026-10-03,NO
SA,YFFT,Farrell Flat Airport,-33.846753,138.777419,CTAF,CTAF,122.4,OurAirports,2026-10-03,NO
SA,YFLS,Flinders Island Airport,-33.730989,134.501,MISC,MISC,124.8,OurAirports,2026-10-03,NO
SA,YFLS,Flinders Island Airport,-33.730989,134.501,CTAF,CTAF,125.9,OurAirports,2026-10-03,NO
SA,YFRG,Fregon Airport,-26.774999618530273,132.01699829101562,MISC,MISC,119.6,OurAirports,2026-10-03,NO
SA,YFRG,Fregon Airport,-26.774999618530273,132.01699829101562,CTAF,CTAF,123.9,OurAirports,2026-10-03,NO
SA,YFRG,Fregon Airport,-26.774999618530273,132.01699829101562,MISC,MISC,134.2,OurAirports,2026-10-03,NO
SA,YFRD,Frome Downs Airport,-31.216699600219727,139.75,MISC,MISC,119.6,OurAirports,2026-10-03,NO
SA,YFRD,Frome Downs Airport,-31.216699600219727,139.75,CTAF,CTAF,122.6,OurAirports,2026-10-03,NO
SA,YFRD,Frome Downs Airport,-31.216699600219727,139.75,MISC,MISC,134.2,OurAirports,2026-10-03,NO
SA,YGAW,Gawler Airport,-34.599934,138.719055,ED TWR,If flying east into EDX Control Zone when not active ensure you,118.3,OurAirports,2026-10-03,NO
SA,YGAW,Gawler Airport,-34.599934,138.719055,CTAF,Gawler Traffic,126.55,OurAirports,2026-10-03,NO
SA,YGAW,Gawler Airport,-34.599934,138.719055,MULTICOM,If flying west into the barossa monitor 126.7,126.7,OurAirports,2026-10-03,NO
SA,YGAW,Gawler Airport,-34.599934,138.719055,AD CEN,Adelaide Centre,130.45,OurAirports,2026-10-03,NO
SA,YGLD,Glendambo Airport,-30.981583,135.777744,MISC,MISC,120.7,OurAirports,2026-10-03,NO
SA,YGLD,Glendambo Airport,-30.981583,135.777744,CTAF,CTAF,122.6,OurAirports,2026-10-03,NO
SA,YGWA,Goolwa Airport,-35.480085,138.744267,MISC,MISC,124.3,OurAirports,2026-10-03,NO
SA,YGWA,Goolwa Airport,-35.480085,138.744267,CTAF,CTAF,126.7,OurAirports,2026-10-03,NO
SA,YGDW,Granite Downs Airport,-26.948299,133.606995,MISC,MISC,119.6,OurAirports,2026-10-03,NO
SA,YGDW,Granite Downs Airport,-26.948299,133.606995,MISC,MISC,125,OurAirports,2026-10-03,NO
SA,YGDW,Granite Downs Airport,-26.948299,133.606995,CTAF,CTAF,127.8,OurAirports,2026-10-03,NO
SA,YHMT,Hamilton Airport,-26.719999313354492,135.072998046875,MISC,MISC,118.6,OurAirports,2026-10-03,NO
SA,YHMT,Hamilton Airport,-26.719999313354492,135.072998046875,CTAF,CTAF,120.7,OurAirports,2026-10-03,NO
SA,YHMT,Hamilton Airport,-26.719999313354492,135.072998046875,MISC,MISC,125.3,OurAirports,2026-10-03,NO
SA,YHTA,Hiltaba Airport,-32.14250183105469,135.0989990234375,MISC,MISC,118.6,OurAirports,2026-10-03,NO
SA,YHTA,Hiltaba Airport,-32.14250183105469,135.0989990234375,CTAF,CTAF,122.1,OurAirports,2026-10-03,NO
SA,YHTA,Hiltaba Airport,-32.14250183105469,135.0989990234375,MISC,MISC,125.3,OurAirports,2026-10-03,NO
SA,YJST,Hubert Wilkins Airstrip,-33.1920845053,138.615531921,CTAF,CTAF,123.9,OurAirports,2026-10-03,NO
SA,YJST,Hubert Wilkins Airstrip,-33.1920845053,138.615531921,MISC,MISC,124.1,OurAirports,2026-10-03,NO
SA,YHGS,Hughes Siding Airport,-30.716622,129.50808,CTAF,CTAF,122.1,OurAirports,2026-10-03,NO
SA,YHGS,Hughes Siding Airport,-30.716622,129.50808,MISC,MISC,134.2,OurAirports,2026-10-03,NO
SA,AU-0050,Huntfield Airfield,-35.1725454513,138.493609428,CTAF,,126.7,OurAirports,2026-10-03,NO
SA,YIDK,Indulkana Airport,-26.965435,133.321989,CTAF,CTAF,119.8,OurAirports,2026-10-03,NO
SA,YIDK,Indulkana Airport,-26.965435,133.321989,MISC,MISC,134.2,OurAirports,2026-10-03,NO
SA,YIGR,Ingomar Airport,-29.63330078125,134.79299926757812,CTAF,CTAF,120.7,OurAirports,2026-10-03,NO
SA,YIGR,Ingomar Airport,-29.63330078125,134.79299926757812,MISC,MISC,134.2,OurAirports,2026-10-03,NO
SA,YINN,Innamincka Airport,-27.697589,140.739498,CTAF,CTAF,119.5,OurAirports,2026-10-03,NO
SA,YKDI,Kadina Airport,-33.96963,137.659748,CTAF,CTAF,120.5,OurAirports,2026-10-03,NO
SA,YKDI,Kadina Airport,-33.96963,137.659748,MISC,MISC,122.6,OurAirports,2026-10-03,NO
SA,YKDI,Kadina Airport,-33.96963,137.659748,MISC,MISC,123.9,OurAirports,2026-10-03,NO
SA,YKDI,Kadina Airport,-33.96963,137.659748,MISC,MISC,127.05,OurAirports,2026-10-03,NO
SA,YKLR,Kalamurina Airport,-27.716699600219727,138.26199340820312,CTAF,CTAF,120.5,OurAirports,2026-10-03,NO
SA,YKLR,Kalamurina Airport,-27.716699600219727,138.26199340820312,MISC,MISC,122.6,OurAirports,2026-10-03,NO
SA,YKLR,Kalamurina Airport,-27.716699600219727,138.26199340820312,MISC,MISC,123.9,OurAirports,2026-10-03,NO
SA,YKLR,Kalamurina Airport,-27.716699600219727,138.26199340820312,MISC,MISC,127.05,OurAirports,2026-10-03,NO
SA,YKWG,Kangaroo Well Airport,-31.78499984741211,135.63800048828125,MISC,MISC,120.6,OurAirports,2026-10-03,NO
SA,YKWG,Kangaroo Well Airport,-31.78499984741211,135.63800048828125,MISC,MISC,122.1,OurAirports,2026-10-03,NO
SA,YKWG,Kangaroo Well Airport,-31.78499984741211,135.63800048828125,CTAF,CTAF,123.9,OurAirports,2026-10-03,NO
SA,YKAP,Kapunda Airport,-34.247027,138.914105,MISC,MISC,120.6,OurAirports,2026-10-03,NO
SA,YKAP,Kapunda Airport,-34.247027,138.914105,MISC,MISC,122.1,OurAirports,2026-10-03,NO
SA,YKAP,Kapunda Airport,-34.247027,138.914105,CTAF,CTAF,128.6,OurAirports,2026-10-03,NO
SA,YKTH,Keith Airport,-36.115135,140.252237,MISC,MISC,122.4,OurAirports,2026-10-03,NO
SA,YKTH,Keith Airport,-36.115135,140.252237,CTAF,CTAF,124.3,OurAirports,2026-10-03,NO
SA,YKTH,Keith Airport,-36.115135,140.252237,MISC,MISC,127.3,OurAirports,2026-10-03,NO
SA,YKEN,Kenmore Park Airport,-26.33329963684082,132.4669952392578,CTAF,CTAF,121.85,OurAirports,2026-10-03,NO
SA,YKEN,Kenmore Park Airport,-26.33329963684082,132.4669952392578,MISC,MISC,122.4,OurAirports,2026-10-03,NO
SA,YKEN,Kenmore Park Airport,-26.33329963684082,132.4669952392578,MISC,MISC,127.3,OurAirports,2026-10-03,NO
SA,YIMB,Kimba Airport,-33.093182,136.466315,MISC,MISC,122.4,OurAirports,2026-10-03,NO
SA,YIMB,Kimba Airport,-33.093182,136.466315,MISC,MISC,123.9,OurAirports,2026-10-03,NO
SA,YIMB,Kimba Airport,-33.093182,136.466315,CTAF,CTAF,124.1,OurAirports,2026-10-03,NO
SA,YIMB,Kimba Airport,-33.093182,136.466315,MISC,MISC,127.3,OurAirports,2026-10-03,NO
SA,YKGA,Kingoonya Airport,-30.914376,135.307252,CTAF,CTAF,122,OurAirports,2026-10-03,NO
SA,YKGA,Kingoonya Airport,-30.914376,135.307252,MISC,MISC,122.4,OurAirports,2026-10-03,NO
SA,YKGA,Kingoonya Airport,-30.914376,135.307252,MISC,MISC,127.3,OurAirports,2026-10-03,NO
SA,YKSC,Kingscote Airport,-35.71390151977539,137.52099609375,FSS,MELBOURNE CNTR,123.05,OurAirports,2026-10-03,NO
SA,YKSC,Kingscote Airport,-35.71390151977539,137.52099609375,CTAF,CTAF,126,OurAirports,2026-10-03,NO
SA,YKIG,Kingston Airport,-36.823299407958984,139.875,CTAF,CTAF,121.8,OurAirports,2026-10-03,NO
SA,YKIG,Kingston Airport,-36.823299407958984,139.875,MISC,MISC,122.3,OurAirports,2026-10-03,NO
SA,YKIG,Kingston Airport,-36.823299407958984,139.875,MISC,MISC,123.05,OurAirports,2026-10-03,NO
SA,YKKH,Kokatha Airport,-31.29170036315918,135.24200439453125,MISC,MISC,120,OurAirports,2026-10-03,NO
SA,YKKH,Kokatha Airport,-31.29170036315918,135.24200439453125,MISC,MISC,122.3,OurAirports,2026-10-03,NO
SA,YKKH,Kokatha Airport,-31.29170036315918,135.24200439453125,MISC,MISC,123.05,OurAirports,2026-10-03,NO
SA,YKKH,Kokatha Airport,-31.29170036315918,135.24200439453125,CTAF,CTAF,124.1,OurAirports,2026-10-03,NO
SA,YKOL,Kolendo Airport,-32.41579818725586,136.29800415039062,MISC,MISC,122.3,OurAirports,2026-10-03,NO
SA,YKOL,Kolendo Airport,-32.41579818725586,136.29800415039062,MISC,MISC,123.05,OurAirports,2026-10-03,NO
SA,YKOL,Kolendo Airport,-32.41579818725586,136.29800415039062,CTAF,CTAF,123.9,OurAirports,2026-10-03,NO
SA,YKDL,Kondoolka Airport,-32.02389907836914,134.86099243164062,CTAF,CTAF,122.1,OurAirports,2026-10-03,NO
SA,YKDL,Kondoolka Airport,-32.02389907836914,134.86099243164062,MISC,MISC,122.3,OurAirports,2026-10-03,NO
SA,YKDL,Kondoolka Airport,-32.02389907836914,134.86099243164062,MISC,MISC,123.05,OurAirports,2026-10-03,NO
SA,YLVD,Lake Everard Airport,-31.733299255371094,135.02699279785156,CTAF,CTAF,122.1,OurAirports,2026-10-03,NO
SA,YLVD,Lake Everard Airport,-31.733299255371094,135.02699279785156,MISC,MISC,122.4,OurAirports,2026-10-03,NO
SA,YLVD,Lake Everard Airport,-31.733299255371094,135.02699279785156,MISC,MISC,125.3,OurAirports,2026-10-03,NO
SA,YLAM,Lambina Airport,-26.913299560546875,134.05799865722656,CTAF,CTAF,120.7,OurAirports,2026-10-03,NO
SA,YLAM,Lambina Airport,-26.913299560546875,134.05799865722656,MISC,MISC,122.4,OurAirports,2026-10-03,NO
SA,YLAM,Lambina Airport,-26.913299560546875,134.05799865722656,MISC,MISC,125.3,OurAirports,2026-10-03,NO
SA,YLAO,Lameroo Airport,-35.36669921875,140.5500030517578,MISC,MISC,122.4,OurAirports,2026-10-03,NO
SA,YLAO,Lameroo Airport,-35.36669921875,140.5500030517578,CTAF,CTAF,124.3,OurAirports,2026-10-03,NO
SA,YLAO,Lameroo Airport,-35.36669921875,140.5500030517578,MISC,MISC,125.3,OurAirports,2026-10-03,NO
SA,YLEC,Leigh Creek Airport,-30.598301,138.425995,FSS,MELBOURNE CNTR,121.2,OurAirports,2026-10-03,NO
SA,YLEC,Leigh Creek Airport,-30.598301,138.425995,CTAF,CTAF,126.7,OurAirports,2026-10-03,NO
SA,YLEC,Leigh Creek Airport,-30.598301,138.425995,UNIC,LEIGH CREEK UNICOM,126.7,OurAirports,2026-10-03,NO
SA,YLOK,Lock Airport,-33.5442008972168,135.6929931640625,MISC,MISC,118.4,OurAirports,2026-10-03,NO
SA,YLOK,Lock Airport,-33.5442008972168,135.6929931640625,MISC,MISC,119.6,OurAirports,2026-10-03,NO
SA,YLOK,Lock Airport,-33.5442008972168,135.6929931640625,CTAF,CTAF,125.9,OurAirports,2026-10-03,NO
SA,YLOX,Loxton Airport,-34.474998,140.662994,MISC,MISC,118.4,OurAirports,2026-10-03,NO
SA,YLOX,Loxton Airport,-34.474998,140.662994,MISC,MISC,119.6,OurAirports,2026-10-03,NO
SA,YLUI,Lucindale Airport,-36.97169876098633,140.3520050048828,MISC,MISC,118.4,OurAirports,2026-10-03,NO
SA,YLUI,Lucindale Airport,-36.97169876098633,140.3520050048828,MISC,MISC,119.6,OurAirports,2026-10-03,NO
SA,YLUI,Lucindale Airport,-36.97169876098633,140.3520050048828,CTAF,CTAF,124.3,OurAirports,2026-10-03,NO
SA,YLYK,Lyndoch Airport,-34.61828,138.911362,MISC,MISC,118.4,OurAirports,2026-10-03,NO
SA,YLYK,Lyndoch Airport,-34.61828,138.911362,MISC,MISC,119.6,OurAirports,2026-10-03,NO
SA,YLYK,Lyndoch Airport,-34.61828,138.911362,CTAF,CTAF,124.3,OurAirports,2026-10-03,NO
SA,YMAK,Mabel Creek Station Airport,-28.928918,134.328547,MISC,MISC,118.4,OurAirports,2026-10-03,NO
SA,YMAK,Mabel Creek Station Airport,-28.928918,134.328547,MISC,MISC,119.6,OurAirports,2026-10-03,NO
SA,YMAK,Mabel Creek Station Airport,-28.928918,134.328547,CTAF,CTAF,124.3,OurAirports,2026-10-03,NO
SA,YMAC,Macumba Airport,-27.261699676513672,135.63800048828125,MISC,MISC,118.4,OurAirports,2026-10-03,NO
SA,YMAC,Macumba Airport,-27.261699676513672,135.63800048828125,MISC,MISC,119.6,OurAirports,2026-10-03,NO
SA,YMAC,Macumba Airport,-27.261699676513672,135.63800048828125,CTAF,CTAF,120.7,OurAirports,2026-10-03,NO
SA,YMWO,Mahanewo Airport,-31.718299865722656,136.43299865722656,MISC,MISC,118.4,OurAirports,2026-10-03,NO
SA,YMWO,Mahanewo Airport,-31.718299865722656,136.43299865722656,MISC,MISC,119.6,OurAirports,2026-10-03,NO
SA,YMWO,Mahanewo Airport,-31.718299865722656,136.43299865722656,CTAF,CTAF,120.7,OurAirports,2026-10-03,NO
SA,YMLD,Maitland Airport,-34.39117,137.707717,MISC,MISC,118.4,OurAirports,2026-10-03,NO
SA,YMLD,Maitland Airport,-34.39117,137.707717,CTAF,CTAF,119.6,OurAirports,2026-10-03,NO
SA,YMLD,Maitland Airport,-34.39117,137.707717,MISC,MISC,119.6,OurAirports,2026-10-03,NO
SA,YMLD,Maitland Airport,-34.39117,137.707717,MISC,MISC,127.05,OurAirports,2026-10-03,NO
SA,YMAI,Manguri Airport,-28.986814,134.391354,MISC,MISC,118.4,OurAirports,2026-10-03,NO
SA,YMAI,Manguri Airport,-28.986814,134.391354,MISC,MISC,119.6,OurAirports,2026-10-03,NO
SA,YMAI,Manguri Airport,-28.986814,134.391354,CTAF,CTAF,120.7,OurAirports,2026-10-03,NO
SA,YMRA,Maralinga Airport,-30.163299560546875,131.625,MISC,MISC,120,OurAirports,2026-10-03,NO
SA,YMRA,Maralinga Airport,-30.163299560546875,131.625,MISC,MISC,120.6,OurAirports,2026-10-03,NO
SA,YMRA,Maralinga Airport,-30.163299560546875,131.625,CTAF,CTAF,122.4,OurAirports,2026-10-03,NO
SA,YMRA,Maralinga Airport,-30.163299560546875,131.625,MISC,MISC,123.4,OurAirports,2026-10-03,NO
SA,YALA,Marla Airport,-27.334298,133.627696,MISC,MISC,120.2,OurAirports,2026-10-03,NO
SA,YMRE,Marree Airport,-29.6633,138.065002,MELBOURNE CENTRE,Melbourne Centre,121.2,OurAirports,2026-10-03,NO
SA,YMRE,Marree Airport,-29.6633,138.065002,CTAF,Lake Eyre Broadcast area,127.8,OurAirports,2026-10-03,NO
SA,YMTW,Martins Well Airport,-31.473600387573242,139.11099243164062,MISC,MISC,121.2,OurAirports,2026-10-03,NO
SA,YMTW,Martins Well Airport,-31.473600387573242,139.11099243164062,CTAF,CTAF,122.6,OurAirports,2026-10-03,NO
SA,YNIN,Meningie Airport,-35.701002,139.345522,CTAF,CTAF,126.7,OurAirports,2026-10-03,NO
SA,YMYT,Merty Merty Airport,-28.582713,140.303264,MISC,MISC,119.5,OurAirports,2026-10-03,NO
SA,YMYT,Merty Merty Airport,-28.582713,140.303264,CTAF,CTAF,126.7,OurAirports,2026-10-03,NO
SA,YMCT,Millicent Airport,-37.58359909057617,140.36599731445312,FSS,MELBOURNE CNTR,125.8,OurAirports,2026-10-03,NO
SA,YMCT,Millicent Airport,-37.58359909057617,140.36599731445312,CTAF,CTAF,126.7,OurAirports,2026-10-03,NO
SA,YMIN,Minlaton Airport,-34.743801,137.529087,MISC,MISC,118.15,OurAirports,2026-10-03,NO
SA,YMIN,Minlaton Airport,-34.743801,137.529087,CTAF,CTAF,120.6,OurAirports,2026-10-03,NO
SA,YMIN,Minlaton Airport,-34.743801,137.529087,MISC,MISC,127.05,OurAirports,2026-10-03,NO
SA,YMPA,Minnipa Airport,-32.843299865722656,135.14500427246094,MISC,MISC,118.15,OurAirports,2026-10-03,NO
SA,YMPA,Minnipa Airport,-32.843299865722656,135.14500427246094,CTAF,CTAF,125.9,OurAirports,2026-10-03,NO
SA,YMIB,Mintabie Airport,-27.329685,133.302784,MISC,MISC,118.15,OurAirports,2026-10-03,NO
SA,YMIB,Mintabie Airport,-27.329685,133.302784,CTAF,CTAF,120.7,OurAirports,2026-10-03,NO
SA,YLLA,Mobella Airport,-29.79829978942871,133.34500122070312,CTAF,CTAF,122.1,OurAirports,2026-10-03,NO
SA,YLLA,Mobella Airport,-29.79829978942871,133.34500122070312,MISC,MISC,132.9,OurAirports,2026-10-03,NO
SA,YMWT,Moolawatana Airport,-29.9069,139.765,CTAF,CTAF,119.5,OurAirports,2026-10-03,NO
SA,YMWT,Moolawatana Airport,-29.9069,139.765,MISC,MISC,132.9,OurAirports,2026-10-03,NO
SA,YLUL,Mooleulooloo Airport,-31.643356,140.512948,CTAF,CTAF,122.6,OurAirports,2026-10-03,NO
SA,YLUL,Mooleulooloo Airport,-31.643356,140.512948,MISC,MISC,132.9,OurAirports,2026-10-03,NO
SA,YOOM,Moomba Airport,-28.0994,140.197006,FSS,MELBOURNE CNTR,119.5,OurAirports,2026-10-03,NO
SA,YOOM,Moomba Airport,-28.0994,140.197006,CTAF,CTAF,126.7,OurAirports,2026-10-03,NO
SA,YMOE,Moonaree Airport,-31.966100692749023,135.875,MISC,MISC,119.5,OurAirports,2026-10-03,NO
SA,YMOE,Moonaree Airport,-31.966100692749023,135.875,CTAF,CTAF,126.7,OurAirports,2026-10-03,NO
SA,YMNB,Mount Barry Airport,-28.233299255371094,135,CTAF,CTAF,122.1,OurAirports,2026-10-03,NO
SA,YMNB,Mount Barry Airport,-28.233299255371094,135,MISC,MISC,124.8,OurAirports,2026-10-03,NO
SA,YMTC,Mount Clarence Airport,-28.826959,134.352123,CTAF,CTAF,124.1,OurAirports,2026-10-03,NO
SA,YMTC,Mount Clarence Airport,-28.826959,134.352123,MISC,MISC,124.8,OurAirports,2026-10-03,NO
SA,YMTX,Mount Dare Airport,-26.06170082092285,135.2469940185547,CTAF,CTAF,120.7,OurAirports,2026-10-03,NO
SA,YMTX,Mount Dare Airport,-26.06170082092285,135.2469940185547,MISC,MISC,124.8,OurAirports,2026-10-03,NO
SA,YMDV,Mount Davies Airport,-26.16670036315918,129.13299560546875,CTAF,CTAF,121.85,OurAirports,2026-10-03,NO
SA,YMDV,Mount Davies Airport,-26.16670036315918,129.13299560546875,MISC,MISC,124.8,OurAirports,2026-10-03,NO
SA,YMEB,Mount Eba Airport,-30.178595,135.673599,CTAF,CTAF,119.8,OurAirports,2026-10-03,NO
SA,YMEB,Mount Eba Airport,-30.178595,135.673599,MISC,MISC,124.8,OurAirports,2026-10-03,NO
SA,YFTN,Mount Fitton Talc Airport,-29.90920066833496,139.4739990234375,CTAF,CTAF,119.5,OurAirports,2026-10-03,NO
SA,YFTN,Mount Fitton Talc Airport,-29.90920066833496,139.4739990234375,MISC,MISC,124.8,OurAirports,2026-10-03,NO
SA,YMGN,Mount Gunson Airport,-31.4597,137.174443333,MISC,MISC,121.8,OurAirports,2026-10-03,NO
SA,YMGN,Mount Gunson Airport,-31.4597,137.174443333,CTAF,CTAF,122,OurAirports,2026-10-03,NO
SA,YMGN,Mount Gunson Airport,-31.4597,137.174443333,MISC,MISC,122.3,OurAirports,2026-10-03,NO
SA,YMIV,Mount Ive Airport,-32.44419860839844,136.06900024414062,MISC,MISC,122.1,OurAirports,2026-10-03,NO
SA,YMIV,Mount Ive Airport,-32.44419860839844,136.06900024414062,CTAF,CTAF,123.9,OurAirports,2026-10-03,NO
SA,YLSY,Mount Lindsay Airport,-27.018299102783203,129.88499450683594,CTAF,CTAF,121.85,OurAirports,2026-10-03,NO
SA,YLSY,Mount Lindsay Airport,-27.018299102783203,129.88499450683594,MISC,MISC,122.1,OurAirports,2026-10-03,NO
SA,YSAR,Mount Sarah Airport,-27.043100357055664,135.24200439453125,CTAF,CTAF,120.7,OurAirports,2026-10-03,NO
SA,YSAR,Mount Sarah Airport,-27.043100357055664,135.24200439453125,MISC,MISC,124.8,OurAirports,2026-10-03,NO
SA,YVIV,Mount Vivian Airport,-30.580792,135.72971,MISC,MISC,124.8,OurAirports,2026-10-03,NO
SA,YVIV,Mount Vivian Airport,-30.580792,135.72971,CTAF,CTAF,125.7,OurAirports,2026-10-03,NO
SA,YWIB,Mount Willoughby Airport,-27.95816,134.14951,MISC,MISC,124.8,OurAirports,2026-10-03,NO
SA,YWIB,Mount Willoughby Airport,-27.95816,134.14951,CTAF,CTAF,125.7,OurAirports,2026-10-03,NO
SA,YMGG,Mulgathing Airport,-30.227378,133.988335,MISC,MISC,124.8,OurAirports,2026-10-03,NO
SA,YMGG,Mulgathing Airport,-30.227378,133.988335,CTAF,CTAF,125.7,OurAirports,2026-10-03,NO
SA,YMUK,Mulka Airport,-28.34779930114746,138.64999389648438,MISC,MISC,124.8,OurAirports,2026-10-03,NO
SA,YMUK,Mulka Airport,-28.34779930114746,138.64999389648438,CTAF,CTAF,125.7,OurAirports,2026-10-03,NO
SA,YMLR,Muloorina Airport,-29.246700286865234,137.91000366210938,CTAF,CTAF,121.2,OurAirports,2026-10-03,NO
SA,YMLR,Muloorina Airport,-29.246700286865234,137.91000366210938,MISC,MISC,124.8,OurAirports,2026-10-03,NO
SA,YMUG,Mungeranie Airport,-28.009199142456055,138.65699768066406,MISC,MISC,124.8,OurAirports,2026-10-03,NO
SA,YMUG,Mungeranie Airport,-28.009199142456055,138.65699768066406,CTAF,CTAF,134.2,OurAirports,2026-10-03,NO
SA,YMNP,Murnpeowie Airport,-29.591699600219727,139.052001953125,CTAF,CTAF,121.2,OurAirports,2026-10-03,NO
SA,YMNP,Murnpeowie Airport,-29.591699600219727,139.052001953125,MISC,MISC,124.8,OurAirports,2026-10-03,NO
SA,YMBD,Murray Bridge Airport,-35.066202,139.227326,CTAF,,127.5,OurAirports,2026-10-03,NO
SA,YNRC,Naracoorte Airport,-36.985298,140.725006,FSS,MELBOURNE CNTR,125.8,OurAirports,2026-10-03,NO
SA,YNRC,Naracoorte Airport,-36.985298,140.725006,CTAF,CTAF,126.7,OurAirports,2026-10-03,NO
SA,YNPU,Nepabunna Airport,-30.603300094604492,138.947998046875,MISC,MISC,119.6,OurAirports,2026-10-03,NO
SA,YNPU,Nepabunna Airport,-30.603300094604492,138.947998046875,CTAF,CTAF,121.2,OurAirports,2026-10-03,NO
SA,YNPU,Nepabunna Airport,-30.603300094604492,138.947998046875,MISC,MISC,125.4,OurAirports,2026-10-03,NO
SA,YNPA,Nilpinna Airport,-28.482348,135.912466,CTAF,CTAF,126.7,OurAirports,2026-10-03,NO
SA,YNIG,Nonning Airport,-32.52190017700195,136.49400329589844,MISC,MISC,122.6,OurAirports,2026-10-03,NO
SA,YNIG,Nonning Airport,-32.52190017700195,136.49400329589844,CTAF,CTAF,126.7,OurAirports,2026-10-03,NO
SA,YNWL,North Well Airport,-30.839328,135.297822,CTAF,CTAF,119.8,OurAirports,2026-10-03,NO
SA,YNWL,North Well Airport,-30.839328,135.297822,MISC,MISC,122.6,OurAirports,2026-10-03,NO
SA,YNUB,Nullabor Motel Airport,-31.441699981689453,130.90199279785156,MISC,MISC,119.6,OurAirports,2026-10-03,NO
SA,YNUB,Nullabor Motel Airport,-31.441699981689453,130.90199279785156,CTAF,CTAF,122.1,OurAirports,2026-10-03,NO
SA,YNUB,Nullabor Motel Airport,-31.441699981689453,130.90199279785156,MISC,MISC,128.1,OurAirports,2026-10-03,NO
SA,YNDR,Nundroo Airport,-31.780000686645508,132.22300720214844,MISC,MISC,119.6,OurAirports,2026-10-03,NO
SA,YNDR,Nundroo Airport,-31.780000686645508,132.22300720214844,CTAF,CTAF,122.2,OurAirports,2026-10-03,NO
SA,YNDR,Nundroo Airport,-31.780000686645508,132.22300720214844,MISC,MISC,128.1,OurAirports,2026-10-03,NO
SA,YNYP,Nyapari Airport,-26.187955,130.192291,MISC,MISC,119.6,OurAirports,2026-10-03,NO
SA,YNYP,Nyapari Airport,-26.187955,130.192291,CTAF,CTAF,121.85,OurAirports,2026-10-03,NO
SA,YNYP,Nyapari Airport,-26.187955,130.192291,MISC,MISC,128.1,OurAirports,2026-10-03,NO
SA,YOKV,Oak Valley Airport,-29.516700744628906,130.86700439453125,MISC,MISC,119.6,OurAirports,2026-10-03,NO
SA,YOKV,Oak Valley Airport,-29.516700744628906,130.86700439453125,CTAF,CTAF,122.1,OurAirports,2026-10-03,NO
SA,YOKV,Oak Valley Airport,-29.516700744628906,130.86700439453125,MISC,MISC,128.1,OurAirports,2026-10-03,NO
SA,YOLD,Olympic Dam Airport,-30.483861,136.876699,FIA,MELBOURNE CENTRE,122,OurAirports,2026-10-03,NO
SA,YOLD,Olympic Dam Airport,-30.483861,136.876699,CTAF,CTAF,126.6,OurAirports,2026-10-03,NO
SA,YOLD,Olympic Dam Airport,-30.483861,136.876699,AWIS,Weather Service,128.05,OurAirports,2026-10-03,NO
SA,YOOD,Oodnadatta Airport,-27.562473,135.442946,MISC,MISC,120.6,OurAirports,2026-10-03,NO
SA,YOOD,Oodnadatta Airport,-27.562473,135.442946,MISC,MISC,120.7,OurAirports,2026-10-03,NO
SA,YOOD,Oodnadatta Airport,-27.562473,135.442946,CTAF,CTAF,126.7,OurAirports,2026-10-03,NO
SA,YODA,Ooldea Airport,-30.45669937133789,131.822998046875,MISC,MISC,120.6,OurAirports,2026-10-03,NO
SA,YODA,Ooldea Airport,-30.45669937133789,131.822998046875,MISC,MISC,120.7,OurAirports,2026-10-03,NO
SA,YODA,Ooldea Airport,-30.45669937133789,131.822998046875,CTAF,CTAF,122.1,OurAirports,2026-10-03,NO
SA,YORR,Orroroo Airport,-32.791013,138.672068,CTAF,CTAF,120.3,OurAirports,2026-10-03,NO
SA,YORR,Orroroo Airport,-32.791013,138.672068,MISC,MISC,120.6,OurAirports,2026-10-03,NO
SA,YORR,Orroroo Airport,-32.791013,138.672068,MISC,MISC,120.7,OurAirports,2026-10-03,NO
SA,YORR,Orroroo Airport,-32.791013,138.672068,MISC,MISC,123.9,OurAirports,2026-10-03,NO
SA,YPDY,Padthaway Station Airport,-36.61669921875,140.48300170898438,MISC,MISC,120.6,OurAirports,2026-10-03,NO
SA,YPDY,Padthaway Station Airport,-36.61669921875,140.48300170898438,MISC,MISC,120.7,OurAirports,2026-10-03,NO
SA,YPDY,Padthaway Station Airport,-36.61669921875,140.48300170898438,CTAF,CTAF,121.8,OurAirports,2026-10-03,NO
SA,YPDI,Pandie Pandie Airport,-26.122248,139.403501,MISC,MISC,120.6,OurAirports,2026-10-03,NO
SA,YPDI,Pandie Pandie Airport,-26.122248,139.403501,MISC,MISC,120.7,OurAirports,2026-10-03,NO
SA,YPDI,Pandie Pandie Airport,-26.122248,139.403501,CTAF,CTAF,125.4,OurAirports,2026-10-03,NO
SA,YPKI,Parakylia Airport,-30.399999618530273,136.39199829101562,CTAF,CTAF,122,OurAirports,2026-10-03,NO
SA,YPKI,Parakylia Airport,-30.399999618530273,136.39199829101562,MISC,MISC,130.449,OurAirports,2026-10-03,NO
SA,YPKE,Peake Airport,-28.25,135.89999389648438,CTAF,CTAF,122.6,OurAirports,2026-10-03,NO
SA,YPKE,Peake Airport,-28.25,135.89999389648438,MISC,MISC,130.449,OurAirports,2026-10-03,NO
SA,YPSH,Penneshaw Airport,-35.7558462874,137.962875366,MISC,MISC,123.05,OurAirports,2026-10-03,NO
SA,YPSH,Penneshaw Airport,-35.7558462874,137.962875366,CTAF,CTAF,126,OurAirports,2026-10-03,NO
SA,YPNG,Penong Airport,-31.916700363159,133,CTAF,CTAF,122.1,OurAirports,2026-10-03,NO
SA,YPNG,Penong Airport,-31.916700363159,133,MISC,MISC,123.05,OurAirports,2026-10-03,NO
SA,YPTB,Peterborough Airport,-33.005001068115234,138.85800170898438,MISC,MISC,123.05,OurAirports,2026-10-03,NO
SA,YPTB,Peterborough Airport,-33.005001068115234,138.85800170898438,CTAF,CTAF,123.9,OurAirports,2026-10-03,NO
SA,YPNN,Pinnaroo Airport,-35.253299713134766,140.9429931640625,MISC,MISC,123.05,OurAirports,2026-10-03,NO
SA,YPNN,Pinnaroo Airport,-35.253299713134766,140.9429931640625,CTAF,CTAF,124.3,OurAirports,2026-10-03,NO
SA,YPMB,Plumbago Airport,-32.05329895019531,139.8719940185547,MISC,MISC,123.05,OurAirports,2026-10-03,NO
SA,YPMB,Plumbago Airport,-32.05329895019531,139.8719940185547,CTAF,CTAF,124.3,OurAirports,2026-10-03,NO
SA,YPAG,Port Augusta Airport,-32.506900787353516,137.7169952392578,FSS,MELBOURNE CNTR,123.9,OurAirports,2026-10-03,NO
SA,YPAG,Port Augusta Airport,-32.506900787353516,137.7169952392578,CTAF,CTAF,126.7,OurAirports,2026-10-03,NO
SA,YPLC,Port Lincoln Airport,-34.6053009033,135.880004883,FSS,MELBOURNE CNTR,125.9,OurAirports,2026-10-03,NO
SA,YPLC,Port Lincoln Airport,-34.6053009033,135.880004883,CTAF,CTAF,126.7,OurAirports,2026-10-03,NO
SA,YPIR,Port Pirie Airport,-33.238899,137.994995,FSS,MELBOURNE CNTR,123.9,OurAirports,2026-10-03,NO
SA,YPIR,Port Pirie Airport,-33.238899,137.994995,CTAF,CTAF,126.7,OurAirports,2026-10-03,NO
SA,YQON,Quondong Airport,-33.08676,140.329871,MISC,MISC,119.6,OurAirports,2026-10-03,NO
SA,YQON,Quondong Airport,-33.08676,140.329871,CTAF,CTAF,123.4,OurAirports,2026-10-03,NO
SA,YQON,Quondong Airport,-33.08676,140.329871,MISC,MISC,123.9,OurAirports,2026-10-03,NO
SA,YQRN,Quorn Airport,-32.325029,138.105542,MISC,MISC,119.6,OurAirports,2026-10-03,NO
SA,YQRN,Quorn Airport,-32.325029,138.105542,CTAF,CTAF,123.9,OurAirports,2026-10-03,NO
SA,YQRN,Quorn Airport,-32.325029,138.105542,MISC,MISC,123.9,OurAirports,2026-10-03,NO
SA,YPED,RAAF Base Edinburgh,-34.705705,138.615564,CTAF,CTAF,118.3,OurAirports,2026-10-03,NO
SA,YPED,RAAF Base Edinburgh,-34.705705,138.615564,TWR,TWR,118.3,OurAirports,2026-10-03,NO
SA,YPED,RAAF Base Edinburgh,-34.705705,138.615564,APP,ADELAIDE APP,128.6,OurAirports,2026-10-03,NO
SA,YPED,RAAF Base Edinburgh,-34.705705,138.615564,FSS,FLIGHTWATCH,128.6,OurAirports,2026-10-03,NO
SA,YPED,RAAF Base Edinburgh,-34.705705,138.615564,GND,GND,134.1,OurAirports,2026-10-03,NO
SA,YRYK,Rawnsley Park Airport,-31.653528213500977,138.60952758789062,MISC,MISC,119.6,OurAirports,2026-10-03,NO
SA,YRYK,Rawnsley Park Airport,-31.653528213500977,138.60952758789062,CTAF,CTAF,123.9,OurAirports,2026-10-03,NO
SA,YRYK,Rawnsley Park Airport,-31.653528213500977,138.60952758789062,MISC,MISC,123.9,OurAirports,2026-10-03,NO
SA,YREN,Renmark Airport,-34.1964,140.673996,FSS,MELBOURNE CNTR,124.3,OurAirports,2026-10-03,NO
SA,YREN,Renmark Airport,-34.1964,140.673996,CTAF,CTAF,126.7,OurAirports,2026-10-03,NO
SA,YRBE,Robe Airport,-37.1753636288,139.805231094,MISC,MISC,122.3,OurAirports,2026-10-03,NO
SA,YRBE,Robe Airport,-37.1753636288,139.805231094,MISC,MISC,124.3,OurAirports,2026-10-03,NO
SA,YRBE,Robe Airport,-37.1753636288,139.805231094,CTAF,CTAF,126.7,OurAirports,2026-10-03,NO
SA,YROK,Rocky River Airport,-35.93000030517578,136.72000122070312,MISC,MISC,122.3,OurAirports,2026-10-03,NO
SA,YROK,Rocky River Airport,-35.93000030517578,136.72000122070312,MISC,MISC,124.3,OurAirports,2026-10-03,NO
SA,YROK,Rocky River Airport,-35.93000030517578,136.72000122070312,CTAF,CTAF,125.7,OurAirports,2026-10-03,NO
SA,YRXB,Roxby Downs Station Airport,-30.708437,136.71067,CTAF,CTAF,122,OurAirports,2026-10-03,NO
SA,YRXB,Roxby Downs Station Airport,-30.708437,136.71067,MISC,MISC,122.4,OurAirports,2026-10-03,NO
SA,YSIA,Siam Airport,-32.557498931884766,136.70899963378906,CTAF,CTAF,118.6,OurAirports,2026-10-03,NO
SA,YSIA,Siam Airport,-32.557498931884766,136.70899963378906,MISC,MISC,122.1,OurAirports,2026-10-03,NO
SA,YSNT,Snowtown Airport,-33.79999923706055,138.36700439453125,CTAF,CTAF,118.15,OurAirports,2026-10-03,NO
SA,YSNT,Snowtown Airport,-33.79999923706055,138.36700439453125,MISC,MISC,122.1,OurAirports,2026-10-03,NO
SA,YSYN,Strathalbyn Airport,-35.317766,139.000023,CTAF,CTAF,126.7,OurAirports,2026-10-03,NO
SA,YSTR,Strathearn Airport,-31.766700744628906,140.33299255371094,CTAF,CTAF,122.6,OurAirports,2026-10-03,NO
SA,YSTR,Strathearn Airport,-31.766700744628906,140.33299255371094,MISC,MISC,124.1,OurAirports,2026-10-03,NO
SA,YKBY,Streaky Bay Airport,-32.836621,134.292991,FSS,MELBOURNE CNTR,122.1,OurAirports,2026-10-03,NO
SA,YKBY,Streaky Bay Airport,-32.836621,134.292991,CTAF,CTAF,126.7,OurAirports,2026-10-03,NO
SA,YSTC,Stuart Creek Airport,-29.716699600219727,137.06300354003906,MISC,MISC,120.6,OurAirports,2026-10-03,NO
SA,YSTC,Stuart Creek Airport,-29.716699600219727,137.06300354003906,MISC,MISC,122.1,OurAirports,2026-10-03,NO
SA,YSTC,Stuart Creek Airport,-29.716699600219727,137.06300354003906,CTAF,CTAF,126.7,OurAirports,2026-10-03,NO
SA,YTAR,Tarcoola Airport,-30.702871,134.58282,MISC,MISC,120.6,OurAirports,2026-10-03,NO
SA,YTAR,Tarcoola Airport,-30.702871,134.58282,CTAF,CTAF,122,OurAirports,2026-10-03,NO
SA,YTAR,Tarcoola Airport,-30.702871,134.58282,MISC,MISC,122.1,OurAirports,2026-10-03,NO
SA,YTCY,Tarcoonyinna Airport,-26.757104,133.358574,MISC,MISC,120.6,OurAirports,2026-10-03,NO
SA,YTCY,Tarcoonyinna Airport,-26.757104,133.358574,CTAF,CTAF,120.7,OurAirports,2026-10-03,NO
SA,YTCY,Tarcoonyinna Airport,-26.757104,133.358574,MISC,MISC,122.1,OurAirports,2026-10-03,NO
SA,YTEN,Tenneco Station Five Airport,-31.975000381469727,139.20700073242188,MISC,MISC,120.6,OurAirports,2026-10-03,NO
SA,YTEN,Tenneco Station Five Airport,-31.975000381469727,139.20700073242188,MISC,MISC,122.1,OurAirports,2026-10-03,NO
SA,YTEN,Tenneco Station Five Airport,-31.975000381469727,139.20700073242188,CTAF,CTAF,123.9,OurAirports,2026-10-03,NO
SA,YTNN,Tenneco Station Four Airport,-31.183300018310547,139.38299560546875,MISC,MISC,120.6,OurAirports,2026-10-03,NO
SA,YTNN,Tenneco Station Four Airport,-31.183300018310547,139.38299560546875,MISC,MISC,122.1,OurAirports,2026-10-03,NO
SA,YTNN,Tenneco Station Four Airport,-31.183300018310547,139.38299560546875,CTAF,CTAF,122.6,OurAirports,2026-10-03,NO
SA,YTNE,Tenneco Station One Airport,-28.735452,140.039978,CTAF,CTAF,119.5,OurAirports,2026-10-03,NO
SA,YTNE,Tenneco Station One Airport,-28.735452,140.039978,MISC,MISC,120.6,OurAirports,2026-10-03,NO
SA,YTNE,Tenneco Station One Airport,-28.735452,140.039978,MISC,MISC,122.1,OurAirports,2026-10-03,NO
SA,YTEC,Tenneco Station Three Airport,-30.336700439453125,139.6649932861328,CTAF,CTAF,119.5,OurAirports,2026-10-03,NO
SA,YTEC,Tenneco Station Three Airport,-30.336700439453125,139.6649932861328,MISC,MISC,120.6,OurAirports,2026-10-03,NO
SA,YTEC,Tenneco Station Three Airport,-30.336700439453125,139.6649932861328,MISC,MISC,122.1,OurAirports,2026-10-03,NO
SA,YTOS,Tenneco Station Two Airport,-29.565992,139.941359,CTAF,CTAF,119.5,OurAirports,2026-10-03,NO
SA,YTOS,Tenneco Station Two Airport,-29.565992,139.941359,MISC,MISC,120.6,OurAirports,2026-10-03,NO
SA,YTOS,Tenneco Station Two Airport,-29.565992,139.941359,MISC,MISC,122.1,OurAirports,2026-10-03,NO
SA,YTHI,Thistle Island Airport,-35.02470016479492,136.17999267578125,CTAF,CTAF,122.4,OurAirports,2026-10-03,NO
SA,YTHI,Thistle Island Airport,-35.02470016479492,136.17999267578125,MISC,MISC,132.9,OurAirports,2026-10-03,NO
SA,YTYN,Tieyon Airport,-26.216699600219727,133.91700744628906,CTAF,CTAF,120.7,OurAirports,2026-10-03,NO
SA,YTYN,Tieyon Airport,-26.216699600219727,133.91700744628906,MISC,MISC,132.9,OurAirports,2026-10-03,NO
SA,YTDM,Todmorden Airport,-27.12420082092285,134.77000427246094,MISC,MISC,120.6,OurAirports,2026-10-03,NO
SA,YTDM,Todmorden Airport,-27.12420082092285,134.77000427246094,CTAF,CTAF,121.85,OurAirports,2026-10-03,NO
SA,YTDM,Todmorden Airport,-27.12420082092285,134.77000427246094,MISC,MISC,122.6,OurAirports,2026-10-03,NO
SA,YTOA,Toolachie Airport,-28.408300399780273,140.80999755859375,MISC,MISC,120.6,OurAirports,2026-10-03,NO
SA,YTOA,Toolachie Airport,-28.408300399780273,140.80999755859375,CTAF,CTAF,121.85,OurAirports,2026-10-03,NO
SA,YTOA,Toolachie Airport,-28.408300399780273,140.80999755859375,MISC,MISC,122.6,OurAirports,2026-10-03,NO
SA,YTBB,Tumby Bay Airport,-34.361698,136.095001,MISC,MISC,119.6,OurAirports,2026-10-03,NO
SA,YTBB,Tumby Bay Airport,-34.361698,136.095001,MISC,MISC,125.9,OurAirports,2026-10-03,NO
SA,YTBB,Tumby Bay Airport,-34.361698,136.095001,CTAF,CTAF,126.7,OurAirports,2026-10-03,NO
SA,YUMU,Umuwa Airport,-26.4867000579834,132.0399932861328,MISC,MISC,119.6,OurAirports,2026-10-03,NO
SA,YUMU,Umuwa Airport,-26.4867000579834,132.0399932861328,CTAF,CTAF,125.7,OurAirports,2026-10-03,NO
SA,YUMU,Umuwa Airport,-26.4867000579834,132.0399932861328,MISC,MISC,125.9,OurAirports,2026-10-03,NO
SA,AU-0225,WILMINGTON RESIDENTIAL AIRPARK,-32.635309,138.107157,CTAF,,126.7,OurAirports,2026-10-03,NO
SA,YWKI,Waikerie Airport,-34.179573,140.033026,FSS,MELBOURNE CNTR,124.3,OurAirports,2026-10-03,NO
SA,YWKI,Waikerie Airport,-34.179573,140.033026,CTAF,CTAF,126.7,OurAirports,2026-10-03,NO
SA,YWLB,Welbourn Hill Airport,-27.342199,134.086606,MISC,MISC,119.6,OurAirports,2026-10-03,NO
SA,YWLB,Welbourn Hill Airport,-27.342199,134.086606,MISC,MISC,124.3,OurAirports,2026-10-03,NO
SA,YWLB,Welbourn Hill Airport,-27.342199,134.086606,CTAF,CTAF,134.2,OurAirports,2026-10-03,NO
SA,YWEO,Wertaloona Airport,-30.649999618530273,139.35000610351562,MISC,MISC,119.6,OurAirports,2026-10-03,NO
SA,YWEO,Wertaloona Airport,-30.649999618530273,139.35000610351562,CTAF,CTAF,122.6,OurAirports,2026-10-03,NO
SA,YWEO,Wertaloona Airport,-30.649999618530273,139.35000610351562,MISC,MISC,124.3,OurAirports,2026-10-03,NO
SA,YWHA,Whyalla Airport,-33.05889892578125,137.51400756835938,FSS,MELBOURNE CNTR,123.9,OurAirports,2026-10-03,NO
SA,YWHA,Whyalla Airport,-33.05889892578125,137.51400756835938,CTAF,CTAF,126.9,OurAirports,2026-10-03,NO
SA,YWNA,Wilgena Airport,-30.766700744628906,134.72999572753906,CTAF,CTAF,122,OurAirports,2026-10-03,NO
SA,YWNA,Wilgena Airport,-30.766700744628906,134.72999572753906,MISC,MISC,122.2,OurAirports,2026-10-03,NO
SA,YWNA,Wilgena Airport,-30.766700744628906,134.72999572753906,MISC,MISC,123.9,OurAirports,2026-10-03,NO
SA,YWMC,William Creek Aerodrome,-28.909989,136.340266,MELBOURNE CENTRE,Centre Frequency from Circuit area,120.7,OurAirports,2026-10-03,NO
SA,YWMC,William Creek Aerodrome,-28.909989,136.340266,CTAF,Lake Eyre Broadcast area,127.8,OurAirports,2026-10-03,NO
SA,YHAW,Wilpena Pound Airport,-31.855907,138.468079,MISC,MISC,118.6,OurAirports,2026-10-03,NO
SA,YHAW,Wilpena Pound Airport,-31.855907,138.468079,CTAF,CTAF,123.9,OurAirports,2026-10-03,NO
SA,YHAW,Wilpena Pound Airport,-31.855907,138.468079,MISC,MISC,125.3,OurAirports,2026-10-03,NO
SA,YWPA,Wirrealpa Airport,-31.13330078125,138.9669952392578,CTAF,CTAF,121.2,OurAirports,2026-10-03,NO
SA,YWPA,Wirrealpa Airport,-31.13330078125,138.9669952392578,MISC,MISC,122.6,OurAirports,2026-10-03,NO
SA,YWSI,Wirrida Siding Airport,-29.566699981689453,134.51699829101562,CTAF,CTAF,120.7,OurAirports,2026-10-03,NO
SA,YWSI,Wirrida Siding Airport,-29.566699981689453,134.51699829101562,MISC,MISC,122.6,OurAirports,2026-10-03,NO
SA,YWHI,Witchelina Airport,-30.039637,138.058748,MISC,MISC,120.5,OurAirports,2026-10-03,NO
SA,YWHI,Witchelina Airport,-30.039637,138.058748,MISC,MISC,124.9,OurAirports,2026-10-03,NO
SA,YWHI,Witchelina Airport,-30.039637,138.058748,CTAF,CTAF,135.5,OurAirports,2026-10-03,NO
SA,YWLN,Wooltana Airport,-30.42169952392578,139.43600463867188,CTAF,CTAF,119.5,OurAirports,2026-10-03,NO
SA,YWLN,Wooltana Airport,-30.42169952392578,139.43600463867188,MISC,MISC,122.6,OurAirports,2026-10-03,NO
SA,YPWR,Woomera Airfield,-31.144199,136.817001,CTAF,CTAF,118.3,OurAirports,2026-10-03,NO
SA,YPWR,Woomera Airfield,-31.144199,136.817001,FSS,MELBOURNE CNTR,122,OurAirports,2026-10-03,NO
SA,YWUD,Wudinna Airport,-33.043301,135.447006,FSS,MELBOURNE CNTR,125.9,OurAirports,2026-10-03,NO
SA,YWUD,Wudinna Airport,-33.043301,135.447006,CTAF,CTAF,126.7,OurAirports,2026-10-03,NO
SA,YWYB,Wynbring Airport,-30.55827,133.53398,CTAF,CTAF,122.1,OurAirports,2026-10-03,NO
SA,YWYB,Wynbring Airport,-30.55827,133.53398,MISC,MISC,125.1,OurAirports,2026-10-03,NO
SA,YWYB,Wynbring Airport,-30.55827,133.53398,MISC,MISC,125.9,OurAirports,2026-10-03,NO
SA,YYOO,Yalymboo Airport,-31.803300857543945,136.86000061035156,MISC,MISC,119.6,OurAirports,2026-10-03,NO
SA,YYOO,Yalymboo Airport,-31.803300857543945,136.86000061035156,MISC,MISC,122.4,OurAirports,2026-10-03,NO
SA,YYOO,Yalymboo Airport,-31.803300857543945,136.86000061035156,CTAF,CTAF,124.8,OurAirports,2026-10-03,NO
SA,YRDA,Yardea Airport,-32.40999984741211,135.48500061035156,MISC,MISC,119.6,OurAirports,2026-10-03,NO
SA,YRDA,Yardea Airport,-32.40999984741211,135.48500061035156,MISC,MISC,122.4,OurAirports,2026-10-03,NO
SA,YRDA,Yardea Airport,-32.40999984741211,135.48500061035156,CTAF,CTAF,123.9,OurAirports,2026-10-03,NO
SA,YYOR,Yorketown Airport,-35.003564,137.619295,PAL,Pilot Activated Lighting,122.2,OurAirports,2026-10-03,NO
SA,YYOR,Yorketown Airport,-35.003564,137.619295,CTAF,CTAF,126.7,OurAirports,2026-10-03,NO
SA,YYUN,Yunta Airport,-32.58330154418945,139.5500030517578,MISC,MISC,119.6,OurAirports,2026-10-03,NO
SA,YYUN,Yunta Airport,-32.58330154418945,139.5500030517578,MISC,MISC,122.4,OurAirports,2026-10-03,NO
SA,YYUN,Yunta Airport,-32.58330154418945,139.5500030517578,CTAF,CTAF,123.9,OurAirports,2026-10-03,NO
SA,YDLH,[Duplicate] Dalhousie Airport,-26.423045,135.509276,CTAF,CTAF,120.7,OurAirports,2026-10-03,NO
SA,YDLH,[Duplicate] Dalhousie Airport,-26.423045,135.509276,MISC,MISC,122.1,OurAirports,2026-10-03,NO
TAS,YBFR,Balfour Airport,-41.259033262799996,144.886064529,CTAF,CTAF,122.6,OurAirports,2026-10-03,NO
TAS,YBFR,Balfour Airport,-41.259033262799996,144.886064529,MISC,MISC,123.9,OurAirports,2026-10-03,NO
TAS,YBFR,Balfour Airport,-41.259033262799996,144.886064529,MISC,MISC,124,OurAirports,2026-10-03,NO
TAS,YBHB,Bathurst Harbour Airport,-43.421336,146.162131,MISC,MISC,120.6,OurAirports,2026-10-03,NO
TAS,YBHB,Bathurst Harbour Airport,-43.421336,146.162131,CTAF,CTAF,125.55,OurAirports,2026-10-03,NO
TAS,YBEL,Bothwell Airport,-42.369482,147.029538,CTAF,CTAF,125.8,OurAirports,2026-10-03,NO
TAS,YBEL,Bothwell Airport,-42.369482,147.029538,MISC,MISC,130.4,OurAirports,2026-10-03,NO
TAS,YBYI,Bruny Island Airport,-43.2342,147.380005,MISC,MISC,119.6,OurAirports,2026-10-03,NO
TAS,YBYI,Bruny Island Airport,-43.2342,147.380005,MISC,MISC,122.6,OurAirports,2026-10-03,NO
TAS,YBYI,Bruny Island Airport,-43.2342,147.380005,CTAF,CTAF,125.55,OurAirports,2026-10-03,NO
TAS,YCBG,Cambridge Aerodrome,-42.827498,147.478337,CTAF,CTAF,118.1,OurAirports,2026-10-03,NO
TAS,YCBG,Cambridge Aerodrome,-42.827498,147.478337,TWR,TWR,118.1,OurAirports,2026-10-03,NO
TAS,YCBG,Cambridge Aerodrome,-42.827498,147.478337,FSS,MELBOURNE CNTR,125.55,OurAirports,2026-10-03,NO
TAS,YCBG,Cambridge Aerodrome,-42.827498,147.478337,ATIS,ATIS,128.45,OurAirports,2026-10-03,NO
TAS,YCAE,Campbell Town Airport,-41.967224,147.530548,MISC,MISC,120.6,OurAirports,2026-10-03,NO
TAS,YCAE,Campbell Town Airport,-41.967224,147.530548,MISC,MISC,124.55,OurAirports,2026-10-03,NO
TAS,YCAE,Campbell Town Airport,-41.967224,147.530548,CTAF,CTAF,126.5,OurAirports,2026-10-03,NO
TAS,YCBN,Cape Barren Island Airport,-40.390537,148.016933,MISC,MISC,125.9,OurAirports,2026-10-03,NO
TAS,YCBN,Cape Barren Island Airport,-40.390537,148.016933,CTAF,CTAF,126.5,OurAirports,2026-10-03,NO
TAS,YCKD,Clarke Island Airport,-40.518719,148.125929,MISC,MISC,121.3,OurAirports,2026-10-03,NO
TAS,YCKD,Clarke Island Airport,-40.518719,148.125929,MISC,MISC,123.9,OurAirports,2026-10-03,NO
TAS,YCKD,Clarke Island Airport,-40.518719,148.125929,CTAF,CTAF,126.7,OurAirports,2026-10-03,NO
TAS,YCDL,Cradle Mountain Helipad,-41.577363,145.941261,MISC,MISC,119.5,OurAirports,2026-10-03,NO
TAS,YCDL,Cradle Mountain Helipad,-41.577363,145.941261,CTAF,CTAF,124.1,OurAirports,2026-10-03,NO
TAS,AU-0627,Cranbourn Airfield,-41.161173,147.015096,MISC,,126.7,OurAirports,2026-10-03,NO
TAS,YDAR,Darlington Airport,-42.571856,148.070726,MISC,MISC,120.6,OurAirports,2026-10-03,NO
TAS,YDAR,Darlington Airport,-42.571856,148.070726,MISC,MISC,121.2,OurAirports,2026-10-03,NO
TAS,YDAR,Darlington Airport,-42.571856,148.070726,CTAF,CTAF,126,OurAirports,2026-10-03,NO
TAS,YDPO,Devonport Airport,-41.1697006226,146.429992676,FSS,MELBOURNE CNTR,120.7,OurAirports,2026-10-03,NO
TAS,YDPO,Devonport Airport,-41.1697006226,146.429992676,CTAF,CTAF,126.9,OurAirports,2026-10-03,NO
TAS,YFLI,Flinders Island Airport,-40.091702,147.992996,MISC,MISC,119.6,OurAirports,2026-10-03,NO
TAS,YFLI,Flinders Island Airport,-40.091702,147.992996,CTAF,CTAF,124.229,OurAirports,2026-10-03,NO
TAS,YFLI,Flinders Island Airport,-40.091702,147.992996,MISC,MISC,126.5,OurAirports,2026-10-03,NO
TAS,YBDP,Flinders Island Aviation (Bridport),-41.023798,147.416791,MISC,MISC,125.8,OurAirports,2026-10-03,NO
TAS,YBDP,Flinders Island Aviation (Bridport),-41.023798,147.416791,CTAF,CTAF,126.5,OurAirports,2026-10-03,NO
TAS,YGTO,George Town Airport,-41.079491,146.839061,MISC,MISC,126.5,OurAirports,2026-10-03,NO
TAS,YGTO,George Town Airport,-41.079491,146.839061,CTAF,CTAF,126.7,OurAirports,2026-10-03,NO
TAS,YGVE,Glendevie Airport,-43.231595,147.000182,CTAF,CTAF,120.15,OurAirports,2026-10-03,NO
TAS,YGVE,Glendevie Airport,-43.231595,147.000182,MISC,MISC,125.3,OurAirports,2026-10-03,NO
TAS,YGVE,Glendevie Airport,-43.231595,147.000182,MISC,MISC,134.2,OurAirports,2026-10-03,NO
TAS,YMHB,Hobart International Airport,-42.837032,147.513022,CTAF,CTAF,118.1,OurAirports,2026-10-03,NO
TAS,YMHB,Hobart International Airport,-42.837032,147.513022,TWR,TWR,118.1,OurAirports,2026-10-03,NO
TAS,YMHB,Hobart International Airport,-42.837032,147.513022,FSS,MELBOURNE CNTR,125.55,OurAirports,2026-10-03,NO
TAS,YHTR,Hunter Island Airport,-40.522671,144.741499,MISC,MISC,119.8,OurAirports,2026-10-03,NO
TAS,YHTR,Hunter Island Airport,-40.522671,144.741499,MISC,MISC,120.6,OurAirports,2026-10-03,NO
TAS,YHTR,Hunter Island Airport,-40.522671,144.741499,CTAF,CTAF,122.6,OurAirports,2026-10-03,NO
TAS,YJCO,Jericho Airport,-42.368329,147.33605,MISC,MISC,124.9,OurAirports,2026-10-03,NO
TAS,YJCO,Jericho Airport,-42.368329,147.33605,MISC,MISC,125.3,OurAirports,2026-10-03,NO
TAS,YJCO,Jericho Airport,-42.368329,147.33605,CTAF,CTAF,126.5,OurAirports,2026-10-03,NO
TAS,YKCK,Killiecrankie Airfield,-39.848801,147.858002,MISC,MISC,123.4,OurAirports,2026-10-03,NO
TAS,YKCK,Killiecrankie Airfield,-39.848801,147.858002,CTAF,CTAF,124,OurAirports,2026-10-03,NO
TAS,YKCK,Killiecrankie Airfield,-39.848801,147.858002,MISC,MISC,125.8,OurAirports,2026-10-03,NO
TAS,YKII,King Island Airport,-39.877498626708984,143.8780059814453,FSS,MELBOURNE CNTR,123.9,OurAirports,2026-10-03,NO
TAS,YKII,King Island Airport,-39.877498626708984,143.8780059814453,CTAF,CTAF,126.85,OurAirports,2026-10-03,NO
TAS,YLDB,Lady Barron Aerodrome,-40.195811,148.244642,CTAF,CTAF,126.5,OurAirports,2026-10-03,NO
TAS,YLDB,Lady Barron Aerodrome,-40.195811,148.244642,MISC,MISC,126.8,OurAirports,2026-10-03,NO
TAS,YLAG,Lagoon Bay Airport,-42.886934,147.954863,CTAF,CTAF,125.55,OurAirports,2026-10-03,NO
TAS,YLAG,Lagoon Bay Airport,-42.886934,147.954863,MISC,MISC,126.8,OurAirports,2026-10-03,NO
TAS,YMLT,Launceston Airport,-41.544935,147.210785,CTAF,CTAF,118.7,OurAirports,2026-10-03,NO
TAS,YMLT,Launceston Airport,-41.544935,147.210785,TWR,TWR,118.7,OurAirports,2026-10-03,NO
TAS,YMLT,Launceston Airport,-41.544935,147.210785,FSS,MELBOURNE CNTR,126.5,OurAirports,2026-10-03,NO
TAS,YLHL,Long Hill Airport,-41.33330154418945,146.5,MISC,MISC,119.6,OurAirports,2026-10-03,NO
TAS,YLHL,Long Hill Airport,-41.33330154418945,146.5,MISC,MISC,120.3,OurAirports,2026-10-03,NO
TAS,YLHL,Long Hill Airport,-41.33330154418945,146.5,CTAF,CTAF,120.7,OurAirports,2026-10-03,NO
TAS,YLGD,Longdown Airport,-41.691234,147.143296,MISC,MISC,119.6,OurAirports,2026-10-03,NO
TAS,YLGD,Longdown Airport,-41.691234,147.143296,MISC,MISC,120.3,OurAirports,2026-10-03,NO
TAS,YLGD,Longdown Airport,-41.691234,147.143296,CTAF,CTAF,126.5,OurAirports,2026-10-03,NO
TAS,AU-0324,Lost Farm Golf Course (Barnbougle),-40.998702,147.487306,MISC,,126.7,OurAirports,2026-10-03,NO
TAS,YMLC,Mole Creek Airport,-41.53329849243164,146.33299255371094,MISC,MISC,119.6,OurAirports,2026-10-03,NO
TAS,YMLC,Mole Creek Airport,-41.53329849243164,146.33299255371094,MISC,MISC,122.1,OurAirports,2026-10-03,NO
TAS,YMLC,Mole Creek Airport,-41.53329849243164,146.33299255371094,CTAF,CTAF,126.5,OurAirports,2026-10-03,NO
TAS,YBUI,Northwest Regional Hospital Helipad,-41.047042,145.880431,MISC,MISC,119.6,OurAirports,2026-10-03,NO
TAS,YBUI,Northwest Regional Hospital Helipad,-41.047042,145.880431,MISC,MISC,122.6,OurAirports,2026-10-03,NO
TAS,YBUI,Northwest Regional Hospital Helipad,-41.047042,145.880431,CTAF,CTAF,126.7,OurAirports,2026-10-03,NO
TAS,YQNS,Queenstown Airport,-42.075731,145.530088,FIA,Melbourne Center,123.95,OurAirports,2026-10-03,NO
TAS,YQNS,Queenstown Airport,-42.075731,145.530088,CTAF,CTAF,124.2,OurAirports,2026-10-03,NO
TAS,YSFY,Sandfly Airport,-42.982337,147.209287,CTAF,CTAF,125.55,OurAirports,2026-10-03,NO
TAS,YSFY,Sandfly Airport,-42.982337,147.209287,MISC,MISC,125.8,OurAirports,2026-10-03,NO
TAS,YSMI,Smithton Airport,-40.834999084472656,145.08399963378906,CTAF,CTAF,119.1,OurAirports,2026-10-03,NO
TAS,YSMI,Smithton Airport,-40.834999084472656,145.08399963378906,FSS,MELBOURNE CNTR,122.6,OurAirports,2026-10-03,NO
TAS,YSTH,St Helens Airport,-41.336700439453125,148.28199768066406,MISC,MISC,125.8,OurAirports,2026-10-03,NO
TAS,YSTH,St Helens Airport,-41.336700439453125,148.28199768066406,CTAF,CTAF,126.5,OurAirports,2026-10-03,NO
TAS,YSRN,Strahan Airport,-42.154999,145.292007,MISC,MISC,119.2,OurAirports,2026-10-03,NO
TAS,YSRN,Strahan Airport,-42.154999,145.292007,CTAF,CTAF,122.8,OurAirports,2026-10-03,NO
TAS,YSRN,Strahan Airport,-42.154999,145.292007,MISC,MISC,124.1,OurAirports,2026-10-03,NO
TAS,YSRN,Strahan Airport,-42.154999,145.292007,MISC,MISC,125.8,OurAirports,2026-10-03,NO
TAS,YSWA,Swansea Airport,-42.099425,148.070362,MISC,MISC,120.6,OurAirports,2026-10-03,NO
TAS,YSWA,Swansea Airport,-42.099425,148.070362,MISC,MISC,125.8,OurAirports,2026-10-03,NO
TAS,YSWA,Swansea Airport,-42.099425,148.070362,CTAF,CTAF,126.5,OurAirports,2026-10-03,NO
TAS,YTUA,Triabunna Airport,-42.51369857788086,147.8979949951172,MISC,MISC,123.4,OurAirports,2026-10-03,NO
TAS,YTUA,Triabunna Airport,-42.51369857788086,147.8979949951172,CTAF,CTAF,125.55,OurAirports,2026-10-03,NO
TAS,YTUA,Triabunna Airport,-42.51369857788086,147.8979949951172,MISC,MISC,128.85,OurAirports,2026-10-03,NO
TAS,YTUN,Tunbridge Airport,-42.110977,147.362383,MISC,MISC,119.5,OurAirports,2026-10-03,NO
TAS,YTUN,Tunbridge Airport,-42.110977,147.362383,CTAF,CTAF,126.7,OurAirports,2026-10-03,NO
TAS,YVAF,Valley Field Airport,-41.808754,147.296525,MISC,MISC,119.5,OurAirports,2026-10-03,NO
TAS,YVAF,Valley Field Airport,-41.808754,147.296525,CTAF,CTAF,126.5,OurAirports,2026-10-03,NO
TAS,YWRT,Waratah Airport,-41.45000076293945,145.5500030517578,CTAF,CTAF,119.1,OurAirports,2026-10-03,NO
TAS,YWRT,Waratah Airport,-41.45000076293945,145.5500030517578,MISC,MISC,119.2,OurAirports,2026-10-03,NO
TAS,YWRT,Waratah Airport,-41.45000076293945,145.5500030517578,MISC,MISC,125.2,OurAirports,2026-10-03,NO
TAS,YWYY,Wynyard Airport,-40.997039,145.726,FSS,MELBOURNE CNTR,122.6,OurAirports,2026-10-03,NO
TAS,YWYY,Wynyard Airport,-40.997039,145.726,CTAF,CTAF,126.9,OurAirports,2026-10-03,NO
TAS,YWYY,Wynyard Airport,-40.997039,145.726,AWIS,AWS Weather,133.35,OurAirports,2026-10-03,NO
VIC,YATR,Amphitheatre Airport,-37.18330001831055,143.39999389648438,MISC,MISC,121.2,OurAirports,2026-10-03,NO
VIC,YATR,Amphitheatre Airport,-37.18330001831055,143.39999389648438,CTAF,CTAF,125.8,OurAirports,2026-10-03,NO
VIC,YAPO,Apollo Bay Airport,-38.77493,143.661175,CTAF,CTAF,120,OurAirports,2026-10-03,NO
VIC,YAPO,Apollo Bay Airport,-38.77493,143.661175,MISC,MISC,121.2,OurAirports,2026-10-03,NO
VIC,YARA,Ararat Airport,-37.309978,142.988688,CTAF,CTAF,126.7,OurAirports,2026-10-03,NO
VIC,YARA,Ararat Airport,-37.309978,142.988688,FSS,MELBOURNE CNTR,126.8,OurAirports,2026-10-03,NO
VIC,YBSS,Bacchus Marsh Airport,-37.733333,144.421667,MISC,MISC,119.6,OurAirports,2026-10-03,NO
VIC,YBSS,Bacchus Marsh Airport,-37.733333,144.421667,MISC,MISC,126.8,OurAirports,2026-10-03,NO
VIC,YBSS,Bacchus Marsh Airport,-37.733333,144.421667,CTAF,"""Bacchus Marsh Traffic""",132.25,OurAirports,2026-10-03,NO
VIC,YBSS,Bacchus Marsh Airport,-37.733333,144.421667,FIA,Melbourne Radar,135.7,OurAirports,2026-10-03,NO
VIC,YELS,Baddaginnie (Earlston) Airport,-36.551196,145.805061,MISC,MISC,121.3,OurAirports,2026-10-03,NO
VIC,YELS,Baddaginnie (Earlston) Airport,-36.551196,145.805061,MISC,MISC,123.9,OurAirports,2026-10-03,NO
VIC,YELS,Baddaginnie (Earlston) Airport,-36.551196,145.805061,CTAF,CTAF,125.2,OurAirports,2026-10-03,NO
VIC,YBNS,Bairnsdale Airport,-37.887539,147.569379,PAL,,123.9,OurAirports,2026-10-03,NO
VIC,YBNS,Bairnsdale Airport,-37.887539,147.569379,FSS,MELBOURNE CNTR,124,OurAirports,2026-10-03,NO
VIC,YBNS,Bairnsdale Airport,-37.887539,147.569379,CTAF,CTAF,126.7,OurAirports,2026-10-03,NO
VIC,YBNS,Bairnsdale Airport,-37.887539,147.569379,AWIS,,133.725,OurAirports,2026-10-03,NO
VIC,YBLT,Ballarat Airport,-37.5117,143.791,CTAF,CTAF,126,OurAirports,2026-10-03,NO
VIC,YBLT,Ballarat Airport,-37.5117,143.791,FSS,MELBOURNE CNTR,126.8,OurAirports,2026-10-03,NO
VIC,YBMM,Bamawm Airport,-36.25,144.63299560546875,MISC,MISC,120.3,OurAirports,2026-10-03,NO
VIC,YBMM,Bamawm Airport,-36.25,144.63299560546875,CTAF,CTAF,126.8,OurAirports,2026-10-03,NO
VIC,YBRS,Barwon Heads Airport,-38.256145,144.427895,CTAF,Barwon Heads Traffic,119,OurAirports,2026-10-03,NO
VIC,YBRS,Barwon Heads Airport,-38.256145,144.427895,MELBOURNE CENTRE,Melbourne Centre,120,OurAirports,2026-10-03,NO
VIC,YBRS,Barwon Heads Airport,-38.256145,144.427895,AVALON APPROACH,Avalon Approach,133.75,OurAirports,2026-10-03,NO
VIC,YBEF,Beaufort Airport,-37.45000076293945,143.25,MISC,MISC,120.6,OurAirports,2026-10-03,NO
VIC,YBEF,Beaufort Airport,-37.45000076293945,143.25,CTAF,CTAF,124.8,OurAirports,2026-10-03,NO
VIC,YBCH,Beechworth Airstrip,-36.393333,146.696389,CTAF,CTAF,119.6,OurAirports,2026-10-03,NO
VIC,YBCH,Beechworth Airstrip,-36.393333,146.696389,MISC,MISC,120.6,OurAirports,2026-10-03,NO
VIC,YBCH,Beechworth Airstrip,-36.393333,146.696389,MISC,MISC,125.4,OurAirports,2026-10-03,NO
VIC,YBLA,Benalla Airport,-36.551899,146.007004,PAL,Pilot Activated Lighting,123.4,OurAirports,2026-10-03,NO
VIC,YBLA,Benalla Airport,-36.551899,146.007004,FSS,MELBOURNE CNTR,125.2,OurAirports,2026-10-03,NO
VIC,YBLA,Benalla Airport,-36.551899,146.007004,CTAF,New CTAF as of 2017.,125.6,OurAirports,2026-10-03,NO
VIC,YBRA,Benambra Airport,-36.9668665594,147.699143887,CTAF,CTAF,122.5,OurAirports,2026-10-03,NO
VIC,YBRA,Benambra Airport,-36.9668665594,147.699143887,MISC,MISC,123.4,OurAirports,2026-10-03,NO
VIC,YBRA,Benambra Airport,-36.9668665594,147.699143887,MISC,MISC,125.2,OurAirports,2026-10-03,NO
VIC,YBDG,Bendigo Airport,-36.739399,144.330002,CTAF,CTAF,119.3,OurAirports,2026-10-03,NO
VIC,YBDG,Bendigo Airport,-36.739399,144.330002,FSS,MELBOURNE CNTR,126.8,OurAirports,2026-10-03,NO
VIC,YBDG,Bendigo Airport,-36.739399,144.330002,AWIS,Bendigo auto-weather,128.15,OurAirports,2026-10-03,NO
VIC,YBEU,Beulah 1 Airport,-35.95000076293945,142.41700744628906,MISC,MISC,120,OurAirports,2026-10-03,NO
VIC,YBEU,Beulah 1 Airport,-35.95000076293945,142.41700744628906,CTAF,CTAF,125.4,OurAirports,2026-10-03,NO
VIC,YBIR,Birchip Airport,-35.999699,142.917007,FSS,MELBOURNE CNTR,125.8,OurAirports,2026-10-03,NO
VIC,YBIR,Birchip Airport,-35.999699,142.917007,CTAF,CTAF,126.7,OurAirports,2026-10-03,NO
VIC,YBBT,Boort Airport,-36.138637,143.722994,CTAF,CTAF,125.8,OurAirports,2026-10-03,NO
VIC,YBBT,Boort Airport,-36.138637,143.722994,MISC,MISC,130.4,OurAirports,2026-10-03,NO
VIC,YBGR,Bridgewater Airport,-36.619558,143.952109,CTAF,CTAF,119.3,OurAirports,2026-10-03,NO
VIC,YBGR,Bridgewater Airport,-36.619558,143.952109,MISC,MISC,125.8,OurAirports,2026-10-03,NO
VIC,YBUP,Bunyip Airport,-38.016700744628906,145.75,MISC,MISC,119.6,OurAirports,2026-10-03,NO
VIC,YBUP,Bunyip Airport,-38.016700744628906,145.75,CTAF,CTAF,120,OurAirports,2026-10-03,NO
VIC,YBUP,Bunyip Airport,-38.016700744628906,145.75,MISC,MISC,124.1,OurAirports,2026-10-03,NO
VIC,YCNR,Cann River Airport,-37.516700744628906,149.16700744628906,CTAF,CTAF,124,OurAirports,2026-10-03,NO
VIC,YCNR,Cann River Airport,-37.516700744628906,149.16700744628906,MISC,MISC,125.9,OurAirports,2026-10-03,NO
VIC,YCTN,Casterton Airport,-37.613335,141.361664,MISC,MISC,120.3,OurAirports,2026-10-03,NO
VIC,YCTN,Casterton Airport,-37.613335,141.361664,MISC,MISC,122.3,OurAirports,2026-10-03,NO
VIC,YCTN,Casterton Airport,-37.613335,141.361664,CTAF,CTAF,125.8,OurAirports,2026-10-03,NO
VIC,YCAL,Castlemaine Airport,-37.134218,144.158231,MISC,MISC,120.3,OurAirports,2026-10-03,NO
VIC,YCAL,Castlemaine Airport,-37.134218,144.158231,MISC,MISC,122.3,OurAirports,2026-10-03,NO
VIC,YCAL,Castlemaine Airport,-37.134218,144.158231,CTAF,CTAF,126.8,OurAirports,2026-10-03,NO
VIC,YCES,Ceres Airport,-38.14830017089844,144.25799560546875,CTAF,CTAF,119.6,OurAirports,2026-10-03,NO
VIC,YCES,Ceres Airport,-38.14830017089844,144.25799560546875,MISC,MISC,120.3,OurAirports,2026-10-03,NO
VIC,YCES,Ceres Airport,-38.14830017089844,144.25799560546875,MISC,MISC,122.3,OurAirports,2026-10-03,NO
VIC,YCES,Ceres Airport,-38.14830017089844,144.25799560546875,MISC,MISC,125.7,OurAirports,2026-10-03,NO
VIC,YCHL,Charlton Airport,-36.25,143.300003,MISC,MISC,119.6,OurAirports,2026-10-03,NO
VIC,YCHL,Charlton Airport,-36.25,143.300003,MISC,MISC,124.8,OurAirports,2026-10-03,NO
VIC,YCHL,Charlton Airport,-36.25,143.300003,CTAF,CTAF,125.8,OurAirports,2026-10-03,NO
VIC,YCWO,Chatsworth Airport,-37.852763,142.620993,MISC,MISC,119.4,OurAirports,2026-10-03,NO
VIC,YCWO,Chatsworth Airport,-37.852763,142.620993,MISC,MISC,125.3,OurAirports,2026-10-03,NO
VIC,YCWO,Chatsworth Airport,-37.852763,142.620993,CTAF,CTAF,125.8,OurAirports,2026-10-03,NO
VIC,YCDE,Cobden airport,-38.323419,143.056626,MISC,MISC,122.2,OurAirports,2026-10-03,NO
VIC,YCDE,Cobden airport,-38.323419,143.056626,MISC,MISC,125.8,OurAirports,2026-10-03,NO
VIC,YCDE,Cobden airport,-38.323419,143.056626,CTAF,CTAF,126.7,OurAirports,2026-10-03,NO
VIC,YCOH,Cohuna Airport,-35.826478,144.213812,MISC,MISC,122.6,OurAirports,2026-10-03,NO
VIC,YCOH,Cohuna Airport,-35.826478,144.213812,MISC,MISC,125.1,OurAirports,2026-10-03,NO
VIC,YCOH,Cohuna Airport,-35.826478,144.213812,CTAF,CTAF,126.7,OurAirports,2026-10-03,NO
VIC,YOLA,Colac Airport,-38.286701,143.679993,MISC,MISC,123,OurAirports,2026-10-03,NO
VIC,YOLA,Colac Airport,-38.286701,143.679993,MISC,MISC,125.8,OurAirports,2026-10-03,NO
VIC,YOLA,Colac Airport,-38.286701,143.679993,CTAF,CTAF,126.7,OurAirports,2026-10-03,NO
VIC,YCEM,Coldstream Airport,-37.727669,145.408371,CTAF,CTAF,125.8,OurAirports,2026-10-03,NO
VIC,YCRG,Corryong Airport,-36.18280029296875,147.88800048828125,FSS,MELBOURNE CNTR,125.2,OurAirports,2026-10-03,NO
VIC,YCRG,Corryong Airport,-36.18280029296875,147.88800048828125,CTAF,CTAF,126.7,OurAirports,2026-10-03,NO
VIC,AU-0054,Delatite Airstrip,-37.145053,146.159431,FIA,Melbourne Centre,122.4,OurAirports,2026-10-03,NO
VIC,AU-0054,Delatite Airstrip,-37.145053,146.159431,CTAF,CTAF,126.7,OurAirports,2026-10-03,NO
VIC,YDER,Derrinallum Airport,-37.934166666699994,143.227777778,MISC,MISC,118.6,OurAirports,2026-10-03,NO
VIC,YDER,Derrinallum Airport,-37.934166666699994,143.227777778,CTAF,CTAF,125.8,OurAirports,2026-10-03,NO
VIC,YDOD,Donald Airport,-36.360298,143.007996,FSS,MELBOURNE CNTR,125.8,OurAirports,2026-10-03,NO
VIC,YDOD,Donald Airport,-36.360298,143.007996,CTAF,CTAF,126.7,OurAirports,2026-10-03,NO
VIC,YDLL,Dunolly Airport,-36.849998474121094,143.6999969482422,MISC,MISC,121.3,OurAirports,2026-10-03,NO
VIC,YDLL,Dunolly Airport,-36.849998474121094,143.6999969482422,MISC,MISC,123.9,OurAirports,2026-10-03,NO
VIC,YDLL,Dunolly Airport,-36.849998474121094,143.6999969482422,CTAF,CTAF,124.6,OurAirports,2026-10-03,NO
VIC,YECH,Echuca Airport,-36.15719985961914,144.76199340820312,CTAF,CTAF,119.1,OurAirports,2026-10-03,NO
VIC,YECH,Echuca Airport,-36.15719985961914,144.76199340820312,FSS,MELBOURNE CNTR,126.8,OurAirports,2026-10-03,NO
VIC,YEDE,Edenhope Airport,-37.020219,141.266889,MISC,MISC,122.8,OurAirports,2026-10-03,NO
VIC,YEDE,Edenhope Airport,-37.020219,141.266889,CTAF,CTAF,125.8,OurAirports,2026-10-03,NO
VIC,YEDE,Edenhope Airport,-37.020219,141.266889,MISC,MISC,126.8,OurAirports,2026-10-03,NO
VIC,YELM,Elmore Airport,-36.4901793786,144.647197723,MISC,MISC,122.8,OurAirports,2026-10-03,NO
VIC,YELM,Elmore Airport,-36.4901793786,144.647197723,CTAF,CTAF,126.8,OurAirports,2026-10-03,NO
VIC,YELM,Elmore Airport,-36.4901793786,144.647197723,MISC,MISC,126.8,OurAirports,2026-10-03,NO
VIC,YEUA,Euroa Aerodrome,-36.743703,145.512697,MELBOURNE CENTRE,Melbourne Centre,122.4,OurAirports,2026-10-03,NO
VIC,YEUA,Euroa Aerodrome,-36.743703,145.512697,MELBOURNE CENTRE,Melbourne Centre,123.75,OurAirports,2026-10-03,NO
VIC,YFCK,Fish Creek Airport,-38.708603,146.054399,MISC,MISC,125.7,OurAirports,2026-10-03,NO
VIC,YFCK,Fish Creek Airport,-38.708603,146.054399,CTAF,CTAF,125.9,OurAirports,2026-10-03,NO
VIC,YFSK,Fiskville Airport,-37.6781143165,144.220790863,CTAF,CTAF,124.95,OurAirports,2026-10-03,NO
VIC,YFSK,Fiskville Airport,-37.6781143165,144.220790863,MISC,MISC,125.7,OurAirports,2026-10-03,NO
VIC,YGMP,Grampians Airport,-37.048346,142.270367,MISC,MISC,122.4,OurAirports,2026-10-03,NO
VIC,YGMP,Grampians Airport,-37.048346,142.270367,MISC,MISC,122.6,OurAirports,2026-10-03,NO
VIC,YGMP,Grampians Airport,-37.048346,142.270367,CTAF,CTAF,125.8,OurAirports,2026-10-03,NO
VIC,YGBW,Gunbower Airport,-35.966675,144.381509,CTAF,CTAF,118.6,OurAirports,2026-10-03,NO
VIC,YGBW,Gunbower Airport,-35.966675,144.381509,MISC,MISC,126.8,OurAirports,2026-10-03,NO
VIC,YHML,Hamilton Airport,-37.64889907836914,142.06500244140625,CTAF,CTAF,124.2,OurAirports,2026-10-03,NO
VIC,YHML,Hamilton Airport,-37.64889907836914,142.06500244140625,FSS,MELBOURNE CNTR,125.8,OurAirports,2026-10-03,NO
VIC,YHPN,Hopetoun Airport,-35.715302,142.360001,FSS,MELBOURNE CNTR,125.8,OurAirports,2026-10-03,NO
VIC,YHPN,Hopetoun Airport,-35.715302,142.360001,CTAF,CTAF,126.7,OurAirports,2026-10-03,NO
VIC,YHSM,Horsham Airport,-36.669700622558594,142.17300415039062,UNIC,CTAF/UNICOM,118.8,OurAirports,2026-10-03,NO
VIC,YHSM,Horsham Airport,-36.669700622558594,142.17300415039062,FSS,MELBOURNE CNTR,125.8,OurAirports,2026-10-03,NO
VIC,AU-0783,JDandBoo,-37.85774,146.91748,CTAF,,118.3,OurAirports,2026-10-03,NO
VIC,YKNV,Kaniva Airport,-36.340918,141.267964,MISC,MISC,120,OurAirports,2026-10-03,NO
VIC,YKNV,Kaniva Airport,-36.340918,141.267964,MISC,MISC,120.6,OurAirports,2026-10-03,NO
VIC,YKNV,Kaniva Airport,-36.340918,141.267964,CTAF,CTAF,125.8,OurAirports,2026-10-03,NO
VIC,YKER,Kerang Airport,-35.751399993896484,143.93899536132812,FSS,MELBOURNE CNTR,125.8,OurAirports,2026-10-03,NO
VIC,YKER,Kerang Airport,-35.751399993896484,143.93899536132812,CTAF,CTAF,126.7,OurAirports,2026-10-03,NO
VIC,YKOG,Koongarra Airport,-36,142.2169952392578,MISC,MISC,119.6,OurAirports,2026-10-03,NO
VIC,YKOG,Koongarra Airport,-36,142.2169952392578,MISC,MISC,121.2,OurAirports,2026-10-03,NO
VIC,YKOG,Koongarra Airport,-36,142.2169952392578,CTAF,CTAF,125.8,OurAirports,2026-10-03,NO
VIC,YRKE,Kuruc-A-Ruc South Airport,-37.899578,143.709755,MISC,MISC,119.6,OurAirports,2026-10-03,NO
VIC,YRKE,Kuruc-A-Ruc South Airport,-37.899578,143.709755,MISC,MISC,120.7,OurAirports,2026-10-03,NO
VIC,YRKE,Kuruc-A-Ruc South Airport,-37.899578,143.709755,CTAF,CTAF,122.4,OurAirports,2026-10-03,NO
VIC,YKUW,Kurweeton Airport,-38.04999923706055,143.14999389648438,MISC,MISC,118.2,OurAirports,2026-10-03,NO
VIC,YKUW,Kurweeton Airport,-38.04999923706055,143.14999389648438,MISC,MISC,119.6,OurAirports,2026-10-03,NO
VIC,YKUW,Kurweeton Airport,-38.04999923706055,143.14999389648438,CTAF,CTAF,125.8,OurAirports,2026-10-03,NO
VIC,YKYB,Kyabram Airport,-36.332482365299995,144.972066879,CTAF,CTAF,126.7,OurAirports,2026-10-03,NO
VIC,YKYB,Kyabram Airport,-36.332482365299995,144.972066879,AREA FREQUENCY,,126.8,OurAirports,2026-10-03,NO
VIC,YKTN,Kyneton Airport,-37.2262620936,144.44729805,CTAF,CTAF,119,OurAirports,2026-10-03,NO
VIC,YKTN,Kyneton Airport,-37.2262620936,144.44729805,MISC,MISC,126.8,OurAirports,2026-10-03,NO
VIC,YLET,Lakes Entrance Airport,-37.852773,147.951164,CTAF,CTAF,124,OurAirports,2026-10-03,NO
VIC,YLET,Lakes Entrance Airport,-37.852773,147.951164,MISC,MISC,126,OurAirports,2026-10-03,NO
VIC,YLTV,Latrobe Valley Airport,-38.211004,146.470817,FSS,MELBOURNE CNTR,124,OurAirports,2026-10-03,NO
VIC,YLTV,Latrobe Valley Airport,-38.211004,146.470817,CTAF,CTAF,126,OurAirports,2026-10-03,NO
VIC,YLTV,Latrobe Valley Airport,-38.211004,146.470817,UNICOM,UNICOM,126,OurAirports,2026-10-03,NO
VIC,YLEG,Leongatha Airport,-38.496472,145.860565,FSS,MELBOURNE CNTR,120,OurAirports,2026-10-03,NO
VIC,YLEG,Leongatha Airport,-38.496472,145.860565,CTAF,CTAF,126.7,OurAirports,2026-10-03,NO
VIC,YLED,Lethbridge Airpark,-37.921233,144.103058,MISC,MISC,120.6,OurAirports,2026-10-03,NO
VIC,YLED,Lethbridge Airpark,-37.921233,144.103058,MISC,MISC,126.5,OurAirports,2026-10-03,NO
VIC,YLED,Lethbridge Airpark,-37.921233,144.103058,CTAF,CTAF,127.65,OurAirports,2026-10-03,NO
VIC,YLIL,Lilydale Airport,-37.693,145.367,CTAF,CTAF,119.1,OurAirports,2026-10-03,NO
VIC,YLIL,Lilydale Airport,-37.693,145.367,MISC,MISC,122.4,OurAirports,2026-10-03,NO
VIC,YLSM,Lismore Airport,-37.93330001831055,143.35000610351562,MISC,MISC,119.6,OurAirports,2026-10-03,NO
VIC,YLSM,Lismore Airport,-37.93330001831055,143.35000610351562,MISC,MISC,120.3,OurAirports,2026-10-03,NO
VIC,YLSM,Lismore Airport,-37.93330001831055,143.35000610351562,CTAF,CTAF,124.2,OurAirports,2026-10-03,NO
VIC,YLCS,Locksley Field,-36.814999,145.348007,MISC,MISC,119.6,OurAirports,2026-10-03,NO
VIC,YLCS,Locksley Field,-36.814999,145.348007,MISC,MISC,120.3,OurAirports,2026-10-03,NO
VIC,YLCS,Locksley Field,-36.814999,145.348007,CTAF,CTAF,122.4,OurAirports,2026-10-03,NO
VIC,YLOY,Longwarry Airport,-38.108299,145.778,CTAF,CTAF,120,OurAirports,2026-10-03,NO
VIC,YLOY,Longwarry Airport,-38.108299,145.778,MISC,MISC,122.1,OurAirports,2026-10-03,NO
VIC,YLOY,Longwarry Airport,-38.108299,145.778,MISC,MISC,125.3,OurAirports,2026-10-03,NO
VIC,YLOD,Longwood Airport,-36.814219,145.46579,CTAF,CTAF,120,OurAirports,2026-10-03,NO
VIC,YLOD,Longwood Airport,-36.814219,145.46579,MISC,MISC,122.1,OurAirports,2026-10-03,NO
VIC,YLOD,Longwood Airport,-36.814219,145.46579,MISC,MISC,125.3,OurAirports,2026-10-03,NO
VIC,YLVB,Lovely Banks Airport,-38.03329849243164,144.33299255371094,MISC,MISC,121.6,OurAirports,2026-10-03,NO
VIC,YLVB,Lovely Banks Airport,-38.03329849243164,144.33299255371094,CTAF,CTAF,126.8,OurAirports,2026-10-03,NO
VIC,YMCO,Mallacoota Airport,-37.59830093383789,149.72000122070312,MISC,MISC,124,OurAirports,2026-10-03,NO
VIC,YMCO,Mallacoota Airport,-37.59830093383789,149.72000122070312,CTAF,CTAF,126.7,OurAirports,2026-10-03,NO
VIC,YMAG,Manangatang Airport,-35.046783,142.861705,MISC,MISC,124,OurAirports,2026-10-03,NO
VIC,YMAG,Manangatang Airport,-35.046783,142.861705,CTAF,CTAF,126.7,OurAirports,2026-10-03,NO
VIC,YMNG,Mangalore Airport,-36.888302,145.184006,CTAF,CTAF,121.1,OurAirports,2026-10-03,NO
VIC,YMNG,Mangalore Airport,-36.888302,145.184006,FSS,MELBOURNE CNTR,122.4,OurAirports,2026-10-03,NO
VIC,YMFD,Mansfield Airport,-37.073875,146.120669,FIA,Melbourne Centre,122.4,OurAirports,2026-10-03,NO
VIC,YMFD,Mansfield Airport,-37.073875,146.120669,CTAF,CTAF,126.7,OurAirports,2026-10-03,NO
VIC,YMBU,Maryborough Airport,-37.03310012817383,143.70899963378906,CTAF,CTAF,119.1,OurAirports,2026-10-03,NO
VIC,YMBU,Maryborough Airport,-37.03310012817383,143.70899963378906,FSS,MELBOURNE CNTR,126.8,OurAirports,2026-10-03,NO
VIC,YMML,Melbourne Airport,-37.670732,144.837898,ATIS,YMML ATIS,118,OurAirports,2026-10-03,NO
VIC,YMML,Melbourne Airport,-37.670732,144.837898,DEP,Melbourne Departures (to north),118.9,OurAirports,2026-10-03,NO
VIC,YMML,Melbourne Airport,-37.670732,144.837898,TWR,Melbourne Tower,120.5,OurAirports,2026-10-03,NO
VIC,YMML,Melbourne Airport,-37.670732,144.837898,GND,Melbourne ground,121.7,OurAirports,2026-10-03,NO
VIC,YMML,Melbourne Airport,-37.670732,144.837898,CLD,CLNC DEL,127.2,OurAirports,2026-10-03,NO
VIC,YMML,Melbourne Airport,-37.670732,144.837898,DEP,Melbourne Departures (to south),129.4,OurAirports,2026-10-03,NO
VIC,YMML,Melbourne Airport,-37.670732,144.837898,APP,Melbourne Approach,132,OurAirports,2026-10-03,NO
VIC,YMAV,Melbourne Avalon International Airport,-38.040269,144.467196,CTAF,CTAF,120.1,OurAirports,2026-10-03,NO
VIC,YMAV,Melbourne Avalon International Airport,-38.040269,144.467196,TWR,TWR,120.1,OurAirports,2026-10-03,NO
VIC,YMAV,Melbourne Avalon International Airport,-38.040269,144.467196,UNIC,FLIGHT OPS,129.3,OurAirports,2026-10-03,NO
VIC,YMAV,Melbourne Avalon International Airport,-38.040269,144.467196,FSS,MELBOURNE RADAR,135.7,OurAirports,2026-10-03,NO
VIC,YMEN,Melbourne Essendon Airport,-37.7281,144.901993,DEP,DEP,118.9,OurAirports,2026-10-03,NO
VIC,YMEN,Melbourne Essendon Airport,-37.7281,144.901993,ATIS,ATIS,119.8,OurAirports,2026-10-03,NO
VIC,YMEN,Melbourne Essendon Airport,-37.7281,144.901993,GND,GND,121.9,OurAirports,2026-10-03,NO
VIC,YMEN,Melbourne Essendon Airport,-37.7281,144.901993,TWR,TWR,125.1,OurAirports,2026-10-03,NO
VIC,YMEN,Melbourne Essendon Airport,-37.7281,144.901993,APP,APP,132,OurAirports,2026-10-03,NO
VIC,YMMB,Melbourne Moorabbin Airport,-37.977765,145.099799,CTAF,When TWR not operating,118.1,OurAirports,2026-10-03,NO
VIC,YMMB,Melbourne Moorabbin Airport,-37.977765,145.099799,TWR,East,118.1,OurAirports,2026-10-03,NO
VIC,YMMB,Melbourne Moorabbin Airport,-37.977765,145.099799,ATIS,ATIS,120.9,OurAirports,2026-10-03,NO
VIC,YMMB,Melbourne Moorabbin Airport,-37.977765,145.099799,AWIS,A/hours,120.9,OurAirports,2026-10-03,NO
VIC,YMMB,Melbourne Moorabbin Airport,-37.977765,145.099799,FUEL,World Fuel,121.65,OurAirports,2026-10-03,NO
VIC,YMMB,Melbourne Moorabbin Airport,-37.977765,145.099799,TWR,West,123,OurAirports,2026-10-03,NO
VIC,YMMB,Melbourne Moorabbin Airport,-37.977765,145.099799,SMC,,134.25,OurAirports,2026-10-03,NO
VIC,YMMB,Melbourne Moorabbin Airport,-37.977765,145.099799,FIA,Melb CNTR,135.7,OurAirports,2026-10-03,NO
VIC,YMEL,Melton Airport,-37.621793,144.565053,CTAF,CTAF,124.2,OurAirports,2026-10-03,NO
VIC,YMEL,Melton Airport,-37.621793,144.565053,MISC,MISC,126.8,OurAirports,2026-10-03,NO
VIC,YMEO,Merton Airport,-36.967704,145.707616,FIA,Melbourne Centre,122.4,OurAirports,2026-10-03,NO
VIC,YMEO,Merton Airport,-36.967704,145.707616,CTAF,CTAF,126.7,OurAirports,2026-10-03,NO
VIC,YILA,Milawa (Brown Brothers) Airport,-36.456197,146.433063,CTAF,CTAF,119.1,OurAirports,2026-10-03,NO
VIC,YMIA,Mildura Airport,-34.229198455799995,142.085998535,CTAF,CTAF,118.8,OurAirports,2026-10-03,NO
VIC,YMIA,Mildura Airport,-34.229198455799995,142.085998535,FSS,MELBOURNE CNTR,122.1,OurAirports,2026-10-03,NO
VIC,YITT,Mitta Mitta Airport,-36.513879,147.359018,MISC,MISC,119.6,OurAirports,2026-10-03,NO
VIC,YITT,Mitta Mitta Airport,-36.513879,147.359018,MISC,MISC,122.1,OurAirports,2026-10-03,NO
VIC,YITT,Mitta Mitta Airport,-36.513879,147.359018,CTAF,CTAF,125.227,OurAirports,2026-10-03,NO
VIC,YMBT,Mount Beauty Airport,-36.731576,147.168903,MISC,Melbourne Centre,125.2,OurAirports,2026-10-03,NO
VIC,YMBT,Mount Beauty Airport,-36.731576,147.168903,CTAF,CTAF,126,OurAirports,2026-10-03,NO
VIC,YHOT,Mount Hotham Airport,-37.0475006104,147.333999634,FSS,MELBOURNE CNTR,125.2,OurAirports,2026-10-03,NO
VIC,YHOT,Mount Hotham Airport,-37.0475006104,147.333999634,CTAF,CTAF,126.75,OurAirports,2026-10-03,NO
VIC,YNGB,Nagambie Airport,-36.73830032348633,145.125,MISC,MISC,122.3,OurAirports,2026-10-03,NO
VIC,YNGB,Nagambie Airport,-36.73830032348633,145.125,CTAF,CTAF,122.4,OurAirports,2026-10-03,NO
VIC,YNGB,Nagambie Airport,-36.73830032348633,145.125,MISC,MISC,133.05,OurAirports,2026-10-03,NO
VIC,YNVE,Navarre Airport,-36.920929,143.091103,MISC,MISC,122.4,OurAirports,2026-10-03,NO
VIC,YNVE,Navarre Airport,-36.920929,143.091103,MISC,MISC,123.9,OurAirports,2026-10-03,NO
VIC,YNVE,Navarre Airport,-36.920929,143.091103,CTAF,CTAF,125.8,OurAirports,2026-10-03,NO
VIC,YNHL,Nhill Airport,-36.310088,141.643375,FSS,MELBOURNE CNTR,125.8,OurAirports,2026-10-03,NO
VIC,YNHL,Nhill Airport,-36.310088,141.643375,CTAF,CTAF,126.7,OurAirports,2026-10-03,NO
VIC,YNVL,Normanville Airport,-35.78329849243164,143.6999969482422,MISC,MISC,118.6,OurAirports,2026-10-03,NO
VIC,YNVL,Normanville Airport,-35.78329849243164,143.6999969482422,MISC,MISC,121.3,OurAirports,2026-10-03,NO
VIC,YNVL,Normanville Airport,-35.78329849243164,143.6999969482422,CTAF,CTAF,126.7,OurAirports,2026-10-03,NO
VIC,YOMO,Omeo Airport,-37.10662,147.606578,MISC,MISC,121.2,OurAirports,2026-10-03,NO
VIC,YOMO,Omeo Airport,-37.10662,147.606578,MISC,MISC,121.3,OurAirports,2026-10-03,NO
VIC,YOMO,Omeo Airport,-37.10662,147.606578,CTAF,CTAF,125.2,OurAirports,2026-10-03,NO
VIC,YORB,Orbost Airport,-37.790000915527344,148.61000061035156,MISC,MISC,121.3,OurAirports,2026-10-03,NO
VIC,YORB,Orbost Airport,-37.790000915527344,148.61000061035156,MISC,MISC,124,OurAirports,2026-10-03,NO
VIC,YORB,Orbost Airport,-37.790000915527344,148.61000061035156,CTAF,CTAF,126.7,OurAirports,2026-10-03,NO
VIC,YOUY,Ouyen Airport,-35.088819,142.354778,CTAF,CTAF,118.8,OurAirports,2026-10-03,NO
VIC,YOUY,Ouyen Airport,-35.088819,142.354778,MISC,MISC,121.3,OurAirports,2026-10-03,NO
VIC,YOUY,Ouyen Airport,-35.088819,142.354778,MISC,MISC,124,OurAirports,2026-10-03,NO
VIC,YPCH,Patchewollock Airport,-35.369945,142.193899,MISC,MISC,119.6,OurAirports,2026-10-03,NO
VIC,YPCH,Patchewollock Airport,-35.369945,142.193899,CTAF,CTAF,126.7,OurAirports,2026-10-03,NO
VIC,YPBH,Peterborough Airport,-38.607162,142.903826,MISC,MISC,119.6,OurAirports,2026-10-03,NO
VIC,YPBH,Peterborough Airport,-38.607162,142.903826,CTAF,CTAF,126.824,OurAirports,2026-10-03,NO
VIC,YPID,Phillip Island Heliport,-38.520689,145.328457,CTAF,CTAF,119.1,OurAirports,2026-10-03,NO
VIC,YPID,Phillip Island Heliport,-38.520689,145.328457,MISC,MISC,120.5,OurAirports,2026-10-03,NO
VIC,YPID,Phillip Island Heliport,-38.520689,145.328457,MISC,MISC,125.9,OurAirports,2026-10-03,NO
VIC,AU-0045,Pomonal Airstrip,-37.231077,142.676517,CTAF,,119.1,OurAirports,2026-10-03,NO
VIC,YPOK,Porepunkah Airport,-36.717731,146.890039,MISC,MISC,125.2,OurAirports,2026-10-03,NO
VIC,YPOK,Porepunkah Airport,-36.717731,146.890039,CTAF,CTAF,126,OurAirports,2026-10-03,NO
VIC,YPOD,Portland Airport,-38.31809997558594,141.4709930419922,FSS,MELBOURNE CNTR,125.8,OurAirports,2026-10-03,NO
VIC,YPOD,Portland Airport,-38.31809997558594,141.4709930419922,CTAF,CTAF,126.7,OurAirports,2026-10-03,NO
VIC,YPRA,Prairie Airport,-36.30720138549805,144.13900756835938,MISC,MISC,124.1,OurAirports,2026-10-03,NO
VIC,YPRA,Prairie Airport,-36.30720138549805,144.13900756835938,CTAF,CTAF,125.8,OurAirports,2026-10-03,NO
VIC,YPRA,Prairie Airport,-36.30720138549805,144.13900756835938,MISC,MISC,125.8,OurAirports,2026-10-03,NO
VIC,YPKL,Puckapunyal (Military) Airport,-36.998062,145.064181,MISC,MISC,120.6,OurAirports,2026-10-03,NO
VIC,YPKL,Puckapunyal (Military) Airport,-36.998062,145.064181,CTAF,CTAF,122.424,OurAirports,2026-10-03,NO
VIC,YPKL,Puckapunyal (Military) Airport,-36.998062,145.064181,MISC,MISC,135.5,OurAirports,2026-10-03,NO
VIC,YPYD,Pyramid Hill Airport,-36.060618,144.126763,MISC,MISC,120.6,OurAirports,2026-10-03,NO
VIC,YPYD,Pyramid Hill Airport,-36.060618,144.126763,CTAF,CTAF,125.8,OurAirports,2026-10-03,NO
VIC,YPYD,Pyramid Hill Airport,-36.060618,144.126763,MISC,MISC,135.5,OurAirports,2026-10-03,NO
VIC,YQBK,Quambatook Airport,-35.856642,143.514469,MISC,MISC,120.6,OurAirports,2026-10-03,NO
VIC,YQBK,Quambatook Airport,-35.856642,143.514469,CTAF,CTAF,125.8,OurAirports,2026-10-03,NO
VIC,YQBK,Quambatook Airport,-35.856642,143.514469,MISC,MISC,135.5,OurAirports,2026-10-03,NO
VIC,YMES,RAAF Base East Sale,-38.0989,147.149002,CTAF,CTAF,118.3,OurAirports,2026-10-03,NO
VIC,YMES,RAAF Base East Sale,-38.0989,147.149002,TWR,SALE TWR,118.3,OurAirports,2026-10-03,NO
VIC,YMES,RAAF Base East Sale,-38.0989,147.149002,APP,SALE APP,123.3,OurAirports,2026-10-03,NO
VIC,YMES,RAAF Base East Sale,-38.0989,147.149002,FSS,MELBOURNE CNTR,124,OurAirports,2026-10-03,NO
VIC,YMES,RAAF Base East Sale,-38.0989,147.149002,CLD,SALE CLNC DEL,133.6,OurAirports,2026-10-03,NO
VIC,YMES,RAAF Base East Sale,-38.0989,147.149002,GND,SALE GND,134.1,OurAirports,2026-10-03,NO
VIC,YMPC,"RAAF Williams, Point Cook Base",-37.932201,144.753006,CTAF,CTAF,126.2,OurAirports,2026-10-03,NO
VIC,YMPC,"RAAF Williams, Point Cook Base",-37.932201,144.753006,RDR,MELBOURNE RADAR,135.7,OurAirports,2026-10-03,NO
VIC,YRAG,Raglan Airport,-37.3773873391,143.305664062,MISC,MISC,125.3,OurAirports,2026-10-03,NO
VIC,YRAG,Raglan Airport,-37.3773873391,143.305664062,CTAF,CTAF,125.8,OurAirports,2026-10-03,NO
VIC,YRAG,Raglan Airport,-37.3773873391,143.305664062,MISC,MISC,127.1,OurAirports,2026-10-03,NO
VIC,YRID,Riddell Airport,-37.478705,144.721098,CTAF,CTAF,126.7,OurAirports,2026-10-03,NO
VIC,YRID,Riddell Airport,-37.478705,144.721098,MISC,MISC,135.7,OurAirports,2026-10-03,NO
VIC,YROI,Robinvale Airport,-34.642887,142.773042,MISC,MISC,119.8,OurAirports,2026-10-03,NO
VIC,YROI,Robinvale Airport,-34.642887,142.773042,MISC,MISC,122.1,OurAirports,2026-10-03,NO
VIC,YROI,Robinvale Airport,-34.642887,142.773042,CTAF,CTAF,122.3,OurAirports,2026-10-03,NO
VIC,YRSY,Romsey Airport,-37.392401,144.737796,CTAF,CTAF,126.7,OurAirports,2026-10-03,NO
VIC,YRSY,Romsey Airport,-37.392401,144.737796,MISC,MISC,135.7,OurAirports,2026-10-03,NO
VIC,YSTA,Saint Arnaud Airport,-36.6367,143.186005,CTAF,CTAF,119.1,OurAirports,2026-10-03,NO
VIC,YSTA,Saint Arnaud Airport,-36.6367,143.186005,FSS,MELBOURNE CNTR,125.8,OurAirports,2026-10-03,NO
VIC,YSLK,Sea Lake Airport,-35.530594,142.889879,MISC,MISC,120.6,OurAirports,2026-10-03,NO
VIC,YSLK,Sea Lake Airport,-35.530594,142.889879,MISC,MISC,124.8,OurAirports,2026-10-03,NO
VIC,YSLK,Sea Lake Airport,-35.530594,142.889879,CTAF,CTAF,125.8,OurAirports,2026-10-03,NO
VIC,YSHT,Shepparton Airport,-36.428341,145.391473,UNIC,CTAF/UNICOM,118.8,OurAirports,2026-10-03,NO
VIC,YSHT,Shepparton Airport,-36.428341,145.391473,FSS,MELBOURNE CNTR,122.4,OurAirports,2026-10-03,NO
VIC,YSWL,Stawell Airport,-37.07170104980469,142.74099731445312,CTAF,CTAF,119.1,OurAirports,2026-10-03,NO
VIC,YSWL,Stawell Airport,-37.07170104980469,142.74099731445312,FSS,MELBOURNE CNTR,125.8,OurAirports,2026-10-03,NO
VIC,YPEF,Sunbury (Penfield) Airfield,-37.511586,144.700299,CTAF,CTAF,121.6,OurAirports,2026-10-03,NO
VIC,YPEF,Sunbury (Penfield) Airfield,-37.511586,144.700299,MISC,MISC,135.7,OurAirports,2026-10-03,NO
VIC,YSWH,Swan Hill Airport,-35.37580108642578,143.5330047607422,CTAF,CTAF,119.1,OurAirports,2026-10-03,NO
VIC,YSWH,Swan Hill Airport,-35.37580108642578,143.5330047607422,FSS,MELBOURNE CNTR,125.8,OurAirports,2026-10-03,NO
VIC,YTGG,Taggerty Airport,-37.35049819946289,145.6999969482422,MISC,MISC,120.6,OurAirports,2026-10-03,NO
VIC,YTGG,Taggerty Airport,-37.35049819946289,145.6999969482422,CTAF,CTAF,122.4,OurAirports,2026-10-03,NO
VIC,YTGG,Taggerty Airport,-37.35049819946289,145.6999969482422,MISC,MISC,125.8,OurAirports,2026-10-03,NO
VIC,YTDL,Tidal River Heliport,-39.03146,146.328529,CTAF,CTAF,125.9,OurAirports,2026-10-03,NO
VIC,YTDL,Tidal River Heliport,-39.03146,146.328529,MISC,MISC,126.5,OurAirports,2026-10-03,NO
VIC,YTDN,Tooradin Airport,-38.215856,145.4232,CTAF,CTAF,124.2,OurAirports,2026-10-03,NO
VIC,YTDN,Tooradin Airport,-38.215856,145.4232,MISC,MISC,125.9,OurAirports,2026-10-03,NO
VIC,YTQY,Torquay Airport,-38.299999,144.365005,CTAF,CTAF,119,OurAirports,2026-10-03,NO
VIC,YTQY,Torquay Airport,-38.299999,144.365005,MISC,MISC,120,OurAirports,2026-10-03,NO
VIC,YTRB,Torrumbarry Airport,-36.06669998168945,144.5330047607422,MISC,MISC,120,OurAirports,2026-10-03,NO
VIC,YTRB,Torrumbarry Airport,-36.06669998168945,144.5330047607422,CTAF,CTAF,126.8,OurAirports,2026-10-03,NO
VIC,AU-0044,Trawalla Airport,-37.438747364399994,143.458957672,CTAF,,126.7,OurAirports,2026-10-03,NO
VIC,YTYA,Tyabb Airport,-38.266826,145.179406,CTAF,CTAF,128,OurAirports,2026-10-03,NO
VIC,YVVA,Victoria Valley Airport,-37.5,142.27000427246094,MISC,MISC,118.6,OurAirports,2026-10-03,NO
VIC,YVVA,Victoria Valley Airport,-37.5,142.27000427246094,CTAF,CTAF,125.8,OurAirports,2026-10-03,NO
VIC,YWGT,Wangaratta Airport,-36.417914,146.306896,CTAF,CTAF,119.1,OurAirports,2026-10-03,NO
VIC,YWGT,Wangaratta Airport,-36.417914,146.306896,FSS,MELBOURNE CNTR,125.2,OurAirports,2026-10-03,NO
VIC,YWKB,Warracknabeal Airport,-36.32109832763672,142.41900634765625,FSS,MELBOURNE CNTR,125.8,OurAirports,2026-10-03,NO
VIC,YWKB,Warracknabeal Airport,-36.32109832763672,142.41900634765625,CTAF,CTAF,126.7,OurAirports,2026-10-03,NO
VIC,YWBL,Warrnambool Airport,-38.2952995300293,142.44700622558594,FSS,MELBOURNE CNTR,125.8,OurAirports,2026-10-03,NO
VIC,YWBL,Warrnambool Airport,-38.2952995300293,142.44700622558594,CTAF,CTAF,126,OurAirports,2026-10-03,NO
VIC,YWSL,West Sale Airport,-38.090827,146.965335,CTAF,CTAF,118.3,OurAirports,2026-10-03,NO
VIC,YWSL,West Sale Airport,-38.090827,146.965335,APP,SALE APP,123.3,OurAirports,2026-10-03,NO
VIC,YWSL,West Sale Airport,-38.090827,146.965335,FSS,MELBOURNE CNTR,124,OurAirports,2026-10-03,NO
VIC,YWSL,West Sale Airport,-38.090827,146.965335,CLD,SALE CLNC DEL,133.6,OurAirports,2026-10-03,NO
VIC,YWLP,Wilsons Promontory Airport (Yanakie Airport),-38.949897,146.28383,CTAF,CTAF,118.3,OurAirports,2026-10-03,NO
VIC,YWLP,Wilsons Promontory Airport (Yanakie Airport),-38.949897,146.28383,MISC,MISC,125.7,OurAirports,2026-10-03,NO
VIC,YWOV,Woodvale Airport,-36.63330078125,144.18299865722656,MISC,MISC,122.3,OurAirports,2026-10-03,NO
VIC,YWOV,Woodvale Airport,-36.63330078125,144.18299865722656,MISC,MISC,124.6,OurAirports,2026-10-03,NO
VIC,YWOV,Woodvale Airport,-36.63330078125,144.18299865722656,CTAF,CTAF,125.8,OurAirports,2026-10-03,NO
VIC,YWYF,Wycheproof Airport,-36.0583,143.242996,MISC,MISC,124.8,OurAirports,2026-10-03,NO
VIC,YWYF,Wycheproof Airport,-36.0583,143.242996,MISC,MISC,125.1,OurAirports,2026-10-03,NO
VIC,YWYF,Wycheproof Airport,-36.0583,143.242996,CTAF,CTAF,125.8,OurAirports,2026-10-03,NO
VIC,YYRM,Yarram Airport,-38.566654,146.752854,MISC,MISC,119.6,OurAirports,2026-10-03,NO
VIC,YYRM,Yarram Airport,-38.566654,146.752854,MISC,MISC,122.6,OurAirports,2026-10-03,NO
VIC,YYRM,Yarram Airport,-38.566654,146.752854,MISC,MISC,124,OurAirports,2026-10-03,NO
VIC,YYRM,Yarram Airport,-38.566654,146.752854,CTAF,CTAF,126.7,OurAirports,2026-10-03,NO
VIC,YYWG,Yarrawonga Airport,-36.031512,146.027958,FSS,MELBOURNE CNTR,125.2,OurAirports,2026-10-03,NO
VIC,YYWG,Yarrawonga Airport,-36.031512,146.027958,CTAF,CTAF,126.7,OurAirports,2026-10-03,NO
VIC,YEAT,Yea Airport,-37.21580123901367,146.42999267578125,CTAF,CTAF,122.4,OurAirports,2026-10-03,NO
VIC,YEAT,Yea Airport,-37.21580123901367,146.42999267578125,MISC,MISC,125.2,OurAirports,2026-10-03,NO
VIC,YYEA,Yeaburn Airport,-37.175904,145.323056,CTAF,CTAF,122.4,OurAirports,2026-10-03,NO
VIC,YYEA,Yeaburn Airport,-37.175904,145.323056,MISC,MISC,125.2,OurAirports,2026-10-03,NO
WA,AU-0014,Abrolhos East Wallabi Island Airport,-28.43785,113.735583333,CTAF,Abrolhos traffic,127.1,OurAirports,2026-10-03,NO
WA,AU-0038,Abrolhos North Island,-28.299816666699996,113.5958,CTAF,Abrolhos traffic,127.1,OurAirports,2026-10-03,NO
WA,YRAT,Abrolhos Rat Island,-28.7197,113.7845,CTAF,Abrolhos traffic,127.1,OurAirports,2026-10-03,NO
WA,YABA,Albany Airport,-34.943333,117.808889,FSS,MELBOURNE CNTR,123.9,OurAirports,2026-10-03,NO
WA,YABA,Albany Airport,-34.943333,117.808889,CTAF,CTAF,127.85,OurAirports,2026-10-03,NO
WA,YABS,Albion Downs Airport,-27.283300399780273,120.38300323486328,CTAF,CTAF,118.4,OurAirports,2026-10-03,NO
WA,YABS,Albion Downs Airport,-27.283300399780273,120.38300323486328,MISC,MISC,119.6,OurAirports,2026-10-03,NO
WA,YABS,Albion Downs Airport,-27.283300399780273,120.38300323486328,MISC,MISC,123.9,OurAirports,2026-10-03,NO
WA,YAPA,Anna Plains Airport,-19.26808,121.51128,MISC,MISC,122,OurAirports,2026-10-03,NO
WA,YAPA,Anna Plains Airport,-19.26808,121.51128,CTAF,CTAF,123.9,OurAirports,2026-10-03,NO
WA,YARG,Argyle Airport,-16.636944,128.451389,FSS,BRISBANE CNTR,122.4,OurAirports,2026-10-03,NO
WA,YARG,Argyle Airport,-16.636944,128.451389,CTAF,CTAF,127.3,OurAirports,2026-10-03,NO
WA,YADD,Arubiddy Airport,-31.813752,125.919725,MISC,MISC,122.4,OurAirports,2026-10-03,NO
WA,YADD,Arubiddy Airport,-31.813752,125.919725,CTAF,CTAF,134.2,OurAirports,2026-10-03,NO
WA,YAHD,Ashburton Downs Airport,-23.380787,117.025573,MISC,MISC,122.4,OurAirports,2026-10-03,NO
WA,YAHD,Ashburton Downs Airport,-23.380787,117.025573,CTAF,CTAF,134.2,OurAirports,2026-10-03,NO
WA,YATY,Atley Airport,-28.216699600219727,119.25,MISC,MISC,122.4,OurAirports,2026-10-03,NO
WA,YATY,Atley Airport,-28.216699600219727,119.25,CTAF,CTAF,124.8,OurAirports,2026-10-03,NO
WA,YBGI,Balgair Airport,-31.066699981689453,125.66699981689453,MISC,MISC,120.6,OurAirports,2026-10-03,NO
WA,YBGI,Balgair Airport,-31.066699981689453,125.66699981689453,MISC,MISC,121.85,OurAirports,2026-10-03,NO
WA,YBGI,Balgair Airport,-31.066699981689453,125.66699981689453,CTAF,CTAF,134.2,OurAirports,2026-10-03,NO
WA,YBGO,Balgo Hill Airport,-20.148333,127.973889,CTAF,CTAF,126.7,OurAirports,2026-10-03,NO
WA,YBGO,Balgo Hill Airport,-20.148333,127.973889,MISC,MISC,132.1,OurAirports,2026-10-03,NO
WA,YBAL,Balladonia Airport,-32.346793,123.614945,CTAF,CTAF,119.82,OurAirports,2026-10-03,NO
WA,YBAL,Balladonia Airport,-32.346793,123.614945,MISC,MISC,132.1,OurAirports,2026-10-03,NO
WA,YBIU,Ballidu Airport,-30.592693,116.779288,CTAF,CTAF,122.4,OurAirports,2026-10-03,NO
WA,YBBC,Bamboo Creek Airport,-20.944599151611328,120.16500091552734,MISC,MISC,124.8,OurAirports,2026-10-03,NO
WA,YBBC,Bamboo Creek Airport,-20.944599151611328,120.16500091552734,MISC,MISC,132.1,OurAirports,2026-10-03,NO
WA,YBJW,Banjawarn Airport,-27.66670036315918,121.5999984741211,CTAF,CTAF,118.4,OurAirports,2026-10-03,NO
WA,YBJW,Banjawarn Airport,-27.66670036315918,121.5999984741211,MISC,MISC,132.1,OurAirports,2026-10-03,NO
WA,YBRY,Barimunya Airport,-22.673889,119.166111,FSS,MELBOURNE CNTR,123.4,OurAirports,2026-10-03,NO
WA,YBRY,Barimunya Airport,-22.673889,119.166111,CTAF,CTAF,126.7,OurAirports,2026-10-03,NO
WA,YBDX,Barradale Airport,-22.863300323486328,114.96299743652344,CTAF,CTAF,122.1,OurAirports,2026-10-03,NO
WA,YBDX,Barradale Airport,-22.863300323486328,114.96299743652344,MISC,MISC,132.1,OurAirports,2026-10-03,NO
WA,YBWX,Barrow Island Airport,-20.864444,115.406111,CTAF,CTAF,120.1,OurAirports,2026-10-03,NO
WA,YBWX,Barrow Island Airport,-20.864444,115.406111,FSS,MELBOURNE CNTR,122.4,OurAirports,2026-10-03,NO
WA,YBEC,Beacon Airport,-30.474864,117.879932,CTAF,CTAF,124.8,OurAirports,2026-10-03,NO
WA,YBEC,Beacon Airport,-30.474864,117.879932,MISC,MISC,132.1,OurAirports,2026-10-03,NO
WA,YBGB,Beagle Bay Airport,-17.0165,122.6464,CTAF,CTAF,122.1,OurAirports,2026-10-03,NO
WA,YBGB,Beagle Bay Airport,-17.0165,122.6464,MISC,MISC,132.1,OurAirports,2026-10-03,NO
WA,YBDF,Bedford Downs Airport,-17.286699295,127.462997437,CTAF,CTAF,122.1,OurAirports,2026-10-03,NO
WA,YBDF,Bedford Downs Airport,-17.286699295,127.462997437,MISC,MISC,132.1,OurAirports,2026-10-03,NO
WA,YELE,Belele Airport,-26.367431,118.039175,CTAF,CTAF,122.6,OurAirports,2026-10-03,NO
WA,YELE,Belele Airport,-26.367431,118.039175,MISC,MISC,132.1,OurAirports,2026-10-03,NO
WA,YBLU,Bellevue Airport,-27.612778,120.593889,CTAF,CTAF,118.4,OurAirports,2026-10-03,NO
WA,YBLU,Bellevue Airport,-27.612778,120.593889,MISC,MISC,132.1,OurAirports,2026-10-03,NO
WA,YBCB,Bencubbin Airport,-30.821446,117.867165,CTAF,CTAF,123.4,OurAirports,2026-10-03,NO
WA,YBCB,Bencubbin Airport,-30.821446,117.867165,MISC,MISC,132.1,OurAirports,2026-10-03,NO
WA,YBEV,Beverley Airport,-32.125341,116.949625,CTAF,CTAF,126.85,OurAirports,2026-10-03,NO
WA,YBYS,Beverley Springs Airport,-16.732756,125.439105,CTAF,CTAF,122.1,OurAirports,2026-10-03,NO
WA,YBYS,Beverley Springs Airport,-16.732756,125.439105,MISC,MISC,132.1,OurAirports,2026-10-03,NO
WA,YBBE,Big Bell Airport,-27.328351,117.671771,MISC,MISC,122.6,OurAirports,2026-10-03,NO
WA,YBBE,Big Bell Airport,-27.328351,117.671771,CTAF,CTAF,124.1,OurAirports,2026-10-03,NO
WA,YBBE,Big Bell Airport,-27.328351,117.671771,MISC,MISC,132.1,OurAirports,2026-10-03,NO
WA,YBBL,Billabalong Airport,-27.417679,115.834423,CTAF,CTAF,124.8,OurAirports,2026-10-03,NO
WA,YBBL,Billabalong Airport,-27.417679,115.834423,MISC,MISC,132.1,OurAirports,2026-10-03,NO
WA,YBLB,Billabong Road House Airport,-26.821394,114.6112,CTAF,CTAF,124.1,OurAirports,2026-10-03,NO
WA,YBLB,Billabong Road House Airport,-26.821394,114.6112,MISC,MISC,132.1,OurAirports,2026-10-03,NO
WA,YBIL,Billiluna Airport,-19.566699981699998,127.666999817,CTAF,CTAF,124.1,OurAirports,2026-10-03,NO
WA,YBIL,Billiluna Airport,-19.566699981699998,127.666999817,MISC,MISC,132.1,OurAirports,2026-10-03,NO
WA,YBSR,Blackstone Airport,-25.9867000579834,128.28799438476562,CTAF,CTAF,120.5,OurAirports,2026-10-03,NO
WA,YBSR,Blackstone Airport,-25.9867000579834,128.28799438476562,MISC,MISC,121.85,OurAirports,2026-10-03,NO
WA,YBSR,Blackstone Airport,-25.9867000579834,128.28799438476562,MISC,MISC,132.1,OurAirports,2026-10-03,NO
WA,YBYD,Bonney Downs Station Airport,-22.266700744628906,119.88300323486328,CTAF,CTAF,123.4,OurAirports,2026-10-03,NO
WA,YBYD,Bonney Downs Station Airport,-22.266700744628906,119.88300323486328,MISC,MISC,132.1,OurAirports,2026-10-03,NO
WA,YBOY,Booylgoo Springs Airport,-27.75,119.9000015258789,CTAF,CTAF,123.4,OurAirports,2026-10-03,NO
WA,YBOY,Booylgoo Springs Airport,-27.75,119.9000015258789,MISC,MISC,132.1,OurAirports,2026-10-03,NO
WA,YBOP,Boyup Brook Airport,-33.900001525878906,116.46700286865234,CTAF,CTAF,120.021,OurAirports,2026-10-03,NO
WA,YBOP,Boyup Brook Airport,-33.900001525878906,116.46700286865234,MISC,MISC,134.4,OurAirports,2026-10-03,NO
WA,YBWG,Bronzewing Airport,-27.365601,121.036003,FSS,MELBOURNE CNTR,118.95,OurAirports,2026-10-03,NO
WA,YBWG,Bronzewing Airport,-27.365601,121.036003,CTAF,CTAF,126.5,OurAirports,2026-10-03,NO
WA,YBLD,Brooklands Airport,-31.823078,116.799291,CTAF,CTAF,120.7,OurAirports,2026-10-03,NO
WA,YBLD,Brooklands Airport,-31.823078,116.799291,MISC,MISC,134.4,OurAirports,2026-10-03,NO
WA,YBRM,Broome International Airport,-17.949194,122.2283,FSS,BRISBANE CNTR,123.9,OurAirports,2026-10-03,NO
WA,YBRM,Broome International Airport,-17.949194,122.2283,CTAF,CTAF,126,OurAirports,2026-10-03,NO
WA,YBRM,Broome International Airport,-17.949194,122.2283,ATIS,ATIS,126.55,OurAirports,2026-10-03,NO
WA,YBYA,Bryah Airport,-25.533300399780273,118.73300170898438,MISC,MISC,119.6,OurAirports,2026-10-03,NO
WA,YBYA,Bryah Airport,-25.533300399780273,118.73300170898438,CTAF,CTAF,122.6,OurAirports,2026-10-03,NO
WA,YBYA,Bryah Airport,-25.533300399780273,118.73300170898438,MISC,MISC,123.9,OurAirports,2026-10-03,NO
WA,YBUG,Bulga Downs Station Airport,-28.5,119.73300170898438,CTAF,CTAF,118.4,OurAirports,2026-10-03,NO
WA,YBUG,Bulga Downs Station Airport,-28.5,119.73300170898438,MISC,MISC,119.6,OurAirports,2026-10-03,NO
WA,YBUG,Bulga Downs Station Airport,-28.5,119.73300170898438,MISC,MISC,123.9,OurAirports,2026-10-03,NO
WA,YBUN,Bunbury Airport,-33.378056,115.676944,FSS,MELBOURNE CNTR,124.9,OurAirports,2026-10-03,NO
WA,YBUN,Bunbury Airport,-33.378056,115.676944,CTAF,CTAF,127,OurAirports,2026-10-03,NO
WA,YBLN,Busselton Margaret River Regional Airport,-33.687222,115.400278,FSS,MELBOURNE CNTR,124.9,OurAirports,2026-10-03,NO
WA,YBLN,Busselton Margaret River Regional Airport,-33.687222,115.400278,CTAF,CTAF,126.7,OurAirports,2026-10-03,NO
WA,YCAJ,Cadjebut Airport,-18.700000762939453,125.9000015258789,MISC,MISC,120,OurAirports,2026-10-03,NO
WA,YCAJ,Cadjebut Airport,-18.700000762939453,125.9000015258789,MISC,MISC,125.1,OurAirports,2026-10-03,NO
WA,YCAJ,Cadjebut Airport,-18.700000762939453,125.9000015258789,CTAF,CTAF,126.7,OurAirports,2026-10-03,NO
WA,YCAG,Caiguna Airport,-32.280457,125.477943,CTAF,CTAF,134.2,OurAirports,2026-10-03,NO
WA,YCAI,Callion Airport,-30.120342,120.571334,MISC,MISC,120.7,OurAirports,2026-10-03,NO
WA,YCAI,Callion Airport,-30.120342,120.571334,CTAF,CTAF,122.1,OurAirports,2026-10-03,NO
WA,YCNF,Camp Nifty Airport,-21.6717,121.586998,MISC,MISC,120.7,OurAirports,2026-10-03,NO
WA,YCNF,Camp Nifty Airport,-21.6717,121.586998,CTAF,CTAF,134.2,OurAirports,2026-10-03,NO
WA,YCLQ,Cape Leveque Airport,-16.401203,122.932148,MISC,MISC,120.7,OurAirports,2026-10-03,NO
WA,YCLQ,Cape Leveque Airport,-16.401203,122.932148,CTAF,CTAF,122.1,OurAirports,2026-10-03,NO
WA,YCNH,Carnarmah Airport,-29.68374,115.893662,MISC,MISC,120.7,OurAirports,2026-10-03,NO
WA,YCNH,Carnarmah Airport,-29.68374,115.893662,CTAF,CTAF,124.8,OurAirports,2026-10-03,NO
WA,YCAR,Carnarvon Airport,-24.884337,113.666393,FSS,MELBOURNE CNTR,122.1,OurAirports,2026-10-03,NO
WA,YCAR,Carnarvon Airport,-24.884337,113.666393,CTAF,CTAF,126.7,OurAirports,2026-10-03,NO
WA,YCGI,Carnegie Station Airport,-25.79746,122.942154,MISC,MISC,119.6,OurAirports,2026-10-03,NO
WA,YCGI,Carnegie Station Airport,-25.79746,122.942154,MISC,MISC,122.1,OurAirports,2026-10-03,NO
WA,YCGI,Carnegie Station Airport,-25.79746,122.942154,CTAF,CTAF,130.9,OurAirports,2026-10-03,NO
WA,YCVS,Cervantes Airport,-30.48538,115.085642,MISC,MISC,122.1,OurAirports,2026-10-03,NO
WA,YCVS,Cervantes Airport,-30.48538,115.085642,MISC,MISC,122.4,OurAirports,2026-10-03,NO
WA,YCVS,Cervantes Airport,-30.48538,115.085642,CTAF,CTAF,122.429,OurAirports,2026-10-03,NO
WA,YCRK,Christmas Creek Station Airport,-18.8728,125.934,MISC,MISC,122.1,OurAirports,2026-10-03,NO
WA,YCRK,Christmas Creek Station Airport,-18.8728,125.934,CTAF,CTAF,122.4,OurAirports,2026-10-03,NO
WA,YCRK,Christmas Creek Station Airport,-18.8728,125.934,MISC,MISC,122.4,OurAirports,2026-10-03,NO
WA,YCTI,Cockatoo Island Airport,-16.095918,123.610654,CTAF,CTAF,122.1,OurAirports,2026-10-03,NO
WA,YCTI,Cockatoo Island Airport,-16.095918,123.610654,MISC,MISC,122.8,OurAirports,2026-10-03,NO
WA,YCTI,Cockatoo Island Airport,-16.095918,123.610654,MISC,MISC,125.9,OurAirports,2026-10-03,NO
WA,YCOI,Collie Airport,-33.3666992188,116.217002869,MISC,MISC,118.1,OurAirports,2026-10-03,NO
WA,YCOI,Collie Airport,-33.3666992188,116.217002869,MISC,MISC,119.6,OurAirports,2026-10-03,NO
WA,YCOI,Collie Airport,-33.3666992188,116.217002869,MISC,MISC,120,OurAirports,2026-10-03,NO
WA,YCOI,Collie Airport,-33.3666992188,116.217002869,CTAF,CTAF,126.7,OurAirports,2026-10-03,NO
WA,YCWY,Coolawanyah Airport,-21.7946,117.755,MISC,MISC,124.1,OurAirports,2026-10-03,NO
WA,YCWY,Coolawanyah Airport,-21.7946,117.755,CTAF,CTAF,125.7,OurAirports,2026-10-03,NO
WA,YCLG,Coolgardie Airport,-30.89727,121.19502,CTAF,CTAF,126.7,OurAirports,2026-10-03,NO
WA,YCNN,Coonana Airport,-31.016700744628906,123.16699981689453,CTAF,CTAF,122.1,OurAirports,2026-10-03,NO
WA,YCNN,Coonana Airport,-31.016700744628906,123.16699981689453,MISC,MISC,124.1,OurAirports,2026-10-03,NO
WA,YCOG,Coongan Airport,-20.683300018310547,119.66699981689453,CTAF,CTAF,118.6,OurAirports,2026-10-03,NO
WA,YCOG,Coongan Airport,-20.683300018310547,119.66699981689453,MISC,MISC,124.1,OurAirports,2026-10-03,NO
WA,YCPG,Coppins Gap Airport,-20.950000762939453,120.03299713134766,CTAF,CTAF,123.4,OurAirports,2026-10-03,NO
WA,YCPG,Coppins Gap Airport,-20.950000762939453,120.03299713134766,MISC,MISC,124.1,OurAirports,2026-10-03,NO
WA,YCOY,Coral Bay Airport,-23.128851,113.780626,MISC,MISC,124.1,OurAirports,2026-10-03,NO
WA,YCOY,Coral Bay Airport,-23.128851,113.780626,CTAF,CTAF,125.9,OurAirports,2026-10-03,NO
WA,YCOS,Cosmo Newbery Airport,-27.985963,122.904853,MISC,MISC,124.1,OurAirports,2026-10-03,NO
WA,YCOS,Cosmo Newbery Airport,-27.985963,122.904853,CTAF,CTAF,125.4,OurAirports,2026-10-03,NO
WA,YCTC,Cotten Creek Airport,-22.818276,122.584792,MISC,MISC,124.1,OurAirports,2026-10-03,NO
WA,YCTC,Cotten Creek Airport,-22.818276,122.584792,CTAF,CTAF,125.4,OurAirports,2026-10-03,NO
WA,YCRN,Cranbrook Airport,-34.279616,117.552545,MISC,MISC,120.6,OurAirports,2026-10-03,NO
WA,YCRN,Cranbrook Airport,-34.279616,117.552545,MISC,MISC,125.9,OurAirports,2026-10-03,NO
WA,YCRN,Cranbrook Airport,-34.279616,117.552545,CTAF,CTAF,126.7,OurAirports,2026-10-03,NO
WA,YCUE,Cue Airport,-27.450663,117.917703,MISC,MISC,122.6,OurAirports,2026-10-03,NO
WA,YCUE,Cue Airport,-27.450663,117.917703,CTAF,CTAF,126.7,OurAirports,2026-10-03,NO
WA,YCUN,Cunderdin Airport,-31.622222,117.216667,FSS,MELBOURNE CNTR,120.3,OurAirports,2026-10-03,NO
WA,YCUN,Cunderdin Airport,-31.622222,117.216667,CTAF,CTAF,126.7,OurAirports,2026-10-03,NO
WA,YDRC,Dairy Creek Homestead Airport,-25.268972,115.867391,MISC,MISC,122.1,OurAirports,2026-10-03,NO
WA,YDRC,Dairy Creek Homestead Airport,-25.268972,115.867391,CTAF,CTAF,122.6,OurAirports,2026-10-03,NO
WA,YDVE,Dale River Airport,-32.28329849243164,116.55000305175781,CTAF,CTAF,120.735,OurAirports,2026-10-03,NO
WA,YDVE,Dale River Airport,-32.28329849243164,116.55000305175781,MISC,MISC,122.1,OurAirports,2026-10-03,NO
WA,YDGR,Dalgaranga Airport,-27.791440356099997,116.993322372,MISC,MISC,122.1,OurAirports,2026-10-03,NO
WA,YDGR,Dalgaranga Airport,-27.791440356099997,116.993322372,CTAF,CTAF,124.8,OurAirports,2026-10-03,NO
WA,YDGT,Dalgety Downs Station Airport,-25.267532,116.221396,MISC,MISC,122.1,OurAirports,2026-10-03,NO
WA,YDGT,Dalgety Downs Station Airport,-25.267532,116.221396,CTAF,CTAF,122.6,OurAirports,2026-10-03,NO
WA,YDWU,Dalwallinu Airport,-30.199814,116.655364,CTAF,CTAF,125.3,OurAirports,2026-10-03,NO
WA,YDLO,Darlot Airport,-27.873611,121.271666,CTAF,CTAF,118.4,OurAirports,2026-10-03,NO
WA,YDLO,Darlot Airport,-27.873611,121.271666,MISC,MISC,122.1,OurAirports,2026-10-03,NO
WA,YDGY,De Grey Homestead Airport,-20.18168,119.1978,MISC,MISC,118.15,OurAirports,2026-10-03,NO
WA,YDGY,De Grey Homestead Airport,-20.18168,119.1978,MISC,MISC,122.1,OurAirports,2026-10-03,NO
WA,YDEK,Denmark Airport,-34.94499969482422,117.39700317382812,CTAF,CTAF,127.85,OurAirports,2026-10-03,NO
WA,YDPT,Depot Outcamp Airport,-31.572200775146484,125.18699645996094,MISC,MISC,122.1,OurAirports,2026-10-03,NO
WA,YDPT,Depot Outcamp Airport,-31.572200775146484,125.18699645996094,CTAF,CTAF,134.2,OurAirports,2026-10-03,NO
WA,YDPS,Depot Springs Airport,-27.88330078125,120.08300018310547,CTAF,CTAF,118.4,OurAirports,2026-10-03,NO
WA,YDPS,Depot Springs Airport,-27.88330078125,120.08300018310547,MISC,MISC,122.1,OurAirports,2026-10-03,NO
WA,YDBY,Derby Airport,-17.37193,123.66221,FSS,BRISBANE CNTR,122.1,OurAirports,2026-10-03,NO
WA,YDBY,Derby Airport,-17.37193,123.66221,CTAF,CTAF,126.7,OurAirports,2026-10-03,NO
WA,YDMF,Diemal Find Airport,-29.667416,119.292213,MISC,MISC,122.1,OurAirports,2026-10-03,NO
WA,YDMF,Diemal Find Airport,-29.667416,119.292213,CTAF,CTAF,125,OurAirports,2026-10-03,NO
WA,YDMF,Diemal Find Airport,-29.667416,119.292213,MISC,MISC,125.3,OurAirports,2026-10-03,NO
WA,YDRA,Dongara Airport,-29.298128,114.927334,CTAF,CTAF,121.233,OurAirports,2026-10-03,NO
WA,YDRA,Dongara Airport,-29.298128,114.927334,MISC,MISC,122.1,OurAirports,2026-10-03,NO
WA,YDRA,Dongara Airport,-29.298128,114.927334,MISC,MISC,125.3,OurAirports,2026-10-03,NO
WA,YDGN,Doongan Airport,-15.386429,126.302235,MISC,MISC,122.1,OurAirports,2026-10-03,NO
WA,YDGN,Doongan Airport,-15.386429,126.302235,MISC,MISC,125.3,OurAirports,2026-10-03,NO
WA,YDGN,Doongan Airport,-15.386429,126.302235,CTAF,CTAF,132.9,OurAirports,2026-10-03,NO
WA,YDON,Dowerin Airport,-31.169831,117.046988,CTAF,CTAF,120.7,OurAirports,2026-10-03,NO
WA,YDON,Dowerin Airport,-31.169831,117.046988,MISC,MISC,122.1,OurAirports,2026-10-03,NO
WA,YDON,Dowerin Airport,-31.169831,117.046988,MISC,MISC,125.3,OurAirports,2026-10-03,NO
WA,YDRD,Drysdale River Airport,-15.71357,126.381097,CTAF,CTAF,128,OurAirports,2026-10-03,NO
WA,YDRD,Drysdale River Airport,-15.71357,126.381097,MISC,MISC,132.9,OurAirports,2026-10-03,NO
WA,YERH,Earaheedy Airport,-25.617558,121.578445,CTAF,CTAF,122.6,OurAirports,2026-10-03,NO
WA,YERH,Earaheedy Airport,-25.617558,121.578445,MISC,MISC,132.9,OurAirports,2026-10-03,NO
WA,YPKU,East Kimberley Regional (Kununurra) Airport,-15.7781,128.707993,FSS,BRISBANE CNTR,122.4,OurAirports,2026-10-03,NO
WA,YPKU,East Kimberley Regional (Kununurra) Airport,-15.7781,128.707993,CTAF,CTAF,127,OurAirports,2026-10-03,NO
WA,YEDM,Edmund Station Airport,-23.75,116.0999984741211,CTAF,CTAF,125.7,OurAirports,2026-10-03,NO
WA,YEDM,Edmund Station Airport,-23.75,116.0999984741211,MISC,MISC,128.6,OurAirports,2026-10-03,NO
WA,YEQO,El Questro Airport,-16.00830078125,127.9749984741211,CTAF,CTAF,122.4,OurAirports,2026-10-03,NO
WA,YEQO,El Questro Airport,-16.00830078125,127.9749984741211,MISC,MISC,128.6,OurAirports,2026-10-03,NO
WA,YEEB,Eneabba Airport,-29.832500457763672,115.24600219726562,MISC,MISC,118.15,OurAirports,2026-10-03,NO
WA,YEEB,Eneabba Airport,-29.832500457763672,115.24600219726562,CTAF,CTAF,127.1,OurAirports,2026-10-03,NO
WA,YERO,Erong Station Airport,-25.560305,116.660172,MISC,MISC,118.15,OurAirports,2026-10-03,NO
WA,YERO,Erong Station Airport,-25.560305,116.660172,CTAF,CTAF,122.6,OurAirports,2026-10-03,NO
WA,YERA,Errabiddy Homestead Airport,-25.5,117.16699981689453,MISC,MISC,118.15,OurAirports,2026-10-03,NO
WA,YERA,Errabiddy Homestead Airport,-25.5,117.16699981689453,CTAF,CTAF,122.6,OurAirports,2026-10-03,NO
WA,YESP,Esperance Airport,-33.684399,121.822998,CTAF,CTAF,126.7,OurAirports,2026-10-03,NO
WA,YESP,Esperance Airport,-33.684399,121.822998,FSS,MELBOURNE CNTR,133.2,OurAirports,2026-10-03,NO
WA,YECL,Eucla Airport,-31.707084,128.877243,MISC,MISC,119.8,OurAirports,2026-10-03,NO
WA,YECL,Eucla Airport,-31.707084,128.877243,MISC,MISC,121.3,OurAirports,2026-10-03,NO
WA,YECL,Eucla Airport,-31.707084,128.877243,CTAF,CTAF,134.2,OurAirports,2026-10-03,NO
WA,YEUD,Eudamulla Station Airport,-24.443452,115.609769,MISC,MISC,119.8,OurAirports,2026-10-03,NO
WA,YEUD,Eudamulla Station Airport,-24.443452,115.609769,MISC,MISC,121.3,OurAirports,2026-10-03,NO
WA,YEUD,Eudamulla Station Airport,-24.443452,115.609769,CTAF,CTAF,122.1,OurAirports,2026-10-03,NO
WA,YEXM,Exmouth Airport,-22.040677,114.102663,MISC,MISC,119.8,OurAirports,2026-10-03,NO
WA,YEXM,Exmouth Airport,-22.040677,114.102663,MISC,MISC,121.3,OurAirports,2026-10-03,NO
WA,YEXM,Exmouth Airport,-22.040677,114.102663,CTAF,CTAF,125.9,OurAirports,2026-10-03,NO
WA,YFWY,Faraway Bay Airport,-13.980799674987793,127.18099975585938,MISC,MISC,119.8,OurAirports,2026-10-03,NO
WA,YFWY,Faraway Bay Airport,-13.980799674987793,127.18099975585938,MISC,MISC,121.3,OurAirports,2026-10-03,NO
WA,YFWY,Faraway Bay Airport,-13.980799674987793,127.18099975585938,CTAF,CTAF,132.9,OurAirports,2026-10-03,NO
WA,YFTZ,Fitzroy Crossing Airport,-18.183596,125.559783,FSS,BRISBANE CNTR,124.8,OurAirports,2026-10-03,NO
WA,YFTZ,Fitzroy Crossing Airport,-18.183596,125.559783,CTAF,CTAF,126.7,OurAirports,2026-10-03,NO
WA,YFLO,Flora Valley Airport,-18.297844,128.455897,MISC,MISC,124.8,OurAirports,2026-10-03,NO
WA,YFLO,Flora Valley Airport,-18.297844,128.455897,CTAF,CTAF,125.9,OurAirports,2026-10-03,NO
WA,YFRT,Forrest Airport,-30.83662,128.112811,UNIC,CTAF/UNICOM,126.7,OurAirports,2026-10-03,NO
WA,YFRT,Forrest Airport,-30.83662,128.112811,FSS,MELBOURNE CNTR,132.7,OurAirports,2026-10-03,NO
WA,YFCU,Fortescue River Airport,-21.299999237060547,116.13300323486328,MISC,MISC,119.6,OurAirports,2026-10-03,NO
WA,YFCU,Fortescue River Airport,-21.299999237060547,116.13300323486328,CTAF,CTAF,125.4,OurAirports,2026-10-03,NO
WA,YFCU,Fortescue River Airport,-21.299999237060547,116.13300323486328,MISC,MISC,134.2,OurAirports,2026-10-03,NO
WA,YFOR,Fortnum Airport,-25.33329963684082,118.36699676513672,MISC,MISC,119.6,OurAirports,2026-10-03,NO
WA,YFOR,Fortnum Airport,-25.33329963684082,118.36699676513672,CTAF,CTAF,122.6,OurAirports,2026-10-03,NO
WA,YFOR,Fortnum Airport,-25.33329963684082,118.36699676513672,MISC,MISC,134.2,OurAirports,2026-10-03,NO
WA,YFRK,Frankland Airport,-34.424752,117.026281,MISC,MISC,119.6,OurAirports,2026-10-03,NO
WA,YFRK,Frankland Airport,-34.424752,117.026281,CTAF,CTAF,123.9,OurAirports,2026-10-03,NO
WA,YFRK,Frankland Airport,-34.424752,117.026281,MISC,MISC,134.2,OurAirports,2026-10-03,NO
WA,YGSC,Gascoyne Junction Airport,-25.0546,115.2026,MISC,MISC,119.6,OurAirports,2026-10-03,NO
WA,YGSC,Gascoyne Junction Airport,-25.0546,115.2026,CTAF,CTAF,122.1,OurAirports,2026-10-03,NO
WA,YGSC,Gascoyne Junction Airport,-25.0546,115.2026,MISC,MISC,134.2,OurAirports,2026-10-03,NO
WA,YGEL,Geraldton Airport,-28.796101,114.707001,FSS,MELBOURNE CNTR,121.2,OurAirports,2026-10-03,NO
WA,YGEL,Geraldton Airport,-28.796101,114.707001,CTAF,CTAF,126.7,OurAirports,2026-10-03,NO
WA,YGIB,Gibb River Airport,-16.418661,126.445685,CTAF,CTAF,128,OurAirports,2026-10-03,NO
WA,YGIB,Gibb River Airport,-16.418661,126.445685,MISC,MISC,132.9,OurAirports,2026-10-03,NO
WA,YGID,Gidgee Airport,-27.270000457763672,119.40499877929688,CTAF,CTAF,128,OurAirports,2026-10-03,NO
WA,YGID,Gidgee Airport,-27.270000457763672,119.40499877929688,MISC,MISC,132.9,OurAirports,2026-10-03,NO
WA,YGIF,Gifford Creek Station Airport,-24.049999237060547,116.21700286865234,CTAF,CTAF,125.7,OurAirports,2026-10-03,NO
WA,YGIF,Gifford Creek Station Airport,-24.049999237060547,116.21700286865234,MISC,MISC,132.9,OurAirports,2026-10-03,NO
WA,YGLS,Giles Airport,-25.043699,128.296005,CTAF,CTAF,120.5,OurAirports,2026-10-03,NO
WA,YGLS,Giles Airport,-25.043699,128.296005,MISC,MISC,121.85,OurAirports,2026-10-03,NO
WA,YGLS,Giles Airport,-25.043699,128.296005,MISC,MISC,132.9,OurAirports,2026-10-03,NO
WA,YGPI,Giles Point Airport,-23.290523,119.148223,CTAF,CTAF,123.4,OurAirports,2026-10-03,NO
WA,YGPI,Giles Point Airport,-23.290523,119.148223,MISC,MISC,132.9,OurAirports,2026-10-03,NO
WA,YGIR,Giralia Airport,-22.679977,114.371088,MISC,MISC,120.7,OurAirports,2026-10-03,NO
WA,YGIR,Giralia Airport,-22.679977,114.371088,CTAF,CTAF,125.9,OurAirports,2026-10-03,NO
WA,YGLY,Glenayle Homestead Airport,-25.283300399780273,122.05000305175781,MISC,MISC,120.7,OurAirports,2026-10-03,NO
WA,YGLY,Glenayle Homestead Airport,-25.283300399780273,122.05000305175781,CTAF,CTAF,122.6,OurAirports,2026-10-03,NO
WA,YGAR,Gnaraloo Station Airport,-23.79155,113.528938,MISC,MISC,120.7,OurAirports,2026-10-03,NO
WA,YGAR,Gnaraloo Station Airport,-23.79155,113.528938,CTAF,CTAF,122.1,OurAirports,2026-10-03,NO
WA,YGNW,Gnowangerup Airport,-33.978316,118.012819,MISC,MISC,120.7,OurAirports,2026-10-03,NO
WA,YGNW,Gnowangerup Airport,-33.978316,118.012819,CTAF,CTAF,125.4,OurAirports,2026-10-03,NO
WA,YGGE,Golden Grove Airport,-28.764898,116.972656,MISC,MISC,120.7,OurAirports,2026-10-03,NO
WA,YGGE,Golden Grove Airport,-28.764898,116.972656,CTAF,CTAF,124.8,OurAirports,2026-10-03,NO
WA,YGOM,Goomalling Airport,-31.359895,116.891291,CTAF,CTAF,120.7,OurAirports,2026-10-03,NO
WA,YGOM,Goomalling Airport,-31.359895,116.891291,MISC,MISC,124.3,OurAirports,2026-10-03,NO
WA,YGDN,Gordon Downs Airport,-18.6781005859375,128.5919952392578,CTAF,CTAF,120.7,OurAirports,2026-10-03,NO
WA,YGDN,Gordon Downs Airport,-18.6781005859375,128.5919952392578,MISC,MISC,124.3,OurAirports,2026-10-03,NO
WA,YMNW,Granny Smith Airport,-28.763333,122.438333,MISC,MISC,124.8,OurAirports,2026-10-03,NO
WA,YMNW,Granny Smith Airport,-28.763333,122.438333,CTAF,CTAF,125.7,OurAirports,2026-10-03,NO
WA,YGSD,Greenside Airstrip,-31.52384,115.940439,CTAF,Pearce Tower,118.3,OurAirports,2026-10-03,NO
WA,YGUL,Gullewa Airport,-28.646236,116.310158,MISC,MISC,122.2,OurAirports,2026-10-03,NO
WA,YGUL,Gullewa Airport,-28.646236,116.310158,CTAF,CTAF,124.8,OurAirports,2026-10-03,NO
WA,YGUL,Gullewa Airport,-28.646236,116.310158,MISC,MISC,125.1,OurAirports,2026-10-03,NO
WA,YHAG,Haig Airport,-31.006449,126.077728,MISC,MISC,122.2,OurAirports,2026-10-03,NO
WA,YHAG,Haig Airport,-31.006449,126.077728,MISC,MISC,125.1,OurAirports,2026-10-03,NO
WA,YHAG,Haig Airport,-31.006449,126.077728,CTAF,CTAF,134.2,OurAirports,2026-10-03,NO
WA,YHLC,Halls Creek Airport,-18.2339,127.669998,FSS,BRISBANE CNTR,118.2,OurAirports,2026-10-03,NO
WA,YHLC,Halls Creek Airport,-18.2339,127.669998,CTAF,CTAF,126.7,OurAirports,2026-10-03,NO
WA,YHLM,Hillman Farm Airport,-33.263882,116.819448,MISC,MISC,118.6,OurAirports,2026-10-03,NO
WA,YHLM,Hillman Farm Airport,-33.263882,116.819448,CTAF,CTAF,120,OurAirports,2026-10-03,NO
WA,YHLM,Hillman Farm Airport,-33.263882,116.819448,MISC,MISC,125.3,OurAirports,2026-10-03,NO
WA,YHIL,Hillside Airport,-21.718283,119.440334,MISC,MISC,118.6,OurAirports,2026-10-03,NO
WA,YHIL,Hillside Airport,-21.718283,119.440334,CTAF,CTAF,123.4,OurAirports,2026-10-03,NO
WA,YHIL,Hillside Airport,-21.718283,119.440334,MISC,MISC,125.3,OurAirports,2026-10-03,NO
WA,YHPE,Hopetoun Airport,-33.900001525878906,120.15799713134766,CTAF,CTAF,119.839,OurAirports,2026-10-03,NO
WA,YHPE,Hopetoun Airport,-33.900001525878906,120.15799713134766,MISC,MISC,134.2,OurAirports,2026-10-03,NO
WA,YHSL,Horseshoe Lights Airport,-25.350000381469727,118.61699676513672,CTAF,CTAF,122.6,OurAirports,2026-10-03,NO
WA,YHSL,Horseshoe Lights Airport,-25.350000381469727,118.61699676513672,MISC,MISC,134.2,OurAirports,2026-10-03,NO
WA,YJAM,Jameson Airport,-25.850000381469727,127.68299865722656,MISC,MISC,124.1,OurAirports,2026-10-03,NO
WA,YJAM,Jameson Airport,-25.850000381469727,127.68299865722656,CTAF,CTAF,130.9,OurAirports,2026-10-03,NO
WA,YJEY,Jeedamya Airport,-29.408029,121.271163,CTAF,CTAF,118.4,OurAirports,2026-10-03,NO
WA,YJEY,Jeedamya Airport,-29.408029,121.271163,MISC,MISC,122.4,OurAirports,2026-10-03,NO
WA,YJEY,Jeedamya Airport,-29.408029,121.271163,MISC,MISC,123.9,OurAirports,2026-10-03,NO
WA,YJGP,Jerramungup Airport,-33.918212,118.904482,CTAF,CTAF,120.6,OurAirports,2026-10-03,NO
WA,YJGP,Jerramungup Airport,-33.918212,118.904482,MISC,MISC,122.4,OurAirports,2026-10-03,NO
WA,YJGP,Jerramungup Airport,-33.918212,118.904482,MISC,MISC,123.9,OurAirports,2026-10-03,NO
WA,YJGP,Jerramungup Airport,-33.918212,118.904482,MISC,MISC,125.4,OurAirports,2026-10-03,NO
WA,YJIG,Jiggalong Mission Airport,-23.36669921875,120.78299713134766,CTAF,CTAF,120.6,OurAirports,2026-10-03,NO
WA,YJIG,Jiggalong Mission Airport,-23.36669921875,120.78299713134766,MISC,MISC,122.4,OurAirports,2026-10-03,NO
WA,YJIG,Jiggalong Mission Airport,-23.36669921875,120.78299713134766,MISC,MISC,123.9,OurAirports,2026-10-03,NO
WA,YJIG,Jiggalong Mission Airport,-23.36669921875,120.78299713134766,MISC,MISC,125.4,OurAirports,2026-10-03,NO
WA,YJUN,Jundee Airport,-26.4217,120.577003,MISC,MISC,118.95,OurAirports,2026-10-03,NO
WA,YJUN,Jundee Airport,-26.4217,120.577003,CTAF,CTAF,126.7,OurAirports,2026-10-03,NO
WA,YKAE,Kalannie Airport,-30.360004,117.121634,CTAF,CTAF,122.6,OurAirports,2026-10-03,NO
WA,YPKG,Kalgoorlie Boulder Airport,-30.791543,121.464586,FSS,MELBOURNE CNTR,122.1,OurAirports,2026-10-03,NO
WA,YPKG,Kalgoorlie Boulder Airport,-30.791543,121.464586,CTAF,CTAF,126.6,OurAirports,2026-10-03,NO
WA,YPKG,Kalgoorlie Boulder Airport,-30.791543,121.464586,UNIC,UNICOM AIR BP,126.6,OurAirports,2026-10-03,NO
WA,YKAL,Kalumburu Airport,-14.28784,126.633182,MISC,MISC,120.6,OurAirports,2026-10-03,NO
WA,YKAL,Kalumburu Airport,-14.28784,126.633182,MISC,MISC,122.1,OurAirports,2026-10-03,NO
WA,YKAL,Kalumburu Airport,-14.28784,126.633182,CTAF,CTAF,132.9,OurAirports,2026-10-03,NO
WA,YKBL,Kambalda Airport,-31.1907,121.5978,MISC,MISC,120.6,OurAirports,2026-10-03,NO
WA,YKBL,Kambalda Airport,-31.1907,121.5978,CTAF,CTAF,122.1,OurAirports,2026-10-03,NO
WA,YKBL,Kambalda Airport,-31.1907,121.5978,MISC,MISC,122.1,OurAirports,2026-10-03,NO
WA,YKAN,Kanandah Airport,-30.899822,124.862065,MISC,MISC,120.6,OurAirports,2026-10-03,NO
WA,YKAN,Kanandah Airport,-30.899822,124.862065,MISC,MISC,122.1,OurAirports,2026-10-03,NO
WA,YKAN,Kanandah Airport,-30.899822,124.862065,CTAF,CTAF,134.2,OurAirports,2026-10-03,NO
WA,YPKA,Karratha Airport,-20.712200164799995,116.773002625,FSS,MELBOURNE CNTR,122.4,OurAirports,2026-10-03,NO
WA,YPKA,Karratha Airport,-20.712200164799995,116.773002625,CTAF,CTAF,127.35,OurAirports,2026-10-03,NO
WA,YKNG,Katanning Airport,-33.699423,117.65703,CTAF,CTAF,125.4,OurAirports,2026-10-03,NO
WA,YKOJ,Kojonup Airport,-33.762523,117.136574,MISC,MISC,120,OurAirports,2026-10-03,NO
WA,YKOJ,Kojonup Airport,-33.762523,117.136574,MISC,MISC,122.3,OurAirports,2026-10-03,NO
WA,YKOJ,Kojonup Airport,-33.762523,117.136574,MISC,MISC,123.05,OurAirports,2026-10-03,NO
WA,YKOJ,Kojonup Airport,-33.762523,117.136574,CTAF,CTAF,126.7,OurAirports,2026-10-03,NO
WA,YKDN,Kondinin Airport,-32.467409,118.269882,MISC,MISC,122.3,OurAirports,2026-10-03,NO
WA,YKDN,Kondinin Airport,-32.467409,118.269882,MISC,MISC,123.05,OurAirports,2026-10-03,NO
WA,YKDN,Kondinin Airport,-32.467409,118.269882,CTAF,CTAF,125.4,OurAirports,2026-10-03,NO
WA,YKOK,Kookynie Airport,-29.34328,121.493168,CTAF,CTAF,118.4,OurAirports,2026-10-03,NO
WA,YKOK,Kookynie Airport,-29.34328,121.493168,MISC,MISC,122.3,OurAirports,2026-10-03,NO
WA,YKOK,Kookynie Airport,-29.34328,121.493168,MISC,MISC,123.05,OurAirports,2026-10-03,NO
WA,YKBG,Koolyanobbing Range Airport,-30.840599060058594,119.52899932861328,MISC,MISC,122.3,OurAirports,2026-10-03,NO
WA,YKBG,Koolyanobbing Range Airport,-30.840599060058594,119.52899932861328,MISC,MISC,123.05,OurAirports,2026-10-03,NO
WA,YKBG,Koolyanobbing Range Airport,-30.840599060058594,119.52899932861328,CTAF,CTAF,123.4,OurAirports,2026-10-03,NO
WA,YKNM,Koonmarra Airport,-26.274628,117.78896,MISC,MISC,122.3,OurAirports,2026-10-03,NO
WA,YKNM,Koonmarra Airport,-26.274628,117.78896,CTAF,CTAF,122.6,OurAirports,2026-10-03,NO
WA,YKNM,Koonmarra Airport,-26.274628,117.78896,MISC,MISC,123.05,OurAirports,2026-10-03,NO
WA,YLGB,La Grange Bay Airport,-18.68684,121.81133,MISC,MISC,122.4,OurAirports,2026-10-03,NO
WA,YLGB,La Grange Bay Airport,-18.68684,121.81133,MISC,MISC,125.3,OurAirports,2026-10-03,NO
WA,YLGB,La Grange Bay Airport,-18.68684,121.81133,CTAF,CTAF,127,OurAirports,2026-10-03,NO
WA,YLGC,Lake Grace Airport,-33.106911,118.389375,MISC,MISC,122.4,OurAirports,2026-10-03,NO
WA,YLGC,Lake Grace Airport,-33.106911,118.389375,MISC,MISC,125.3,OurAirports,2026-10-03,NO
WA,YLGC,Lake Grace Airport,-33.106911,118.389375,CTAF,CTAF,125.4,OurAirports,2026-10-03,NO
WA,YLVY,Lake Varley Airport,-32.719561,119.505758,CTAF,CTAF,122.4,OurAirports,2026-10-03,NO
WA,YLVY,Lake Varley Airport,-32.719561,119.505758,MISC,MISC,122.4,OurAirports,2026-10-03,NO
WA,YLVY,Lake Varley Airport,-32.719561,119.505758,MISC,MISC,125.3,OurAirports,2026-10-03,NO
WA,YLWY,Lake Way Airport,-26.94499969482422,120.47000122070312,MISC,MISC,122.4,OurAirports,2026-10-03,NO
WA,YLWY,Lake Way Airport,-26.94499969482422,120.47000122070312,CTAF,CTAF,122.6,OurAirports,2026-10-03,NO
WA,YLWY,Lake Way Airport,-26.94499969482422,120.47000122070312,MISC,MISC,125.3,OurAirports,2026-10-03,NO
WA,YLNR,Landor Races Airport,-24.931339,116.966946,MISC,MISC,122.4,OurAirports,2026-10-03,NO
WA,YLNR,Landor Races Airport,-24.931339,116.966946,CTAF,CTAF,122.6,OurAirports,2026-10-03,NO
WA,YLNR,Landor Races Airport,-24.931339,116.966946,MISC,MISC,125.3,OurAirports,2026-10-03,NO
WA,YLDO,Landor Station Airport,-25.100000381469727,116.9000015258789,MISC,MISC,122.4,OurAirports,2026-10-03,NO
WA,YLDO,Landor Station Airport,-25.100000381469727,116.9000015258789,CTAF,CTAF,122.6,OurAirports,2026-10-03,NO
WA,YLDO,Landor Station Airport,-25.100000381469727,116.9000015258789,MISC,MISC,125.3,OurAirports,2026-10-03,NO
WA,YLTN,Laverton Airport,-28.614267,122.428673,FSS,MELBOURNE CNTR,118.4,OurAirports,2026-10-03,NO
WA,YLTN,Laverton Airport,-28.614267,122.428673,CTAF,CTAF,126.8,OurAirports,2026-10-03,NO
WA,YLAW,Lawlers Airport,-28.091764,120.538516,CTAF,CTAF,118.4,OurAirports,2026-10-03,NO
WA,YLAW,Lawlers Airport,-28.091764,120.538516,MISC,MISC,118.4,OurAirports,2026-10-03,NO
WA,YLAW,Lawlers Airport,-28.091764,120.538516,MISC,MISC,121.3,OurAirports,2026-10-03,NO
WA,YPLM,Learmonth Airport,-22.235201,114.090024,CTAF,CTAF,118.3,OurAirports,2026-10-03,NO
WA,YPLM,Learmonth Airport,-22.235201,114.090024,APP,APP,120.5,OurAirports,2026-10-03,NO
WA,YPLM,Learmonth Airport,-22.235201,114.090024,FSS,MELBOURNE CNTR,125.9,OurAirports,2026-10-03,NO
WA,YLUW,Leeuwin Estate Airport,-34.020973,115.064471,CTAF,CTAF,120.039,OurAirports,2026-10-03,NO
WA,YLUW,Leeuwin Estate Airport,-34.020973,115.064471,MISC,MISC,125.9,OurAirports,2026-10-03,NO
WA,YLST,Leinster Airport,-27.843299865722656,120.7030029296875,FSS,MELBOURNE CNTR,118.95,OurAirports,2026-10-03,NO
WA,YLST,Leinster Airport,-27.843299865722656,120.7030029296875,CTAF,CTAF,126.5,OurAirports,2026-10-03,NO
WA,YLEO,Leonora Airport,-28.87809944152832,121.31500244140625,FSS,MELBOURNE CNTR,118.4,OurAirports,2026-10-03,NO
WA,YLEO,Leonora Airport,-28.87809944152832,121.31500244140625,CTAF,CTAF,126.8,OurAirports,2026-10-03,NO
WA,YLOC,Lochinvar Airport,-20.75830078125,121.01699829101562,MISC,MISC,118.4,OurAirports,2026-10-03,NO
WA,YLOC,Lochinvar Airport,-20.75830078125,121.01699829101562,MISC,MISC,119.6,OurAirports,2026-10-03,NO
WA,YLOC,Lochinvar Airport,-20.75830078125,121.01699829101562,CTAF,CTAF,123.4,OurAirports,2026-10-03,NO
WA,YLBD,Lombadina Airport,-16.515333,122.923509,MISC,MISC,118.4,OurAirports,2026-10-03,NO
WA,YLBD,Lombadina Airport,-16.515333,122.923509,MISC,MISC,119.6,OurAirports,2026-10-03,NO
WA,YLBD,Lombadina Airport,-16.515333,122.923509,CTAF,CTAF,122.1,OurAirports,2026-10-03,NO
WA,YLGN,Loongana Airport,-30.940771,127.028781,MISC,MISC,118.4,OurAirports,2026-10-03,NO
WA,YLGN,Loongana Airport,-30.940771,127.028781,MISC,MISC,119.6,OurAirports,2026-10-03,NO
WA,YLGN,Loongana Airport,-30.940771,127.028781,CTAF,CTAF,134.2,OurAirports,2026-10-03,NO
WA,YLRG,Lorna Glen Homestead Airport,-26.231386,121.558549,MISC,MISC,118.4,OurAirports,2026-10-03,NO
WA,YLRG,Lorna Glen Homestead Airport,-26.231386,121.558549,MISC,MISC,119.6,OurAirports,2026-10-03,NO
WA,YLRG,Lorna Glen Homestead Airport,-26.231386,121.558549,CTAF,CTAF,122.6,OurAirports,2026-10-03,NO
WA,YLOU,Louisa Downs Airport,-18.716699600219727,126.71700286865234,MISC,MISC,118.4,OurAirports,2026-10-03,NO
WA,YLOU,Louisa Downs Airport,-18.716699600219727,126.71700286865234,MISC,MISC,119.6,OurAirports,2026-10-03,NO
WA,YLOU,Louisa Downs Airport,-18.716699600219727,126.71700286865234,CTAF,CTAF,122.6,OurAirports,2026-10-03,NO
WA,YLYN,Lyndon Airport,-23.641301,115.235392,MISC,MISC,118.4,OurAirports,2026-10-03,NO
WA,YLYN,Lyndon Airport,-23.641301,115.235392,MISC,MISC,119.6,OurAirports,2026-10-03,NO
WA,YLYN,Lyndon Airport,-23.641301,115.235392,CTAF,CTAF,124.3,OurAirports,2026-10-03,NO
WA,YMAD,Madura Airport,-31.887825,127.025573,MISC,MISC,118.4,OurAirports,2026-10-03,NO
WA,YMAD,Madura Airport,-31.887825,127.025573,MISC,MISC,119.6,OurAirports,2026-10-03,NO
WA,YMAD,Madura Airport,-31.887825,127.025573,CTAF,CTAF,120.737,OurAirports,2026-10-03,NO
WA,YMLA,Malina Airport,-20.88330078125,118.03299713134766,MISC,MISC,118.4,OurAirports,2026-10-03,NO
WA,YMLA,Malina Airport,-20.88330078125,118.03299713134766,MISC,MISC,119.6,OurAirports,2026-10-03,NO
WA,YMLA,Malina Airport,-20.88330078125,118.03299713134766,CTAF,CTAF,122.4,OurAirports,2026-10-03,NO
WA,YMDI,Mandora Airport,-19.73799,120.83818,MISC,MISC,118.4,OurAirports,2026-10-03,NO
WA,YMDI,Mandora Airport,-19.73799,120.83818,MISC,MISC,119.6,OurAirports,2026-10-03,NO
WA,YMDI,Mandora Airport,-19.73799,120.83818,CTAF,CTAF,123.9,OurAirports,2026-10-03,NO
WA,YMJM,Manjimup Airport,-34.26530075073242,116.13999938964844,FSS,MELBOURNE CNTR,124.9,OurAirports,2026-10-03,NO
WA,YMJM,Manjimup Airport,-34.26530075073242,116.13999938964844,CTAF,CTAF,126.7,OurAirports,2026-10-03,NO
WA,YMDZ,Mardi Station Airport,-21.210079,115.962367,CTAF,CTAF,122.4,OurAirports,2026-10-03,NO
WA,YMDZ,Mardi Station Airport,-21.210079,115.962367,MISC,MISC,123.4,OurAirports,2026-10-03,NO
WA,YMGR,Margaret River (Station) Airport,-18.6217002869,126.883003235,CTAF,CTAF,118.6,OurAirports,2026-10-03,NO
WA,YMGR,Margaret River (Station) Airport,-18.6217002869,126.883003235,MISC,MISC,120,OurAirports,2026-10-03,NO
WA,YMGR,Margaret River (Station) Airport,-18.6217002869,126.883003235,MISC,MISC,120.2,OurAirports,2026-10-03,NO
WA,YMGT,Margaret River Airport,-33.930599,115.099998,FSS,MELBOURNE CNTR,124.9,OurAirports,2026-10-03,NO
WA,YMGT,Margaret River Airport,-33.930599,115.099998,CTAF,CTAF,126.7,OurAirports,2026-10-03,NO
WA,YMVH,Marvel Loch Airport,-31.465733,119.530842,MISC,MISC,121.2,OurAirports,2026-10-03,NO
WA,YMVH,Marvel Loch Airport,-31.465733,119.530842,CTAF,CTAF,122.6,OurAirports,2026-10-03,NO
WA,YMYI,Marymia Airport,-25.101788,119.762845,MISC,MISC,121.2,OurAirports,2026-10-03,NO
WA,YMYI,Marymia Airport,-25.101788,119.762845,CTAF,CTAF,122.6,OurAirports,2026-10-03,NO
WA,YMEK,Meekatharra Airport,-26.6117000579834,118.5479965209961,FSS,MELBOURNE CNTR,122.6,OurAirports,2026-10-03,NO
WA,YMEK,Meekatharra Airport,-26.6117000579834,118.5479965209961,CTAF,CTAF,126.7,OurAirports,2026-10-03,NO
WA,YMRS,Melrose Airport,-27.933300018310547,121.30000305175781,MISC,MISC,122.6,OurAirports,2026-10-03,NO
WA,YMRS,Melrose Airport,-27.933300018310547,121.30000305175781,CTAF,CTAF,126.7,OurAirports,2026-10-03,NO
WA,YMZI,Menzies Airport,-29.685808,121.027794,CTAF,CTAF,118.4,OurAirports,2026-10-03,NO
WA,YMZI,Menzies Airport,-29.685808,121.027794,MISC,MISC,122.6,OurAirports,2026-10-03,NO
WA,YMDN,Merredin Airport,-31.522028,118.322067,CTAF,CTAF,120.1,OurAirports,2026-10-03,NO
WA,YMDN,Merredin Airport,-31.522028,118.322067,MISC,MISC,120.1,OurAirports,2026-10-03,NO
WA,YMDN,Merredin Airport,-31.522028,118.322067,MISC,MISC,123.4,OurAirports,2026-10-03,NO
WA,YMIX,Middalya Homestead Airport,-23.906709,114.7649,MISC,MISC,119.5,OurAirports,2026-10-03,NO
WA,YMIX,Middalya Homestead Airport,-23.906709,114.7649,CTAF,CTAF,122.1,OurAirports,2026-10-03,NO
WA,YMUX,Mileura Airport,-26.36669921875,117.33300018310547,MISC,MISC,119.5,OurAirports,2026-10-03,NO
WA,YMUX,Mileura Airport,-26.36669921875,117.33300018310547,CTAF,CTAF,122.6,OurAirports,2026-10-03,NO
WA,YMIL,Milgun Airport,-25.08329963684082,118.33300018310547,MISC,MISC,119.5,OurAirports,2026-10-03,NO
WA,YMIL,Milgun Airport,-25.08329963684082,118.33300018310547,CTAF,CTAF,122.6,OurAirports,2026-10-03,NO
WA,YMIS,Millrose Homestead Airport,-26.399999618530273,120.94999694824219,MISC,MISC,119.5,OurAirports,2026-10-03,NO
WA,YMIS,Millrose Homestead Airport,-26.399999618530273,120.94999694824219,CTAF,CTAF,122.6,OurAirports,2026-10-03,NO
WA,YMLX,Milurie Homestead Airport,-27.58329963684082,121.78299713134766,CTAF,CTAF,118.4,OurAirports,2026-10-03,NO
WA,YMLX,Milurie Homestead Airport,-27.58329963684082,121.78299713134766,MISC,MISC,119.5,OurAirports,2026-10-03,NO
WA,YMDR,Minderoo Station Airport,-21.993059,115.053066,MISC,MISC,119.5,OurAirports,2026-10-03,NO
WA,YMDR,Minderoo Station Airport,-21.993059,115.053066,CTAF,CTAF,122.4,OurAirports,2026-10-03,NO
WA,YMEW,Mingenew Airport,-29.268131,115.443048,MISC,MISC,119.5,OurAirports,2026-10-03,NO
WA,YMEW,Mingenew Airport,-29.268131,115.443048,CTAF,CTAF,121.2,OurAirports,2026-10-03,NO
WA,YMNX,Minura Airport,-28.912761,121.79882,CTAF,CTAF,118.4,OurAirports,2026-10-03,NO
WA,YMNX,Minura Airport,-28.912761,121.79882,MISC,MISC,119.5,OurAirports,2026-10-03,NO
WA,YMIP,Mitchell Plateau Airport,-14.790817,125.825729,CTAF,CTAF,126.7,OurAirports,2026-10-03,NO
WA,YMIP,Mitchell Plateau Airport,-14.790817,125.825729,MISC,MISC,132.9,OurAirports,2026-10-03,NO
WA,YORA,Moonerah Airport,-31.691413,126.590523,MISC,MISC,119.5,OurAirports,2026-10-03,NO
WA,YORA,Moonerah Airport,-31.691413,126.590523,CTAF,CTAF,126.7,OurAirports,2026-10-03,NO
WA,YMRW,Morawa Airport,-29.2017,116.022003,MISC,MISC,124.8,OurAirports,2026-10-03,NO
WA,YMRW,Morawa Airport,-29.2017,116.022003,CTAF,CTAF,126.7,OurAirports,2026-10-03,NO
WA,YMNT,Mornington Station Airport,-17.393600463867188,126.22899627685547,CTAF,CTAF,124.8,OurAirports,2026-10-03,NO
WA,YMNT,Mornington Station Airport,-17.393600463867188,126.22899627685547,MISC,MISC,124.8,OurAirports,2026-10-03,NO
WA,YMAU,Mount Augusta Airport,-24.301734,116.906676,MISC,MISC,124.8,OurAirports,2026-10-03,NO
WA,YMAU,Mount Augusta Airport,-24.301734,116.906676,CTAF,CTAF,125.7,OurAirports,2026-10-03,NO
WA,YBAN,Mount Barnett Airport,-16.741453,125.905608,CTAF,CTAF,122.1,OurAirports,2026-10-03,NO
WA,YBAN,Mount Barnett Airport,-16.741453,125.905608,MISC,MISC,124.8,OurAirports,2026-10-03,NO
WA,YMCE,Mount Clere Homestead Airport,-25.100000381469727,117.58300018310547,CTAF,CTAF,122.6,OurAirports,2026-10-03,NO
WA,YMCE,Mount Clere Homestead Airport,-25.100000381469727,117.58300018310547,MISC,MISC,124.8,OurAirports,2026-10-03,NO
WA,YDME,Mount Dimer Airport,-30.40169906616211,119.83000183105469,CTAF,CTAF,119.8,OurAirports,2026-10-03,NO
WA,YDME,Mount Dimer Airport,-30.40169906616211,119.83000183105469,MISC,MISC,124.8,OurAirports,2026-10-03,NO
WA,YMTZ,Mount Elizabeth Airport,-16.400683,126.116138,MISC,MISC,124.8,OurAirports,2026-10-03,NO
WA,YMTZ,Mount Elizabeth Airport,-16.400683,126.116138,CTAF,CTAF,132.94,OurAirports,2026-10-03,NO
WA,YMHT,Mount Hart Station Airport,-16.823294,124.913768,MISC,MISC,121.8,OurAirports,2026-10-03,NO
WA,YMHT,Mount Hart Station Airport,-16.823294,124.913768,CTAF,CTAF,122.1,OurAirports,2026-10-03,NO
WA,YMHT,Mount Hart Station Airport,-16.823294,124.913768,MISC,MISC,122.3,OurAirports,2026-10-03,NO
WA,YMHL,Mount Holland Airport,-32.112824,119.765739,MISC,MISC,125.4,OurAirports,2026-10-03,NO
WA,YMHL,Mount Holland Airport,-32.112824,119.765739,CTAF,CTAF,126.4,OurAirports,2026-10-03,NO
WA,YMJE,Mount James Airport,-24.634184,116.943755,MISC,MISC,122.1,OurAirports,2026-10-03,NO
WA,YMJE,Mount James Airport,-24.634184,116.943755,CTAF,CTAF,123.9,OurAirports,2026-10-03,NO
WA,YMNE,Mount Keith Airport,-27.28733,120.554937,FSS,MELBOURNE CNTR,118.95,OurAirports,2026-10-03,NO
WA,YMNE,Mount Keith Airport,-27.28733,120.554937,CTAF,CTAF,126.5,OurAirports,2026-10-03,NO
WA,YMOG,Mount Magnet Airport,-28.116100311279297,117.84200286865234,FSS,MELBOURNE CNTR,124.8,OurAirports,2026-10-03,NO
WA,YMOG,Mount Magnet Airport,-28.116100311279297,117.84200286865234,CTAF,CTAF,126.7,OurAirports,2026-10-03,NO
WA,YMCU,Mount Mcclure Airport,-27.469999313354492,120.91699981689453,CTAF,CTAF,118.4,OurAirports,2026-10-03,NO
WA,YMCU,Mount Mcclure Airport,-27.469999313354492,120.91699981689453,MISC,MISC,124.8,OurAirports,2026-10-03,NO
WA,YMGS,Mount Morgans Airport,-28.789648,122.038348,CTAF,CTAF,118.4,OurAirports,2026-10-03,NO
WA,YMGS,Mount Morgans Airport,-28.789648,122.038348,MISC,MISC,124.8,OurAirports,2026-10-03,NO
WA,YMUC,Muccan Station Airport,-20.658899307250977,120.06700134277344,CTAF,CTAF,123.4,OurAirports,2026-10-03,NO
WA,YMUC,Muccan Station Airport,-20.658899307250977,120.06700134277344,MISC,MISC,124.8,OurAirports,2026-10-03,NO
WA,YLGA,Mulga Downs Airport,-22.107200622558594,118.47100067138672,MISC,MISC,124.8,OurAirports,2026-10-03,NO
WA,YLGA,Mulga Downs Airport,-22.107200622558594,118.47100067138672,CTAF,CTAF,125.7,OurAirports,2026-10-03,NO
WA,YMWA,Mullewa Airport,-28.475,115.516998,CTAF,CTAF,121.2,OurAirports,2026-10-03,NO
WA,YMWA,Mullewa Airport,-28.475,115.516998,MISC,MISC,124.8,OurAirports,2026-10-03,NO
WA,YMDB,Mundabullangana Airport,-20.50949,118.059479,CTAF,CTAF,121.2,OurAirports,2026-10-03,NO
WA,YMDB,Mundabullangana Airport,-20.50949,118.059479,MISC,MISC,124.8,OurAirports,2026-10-03,NO
WA,YMDT,Mundrabilla Motel Airport,-31.82670021057129,128.22999572753906,MISC,MISC,124.8,OurAirports,2026-10-03,NO
WA,YMDT,Mundrabilla Motel Airport,-31.82670021057129,128.22999572753906,CTAF,CTAF,134.2,OurAirports,2026-10-03,NO
WA,YMSS,Murchison Shire Airport,-26.890219,115.960842,CTAF,CTAF,122.6,OurAirports,2026-10-03,NO
WA,YMSS,Murchison Shire Airport,-26.890219,115.960842,MISC,MISC,124.8,OurAirports,2026-10-03,NO
WA,YMGO,Murgoo Airport,-27.36669921875,116.41699981689453,CTAF,CTAF,122.6,OurAirports,2026-10-03,NO
WA,YMGO,Murgoo Airport,-27.36669921875,116.41699981689453,MISC,MISC,124.8,OurAirports,2026-10-03,NO
WA,YMUL,Murray Field,-32.508301,115.842003,CTAF,CTAF,119.1,OurAirports,2026-10-03,NO
WA,YMUL,Murray Field,-32.508301,115.842003,FSS,PERTH RADAR,135.25,OurAirports,2026-10-03,NO
WA,YMMI,Murrin Murrin Airport,-28.705299,121.89099,FSS,MELBOURNE CNTR,118.4,OurAirports,2026-10-03,NO
WA,YMMI,Murrin Murrin Airport,-28.705299,121.89099,CTAF,CTAF,126.8,OurAirports,2026-10-03,NO
WA,YMYR,Myroodan Station Airport,-18.123996,124.270261,CTAF,CTAF,118.4,OurAirports,2026-10-03,NO
WA,YMYR,Myroodan Station Airport,-18.123996,124.270261,MISC,MISC,120,OurAirports,2026-10-03,NO
WA,AU-0005,Myrup fly in estate Airport,-33.789272,121.956847,CTAF,Myrup Traffic,126.7,OurAirports,2026-10-03,NO
WA,YNUD,Nammuldi Mine Airstrip,-22.39186,117.37623,MISC,MISC,120,OurAirports,2026-10-03,NO
WA,YNUD,Nammuldi Mine Airstrip,-22.39186,117.37623,CTAF,CTAF,124.1,OurAirports,2026-10-03,NO
WA,YNNT,Nantarra Airport,-22.537159,115.492601,MISC,MISC,120,OurAirports,2026-10-03,NO
WA,YNNT,Nantarra Airport,-22.537159,115.492601,CTAF,CTAF,125.9,OurAirports,2026-10-03,NO
WA,YNPD,Napier Downs Airport,-17.319175,124.82156,MISC,MISC,120,OurAirports,2026-10-03,NO
WA,YNPD,Napier Downs Airport,-17.319175,124.82156,CTAF,CTAF,122.1,OurAirports,2026-10-03,NO
WA,YNRB,Narembeen Airport,-32.107465,118.407109,MISC,MISC,121.8,OurAirports,2026-10-03,NO
WA,YNRB,Narembeen Airport,-32.107465,118.407109,MISC,MISC,124.1,OurAirports,2026-10-03,NO
WA,YNRB,Narembeen Airport,-32.107465,118.407109,CTAF,CTAF,125.1,OurAirports,2026-10-03,NO
WA,YNRB,Narembeen Airport,-32.107465,118.407109,MISC,MISC,125.4,OurAirports,2026-10-03,NO
WA,YNRG,Narrogin Airport,-32.93,117.080002,MISC,MISC,119.6,OurAirports,2026-10-03,NO
WA,YNRG,Narrogin Airport,-32.93,117.080002,MISC,MISC,125.4,OurAirports,2026-10-03,NO
WA,YNRG,Narrogin Airport,-32.93,117.080002,CTAF,CTAF,134,OurAirports,2026-10-03,NO
WA,YNDG,Newdegate Airport,-33.10426,119.018143,CTAF,CTAF,125.4,OurAirports,2026-10-03,NO
WA,YNWN,Newman Airport,-23.417800903299998,119.803001404,FSS,MELBOURNE CNTR,123.4,OurAirports,2026-10-03,NO
WA,YNWN,Newman Airport,-23.417800903299998,119.803001404,CTAF,CTAF,126.7,OurAirports,2026-10-03,NO
WA,YNIC,Nicholson Airport,-18.049999237060547,128.89999389648438,MISC,MISC,122.6,OurAirports,2026-10-03,NO
WA,YNIC,Nicholson Airport,-18.049999237060547,128.89999389648438,CTAF,CTAF,126.7,OurAirports,2026-10-03,NO
WA,YNON,Noondoonia Homestead Airport,-32.28329849243164,123.66699981689453,CTAF,CTAF,119.8,OurAirports,2026-10-03,NO
WA,YNON,Noondoonia Homestead Airport,-32.28329849243164,123.66699981689453,MISC,MISC,122.6,OurAirports,2026-10-03,NO
WA,YNKA,Noonkanbah Airport,-18.4946994781,124.851997375,CTAF,CTAF,119.8,OurAirports,2026-10-03,NO
WA,YNKA,Noonkanbah Airport,-18.4946994781,124.851997375,MISC,MISC,122.6,OurAirports,2026-10-03,NO
WA,YNSM,Norseman Aerodrome,-32.203,121.758127,CTAF,CTAF,119.823,OurAirports,2026-10-03,NO
WA,YNSM,Norseman Aerodrome,-32.203,121.758127,MISC,MISC,122.6,OurAirports,2026-10-03,NO
WA,YNTM,Northam Airport,-31.62784,116.686993,CTAF,CTAF,128.1,OurAirports,2026-10-03,NO
WA,YNHP,Northampton Airport,-28.342045,114.716964,MISC,MISC,119.6,OurAirports,2026-10-03,NO
WA,YNHP,Northampton Airport,-28.342045,114.716964,CTAF,CTAF,124.2,OurAirports,2026-10-03,NO
WA,YNHP,Northampton Airport,-28.342045,114.716964,MISC,MISC,128.1,OurAirports,2026-10-03,NO
WA,YNUL,Nullagine Airport,-21.913299560546875,120.197998046875,MISC,MISC,123.4,OurAirports,2026-10-03,NO
WA,YNUL,Nullagine Airport,-21.913299560546875,120.197998046875,CTAF,CTAF,126.7,OurAirports,2026-10-03,NO
WA,YNYG,Nyang Airport,-23.033300399780273,115.03299713134766,MISC,MISC,119.6,OurAirports,2026-10-03,NO
WA,YNYG,Nyang Airport,-23.033300399780273,115.03299713134766,CTAF,CTAF,122.2,OurAirports,2026-10-03,NO
WA,YNYG,Nyang Airport,-23.033300399780273,115.03299713134766,MISC,MISC,128.1,OurAirports,2026-10-03,NO
WA,YOAP,One Arm Point Airport,-16.445423,123.068388,MISC,MISC,119.6,OurAirports,2026-10-03,NO
WA,YOAP,One Arm Point Airport,-16.445423,123.068388,MISC,MISC,122,OurAirports,2026-10-03,NO
WA,YOAP,One Arm Point Airport,-16.445423,123.068388,CTAF,CTAF,122.1,OurAirports,2026-10-03,NO
WA,YOLW,Onslow Airport,-21.670161,115.114902,CTAF,CTAF,120.1,OurAirports,2026-10-03,NO
WA,YOLW,Onslow Airport,-21.670161,115.114902,MISC,MISC,122.4,OurAirports,2026-10-03,NO
WA,YORV,Ord River Airport,-17.34079933166504,128.91200256347656,MISC,MISC,120.6,OurAirports,2026-10-03,NO
WA,YORV,Ord River Airport,-17.34079933166504,128.91200256347656,MISC,MISC,120.7,OurAirports,2026-10-03,NO
WA,YORV,Ord River Airport,-17.34079933166504,128.91200256347656,CTAF,CTAF,122.1,OurAirports,2026-10-03,NO
WA,YORW,Orient Well Airport,-29.199199676513672,121.43800354003906,MISC,MISC,120.6,OurAirports,2026-10-03,NO
WA,YORW,Orient Well Airport,-29.199199676513672,121.43800354003906,MISC,MISC,120.7,OurAirports,2026-10-03,NO
WA,YORW,Orient Well Airport,-29.199199676513672,121.43800354003906,CTAF,CTAF,122.1,OurAirports,2026-10-03,NO
WA,YPNW,Pannawonica Airport,-21.628708,116.319315,MISC,MISC,120.6,OurAirports,2026-10-03,NO
WA,YPNW,Pannawonica Airport,-21.628708,116.319315,MISC,MISC,120.7,OurAirports,2026-10-03,NO
WA,YPNW,Pannawonica Airport,-21.628708,116.319315,CTAF,CTAF,125.4,OurAirports,2026-10-03,NO
WA,YPBO,Paraburdoo Airport,-23.1711006165,117.745002747,FSS,MELBOURNE CNTR,125.7,OurAirports,2026-10-03,NO
WA,YPBO,Paraburdoo Airport,-23.1711006165,117.745002747,CTAF,CTAF,126.7,OurAirports,2026-10-03,NO
WA,YPDO,Pardoo Airport,-20.119428,119.571945,CTAF,CTAF,122,OurAirports,2026-10-03,NO
WA,YPDO,Pardoo Airport,-20.119428,119.571945,MISC,MISC,130.449,OurAirports,2026-10-03,NO
WA,YPTJ,Patjarr Airport,-24.6189002991,126.327003479,MISC,MISC,130.449,OurAirports,2026-10-03,NO
WA,YPTJ,Patjarr Airport,-24.6189002991,126.327003479,CTAF,CTAF,130.9,OurAirports,2026-10-03,NO
WA,YPYF,Paynes Find Airport,-29.262055,117.668958,CTAF,CTAF,124.8,OurAirports,2026-10-03,NO
WA,YPYF,Paynes Find Airport,-29.262055,117.668958,MISC,MISC,130.449,OurAirports,2026-10-03,NO
WA,YPLL,Peak Hill Airport,-25.611306,118.696654,CTAF,CTAF,122.6,OurAirports,2026-10-03,NO
WA,YPLL,Peak Hill Airport,-25.611306,118.696654,MISC,MISC,130.449,OurAirports,2026-10-03,NO
WA,YPJI,Perenjori Airport,-29.426497,116.283803,MISC,MISC,123.05,OurAirports,2026-10-03,NO
WA,YPJI,Perenjori Airport,-29.426497,116.283803,CTAF,CTAF,124.8,OurAirports,2026-10-03,NO
WA,YPPH,Perth International Airport,-31.94029998779297,115.96700286865234,DEL,DEL,118.55,OurAirports,2026-10-03,NO
WA,YPPH,Perth International Airport,-31.94029998779297,115.96700286865234,D,D,118.7,OurAirports,2026-10-03,NO
WA,YPPH,Perth International Airport,-31.94029998779297,115.96700286865234,GND,GND,121.7,OurAirports,2026-10-03,NO
WA,YPPH,Perth International Airport,-31.94029998779297,115.96700286865234,GND,GND,122.2,OurAirports,2026-10-03,NO
WA,YPPH,Perth International Airport,-31.94029998779297,115.96700286865234,APP/DEL,APP/DEL,123.6,OurAirports,2026-10-03,NO
WA,YPPH,Perth International Airport,-31.94029998779297,115.96700286865234,ATIS,ATIS,123.8,OurAirports,2026-10-03,NO
WA,YPPH,Perth International Airport,-31.94029998779297,115.96700286865234,TWR,TWR,127.4,OurAirports,2026-10-03,NO
WA,YPPH,Perth International Airport,-31.94029998779297,115.96700286865234,APP/DEP,APP/DEP,132.95,OurAirports,2026-10-03,NO
WA,YPPH,Perth International Airport,-31.94029998779297,115.96700286865234,CTR,PERTH RADAR,135.25,OurAirports,2026-10-03,NO
WA,YPJT,Perth Jandakot Airport,-32.09749984741211,115.88099670410156,CTAF,CTAF,118.1,OurAirports,2026-10-03,NO
WA,YPJT,Perth Jandakot Airport,-32.09749984741211,115.88099670410156,TWR,TWR,118.1,OurAirports,2026-10-03,NO
WA,YPJT,Perth Jandakot Airport,-32.09749984741211,115.88099670410156,GND,GND,124.3,OurAirports,2026-10-03,NO
WA,YPJT,Perth Jandakot Airport,-32.09749984741211,115.88099670410156,ATIS,ATIS,128.65,OurAirports,2026-10-03,NO
WA,YPJT,Perth Jandakot Airport,-32.09749984741211,115.88099670410156,CLD,CLNC DEL,132.95,OurAirports,2026-10-03,NO
WA,YPJT,Perth Jandakot Airport,-32.09749984741211,115.88099670410156,FSS,RADAR,135.25,OurAirports,2026-10-03,NO
WA,YPIX,Pia Airport,-27.188883,116.28242,MISC,MISC,123.05,OurAirports,2026-10-03,NO
WA,YPIX,Pia Airport,-27.188883,116.28242,CTAF,CTAF,123.9,OurAirports,2026-10-03,NO
WA,YPLU,Plutonic Airport,-25.3333,119.425003,MISC,MISC,123.05,OurAirports,2026-10-03,NO
WA,YPLU,Plutonic Airport,-25.3333,119.425003,CTAF,CTAF,124.3,OurAirports,2026-10-03,NO
WA,YPPD,Port Hedland International Airport,-20.382787,118.629789,FSS,MELBOURNE CNTR,118.6,OurAirports,2026-10-03,NO
WA,YPPD,Port Hedland International Airport,-20.382787,118.629789,CTAF,CTAF,119.9,OurAirports,2026-10-03,NO
WA,YPNI,Prenti Downs Airport,-26.523921,122.81142,MISC,MISC,119.6,OurAirports,2026-10-03,NO
WA,YPNI,Prenti Downs Airport,-26.523921,122.81142,MISC,MISC,123.9,OurAirports,2026-10-03,NO
WA,YPNI,Prenti Downs Airport,-26.523921,122.81142,CTAF,CTAF,130.9,OurAirports,2026-10-03,NO
WA,AU-0018,Preston Field - Blair Howe,-33.022077,115.702204,CTAF,,126.7,OurAirports,2026-10-03,NO
WA,YPUN,Punmu Airport,-22.066699981689453,123.16699981689453,MISC,MISC,119.6,OurAirports,2026-10-03,NO
WA,YPUN,Punmu Airport,-22.066699981689453,123.16699981689453,MISC,MISC,123.9,OurAirports,2026-10-03,NO
WA,YPUN,Punmu Airport,-22.066699981689453,123.16699981689453,CTAF,CTAF,130.9,OurAirports,2026-10-03,NO
WA,YQDG,Quairading Airport,-32.004992,117.417605,MISC,MISC,119.6,OurAirports,2026-10-03,NO
WA,YQDG,Quairading Airport,-32.004992,117.417605,CTAF,CTAF,123.4,OurAirports,2026-10-03,NO
WA,YQDG,Quairading Airport,-32.004992,117.417605,MISC,MISC,123.9,OurAirports,2026-10-03,NO
WA,YCIN,RAAF Base Curtin,-17.581389,123.828333,TWR,TWR,118.3,OurAirports,2026-10-03,NO
WA,YCIN,RAAF Base Curtin,-17.581389,123.828333,FSS,BRISBANE CNTR,122.1,OurAirports,2026-10-03,NO
WA,YCIN,RAAF Base Curtin,-17.581389,123.828333,CTAF,CTAF,126.7,OurAirports,2026-10-03,NO
WA,YPEA,RAAF Base Pearce,-31.667800903320312,116.01499938964844,CTAF,CTAF,118.3,OurAirports,2026-10-03,NO
WA,YPEA,RAAF Base Pearce,-31.667800903320312,116.01499938964844,TWR,TWR,118.3,OurAirports,2026-10-03,NO
WA,YPEA,RAAF Base Pearce,-31.667800903320312,116.01499938964844,A/D,PERTH DEP,118.7,OurAirports,2026-10-03,NO
WA,YPEA,RAAF Base Pearce,-31.667800903320312,116.01499938964844,DIR,PERTH APP,123.6,OurAirports,2026-10-03,NO
WA,YPEA,RAAF Base Pearce,-31.667800903320312,116.01499938964844,ACC,MELBOURNE CNTR,125.2,OurAirports,2026-10-03,NO
WA,YPEA,RAAF Base Pearce,-31.667800903320312,116.01499938964844,GND,GND,127.25,OurAirports,2026-10-03,NO
WA,YPEA,RAAF Base Pearce,-31.667800903320312,116.01499938964844,APP,APP,130.2,OurAirports,2026-10-03,NO
WA,YPEA,RAAF Base Pearce,-31.667800903320312,116.01499938964844,CLD,CLNC DEL,134.1,OurAirports,2026-10-03,NO
WA,YPEA,RAAF Base Pearce,-31.667800903320312,116.01499938964844,DEP,DEP,135.9,OurAirports,2026-10-03,NO
WA,YGIG,RAAF Gingin,-31.465299606323242,115.86299896240234,CTAF,CTAF,118.5,OurAirports,2026-10-03,NO
WA,YGIG,RAAF Gingin,-31.465299606323242,115.86299896240234,TWR,TWR,118.5,OurAirports,2026-10-03,NO
WA,YGIG,RAAF Gingin,-31.465299606323242,115.86299896240234,APP,PEARCE APP,130.2,OurAirports,2026-10-03,NO
WA,YGIG,RAAF Gingin,-31.465299606323242,115.86299896240234,FSS,PERTH RADAR,135.25,OurAirports,2026-10-03,NO
WA,YNRV,Ravensthorpe Airport,-33.7971992493,120.208000183,CTAF,CTAF,126.7,OurAirports,2026-10-03,NO
WA,YNRV,Ravensthorpe Airport,-33.7971992493,120.208000183,FSS,MELBOURNE CNTR,133.2,OurAirports,2026-10-03,NO
WA,YRAW,Rawlinna Airport,-31.01298,125.326989,MISC,MISC,119.6,OurAirports,2026-10-03,NO
WA,YRAW,Rawlinna Airport,-31.01298,125.326989,MISC,MISC,123.9,OurAirports,2026-10-03,NO
WA,YRAW,Rawlinna Airport,-31.01298,125.326989,CTAF,CTAF,134.2,OurAirports,2026-10-03,NO
WA,YRWA,Rawlinna Station Airport,-31.030762,125.19467,MISC,MISC,119.6,OurAirports,2026-10-03,NO
WA,YRWA,Rawlinna Station Airport,-31.030762,125.19467,MISC,MISC,123.9,OurAirports,2026-10-03,NO
WA,YRWA,Rawlinna Station Airport,-31.030762,125.19467,CTAF,CTAF,134.2,OurAirports,2026-10-03,NO
WA,YRHL,Red Hill Station Airport,-21.969539,116.062408,MISC,MISC,119.6,OurAirports,2026-10-03,NO
WA,YRHL,Red Hill Station Airport,-21.969539,116.062408,CTAF,CTAF,123.4,OurAirports,2026-10-03,NO
WA,YRHL,Red Hill Station Airport,-21.969539,116.062408,MISC,MISC,123.9,OurAirports,2026-10-03,NO
WA,YRDM,Redmont Airport,-21.977036,119.017038,MISC,MISC,119.6,OurAirports,2026-10-03,NO
WA,YRDM,Redmont Airport,-21.977036,119.017038,CTAF,CTAF,123.4,OurAirports,2026-10-03,NO
WA,YRDM,Redmont Airport,-21.977036,119.017038,MISC,MISC,123.9,OurAirports,2026-10-03,NO
WA,YRDY,Reedys Airport,-27.124358,118.279386,MISC,MISC,119.6,OurAirports,2026-10-03,NO
WA,YRDY,Reedys Airport,-27.124358,118.279386,CTAF,CTAF,123.4,OurAirports,2026-10-03,NO
WA,YRDY,Reedys Airport,-27.124358,118.279386,MISC,MISC,123.9,OurAirports,2026-10-03,NO
WA,YRRG,Rhodes Ridge Airport,-23.101636,119.358867,MISC,MISC,122.3,OurAirports,2026-10-03,NO
WA,YRRG,Rhodes Ridge Airport,-23.101636,119.358867,MISC,MISC,124.3,OurAirports,2026-10-03,NO
WA,YRRG,Rhodes Ridge Airport,-23.101636,119.358867,CTAF,CTAF,126.7,OurAirports,2026-10-03,NO
WA,YRSK,Ringer Soak Airport,-18.78860092163086,128.62399291992188,MISC,MISC,122.3,OurAirports,2026-10-03,NO
WA,YRSK,Ringer Soak Airport,-18.78860092163086,128.62399291992188,MISC,MISC,124.3,OurAirports,2026-10-03,NO
WA,YRSK,Ringer Soak Airport,-18.78860092163086,128.62399291992188,CTAF,CTAF,126.7,OurAirports,2026-10-03,NO
WA,YRLE,Rocklea Airport,-22.88330078125,117.44999694824219,MISC,MISC,122.3,OurAirports,2026-10-03,NO
WA,YRLE,Rocklea Airport,-22.88330078125,117.44999694824219,MISC,MISC,124.3,OurAirports,2026-10-03,NO
WA,YRLE,Rocklea Airport,-22.88330078125,117.44999694824219,CTAF,CTAF,125.7,OurAirports,2026-10-03,NO
WA,YROE,Roebourne Airport,-20.763898,117.155199,MISC,MISC,122.3,OurAirports,2026-10-03,NO
WA,YROE,Roebourne Airport,-20.763898,117.155199,CTAF,CTAF,122.4,OurAirports,2026-10-03,NO
WA,YROE,Roebourne Airport,-20.763898,117.155199,MISC,MISC,124.3,OurAirports,2026-10-03,NO
WA,YROT,Rothsay Mine Airport,-29.293772,116.890068,CTAF,CTAF,119.8,OurAirports,2026-10-03,NO
WA,YROT,Rothsay Mine Airport,-29.293772,116.890068,MISC,MISC,122.3,OurAirports,2026-10-03,NO
WA,YROT,Rothsay Mine Airport,-29.293772,116.890068,MISC,MISC,124.3,OurAirports,2026-10-03,NO
WA,YRTI,Rottnest Island Airport,-32.006699,115.540001,CTAF,CTAF,126,OurAirports,2026-10-03,NO
WA,YRTI,Rottnest Island Airport,-32.006699,115.540001,FSS,PERTH RADAR,135.25,OurAirports,2026-10-03,NO
WA,YRYH,Roy Hill Station Airport,-22.625815891,119.959030151,MISC,MISC,122.4,OurAirports,2026-10-03,NO
WA,YRYH,Roy Hill Station Airport,-22.625815891,119.959030151,CTAF,CTAF,123.4,OurAirports,2026-10-03,NO
WA,YRUD,Rudal River Airport,-22.558073,122.14806,MISC,MISC,122.4,OurAirports,2026-10-03,NO
WA,YRUD,Rudal River Airport,-22.558073,122.14806,CTAF,CTAF,123.4,OurAirports,2026-10-03,NO
WA,YSFI,Sandfire Airport,-19.77206,121.090661,MISC,MISC,122.4,OurAirports,2026-10-03,NO
WA,YSFI,Sandfire Airport,-19.77206,121.090661,CTAF,CTAF,123.931,OurAirports,2026-10-03,NO
WA,YSAH,Sandhill Airport,-22.799999237060547,119.61699676513672,MISC,MISC,122.4,OurAirports,2026-10-03,NO
WA,YSAH,Sandhill Airport,-22.799999237060547,119.61699676513672,CTAF,CTAF,123.9,OurAirports,2026-10-03,NO
WA,YSAN,Sandstone Airport,-27.979999542236328,119.2969970703125,MISC,MISC,122.4,OurAirports,2026-10-03,NO
WA,YSAN,Sandstone Airport,-27.979999542236328,119.2969970703125,CTAF,CTAF,122.6,OurAirports,2026-10-03,NO
WA,YSEN,Serpentine Airport,-32.394966,115.870987,CTAF,CTAF,119.1,OurAirports,2026-10-03,NO
WA,YSEN,Serpentine Airport,-32.394966,115.870987,MISC,MISC,125.3,OurAirports,2026-10-03,NO
WA,YSEN,Serpentine Airport,-32.394966,115.870987,MISC,MISC,135.25,OurAirports,2026-10-03,NO
WA,YSHN,Shannon River Airport,-34.74617,116.491728,CTAF,CTAF,119.1,OurAirports,2026-10-03,NO
WA,YSHN,Shannon River Airport,-34.74617,116.491728,MISC,MISC,120,OurAirports,2026-10-03,NO
WA,YSHN,Shannon River Airport,-34.74617,116.491728,MISC,MISC,125.3,OurAirports,2026-10-03,NO
WA,YSHK,Shark Bay Airport,-25.897294,113.575802,FSS,MELBOURNE CNTR,122.1,OurAirports,2026-10-03,NO
WA,YSHK,Shark Bay Airport,-25.897294,113.575802,CTAF,CTAF/UNICOM,126.7,OurAirports,2026-10-03,NO
WA,YSHG,Shay Gap Airport,-20.4247,120.140999,CTAF,CTAF,118.6,OurAirports,2026-10-03,NO
WA,YSHG,Shay Gap Airport,-20.4247,120.140999,MISC,MISC,122.1,OurAirports,2026-10-03,NO
WA,YSLG,Silent Grove Airport,-17.066699981689453,125.25,CTAF,CTAF,122.1,OurAirports,2026-10-03,NO
WA,YSLG,Silent Grove Airport,-17.066699981689453,125.25,MISC,MISC,122.1,OurAirports,2026-10-03,NO
WA,YSCR,Southern Cross Airport,-31.24,119.360001,CTAF,CTAF,119.6,OurAirports,2026-10-03,NO
WA,YSCR,Southern Cross Airport,-31.24,119.360001,MISC,MISC,123.4,OurAirports,2026-10-03,NO
WA,YSRD,Sunrise Dam Airport,-29.099022,122.456253,MISC,MISC,120.6,OurAirports,2026-10-03,NO
WA,YSRD,Sunrise Dam Airport,-29.099022,122.456253,MISC,MISC,122.1,OurAirports,2026-10-03,NO
WA,YSRD,Sunrise Dam Airport,-29.099022,122.456253,CTAF,CTAF,126.7,OurAirports,2026-10-03,NO
WA,YSLV,Sylvania Homestead Airport,-23.55757,120.047064,MISC,MISC,120.6,OurAirports,2026-10-03,NO
WA,YSLV,Sylvania Homestead Airport,-23.55757,120.047064,MISC,MISC,122.1,OurAirports,2026-10-03,NO
WA,YSLV,Sylvania Homestead Airport,-23.55757,120.047064,CTAF,CTAF,126.7,OurAirports,2026-10-03,NO
WA,YTAB,Tableland Homestead Airport,-17.2833003998,126.900001526,MISC,MISC,120.6,OurAirports,2026-10-03,NO
WA,YTAB,Tableland Homestead Airport,-17.2833003998,126.900001526,MISC,MISC,122.1,OurAirports,2026-10-03,NO
WA,YTAB,Tableland Homestead Airport,-17.2833003998,126.900001526,CTAF,CTAF,126.7,OurAirports,2026-10-03,NO
WA,YTEF,Telfer Airport,-21.715,122.228996,FSS,MELBOURNE CNTR,123.4,OurAirports,2026-10-03,NO
WA,YTEF,Telfer Airport,-21.715,122.228996,CTAF,CTAF,126.7,OurAirports,2026-10-03,NO
WA,YTEF,Telfer Airport,-21.715,122.228996,UNIC,UNICOM,126.7,OurAirports,2026-10-03,NO
WA,YTHD,Theda Station Airport,-14.790567,126.498041,CTAF,CTAF,126.7,OurAirports,2026-10-03,NO
WA,YTHD,Theda Station Airport,-14.790567,126.498041,MISC,MISC,132.9,OurAirports,2026-10-03,NO
WA,YTHR,Three Rivers Homestead Airport,-25.138328,119.105061,CTAF,CTAF,122.4,OurAirports,2026-10-03,NO
WA,YTHR,Three Rivers Homestead Airport,-25.138328,119.105061,MISC,MISC,132.9,OurAirports,2026-10-03,NO
WA,YTJI,Tjirrkarli Airport,-26.006201,125.462494,MISC,MISC,120.6,OurAirports,2026-10-03,NO
WA,YTJI,Tjirrkarli Airport,-26.006201,125.462494,MISC,MISC,122.6,OurAirports,2026-10-03,NO
WA,YTJI,Tjirrkarli Airport,-26.006201,125.462494,CTAF,CTAF,130.9,OurAirports,2026-10-03,NO
WA,YJUK,Tjukurla Airport,-24.370710372924805,128.7393341064453,MISC,MISC,120.6,OurAirports,2026-10-03,NO
WA,YJUK,Tjukurla Airport,-24.370710372924805,128.7393341064453,CTAF,CTAF,121.85,OurAirports,2026-10-03,NO
WA,YJUK,Tjukurla Airport,-24.370710372924805,128.7393341064453,MISC,MISC,122.6,OurAirports,2026-10-03,NO
WA,YTJU,Tjuntjuntjarra Airport,-29.344938,127.107348,MISC,MISC,120.6,OurAirports,2026-10-03,NO
WA,YTJU,Tjuntjuntjarra Airport,-29.344938,127.107348,CTAF,CTAF,121.85,OurAirports,2026-10-03,NO
WA,YTJU,Tjuntjuntjarra Airport,-29.344938,127.107348,MISC,MISC,122.6,OurAirports,2026-10-03,NO
WA,YTCF,Tracies Field,-22.316699981689453,122.06700134277344,MISC,MISC,120.6,OurAirports,2026-10-03,NO
WA,YTCF,Tracies Field,-22.316699981689453,122.06700134277344,CTAF,CTAF,121.85,OurAirports,2026-10-03,NO
WA,YTCF,Tracies Field,-22.316699981689453,122.06700134277344,MISC,MISC,122.6,OurAirports,2026-10-03,NO
WA,YTTI,Troughton Is Airport,-13.7517,126.148003,CTAF,CTAF,128,OurAirports,2026-10-03,NO
WA,YTTI,Troughton Is Airport,-13.7517,126.148003,MISC,MISC,132.9,OurAirports,2026-10-03,NO
WA,YTST,Truscott-Mungalalu Airport,-14.089699745178,126.3809967041,FSS,BRISBANE CNTR,120.75,OurAirports,2026-10-03,NO
WA,YTST,Truscott-Mungalalu Airport,-14.089699745178,126.3809967041,CTAF,CTAF,128,OurAirports,2026-10-03,NO
WA,YTUC,Tuckabiana Airport,-27.475000381469727,118.125,CTAF,CTAF,122.6,OurAirports,2026-10-03,NO
WA,YTUC,Tuckabiana Airport,-27.475000381469727,118.125,MISC,MISC,132.9,OurAirports,2026-10-03,NO
WA,YTRK,Turee Creek Airport,-23.61669921875,118.61699676513672,MISC,MISC,119.6,OurAirports,2026-10-03,NO
WA,YTRK,Turee Creek Airport,-23.61669921875,118.61699676513672,CTAF,CTAF,125.7,OurAirports,2026-10-03,NO
WA,YTRK,Turee Creek Airport,-23.61669921875,118.61699676513672,MISC,MISC,125.9,OurAirports,2026-10-03,NO
WA,YTKY,Turkey Creek Airport,-17.0408000946,128.205993652,MISC,MISC,119.6,OurAirports,2026-10-03,NO
WA,YTKY,Turkey Creek Airport,-17.0408000946,128.205993652,CTAF,CTAF,125.7,OurAirports,2026-10-03,NO
WA,YTKY,Turkey Creek Airport,-17.0408000946,128.205993652,MISC,MISC,125.9,OurAirports,2026-10-03,NO
WA,YWAB,Waldburg Homestead Airport,-24.75,117.36699676513672,MISC,MISC,119.6,OurAirports,2026-10-03,NO
WA,YWAB,Waldburg Homestead Airport,-24.75,117.36699676513672,MISC,MISC,124.3,OurAirports,2026-10-03,NO
WA,YWAB,Waldburg Homestead Airport,-24.75,117.36699676513672,CTAF,CTAF,126.7,OurAirports,2026-10-03,NO
WA,YWAL,Wallal Downs Airport,-19.7736,120.649002,CTAF,CTAF,118.6,OurAirports,2026-10-03,NO
WA,YWAL,Wallal Downs Airport,-19.7736,120.649002,MISC,MISC,119.6,OurAirports,2026-10-03,NO
WA,YWAL,Wallal Downs Airport,-19.7736,120.649002,MISC,MISC,124.3,OurAirports,2026-10-03,NO
WA,YWPE,Walpole Airport,-34.953651,116.695383,CTAF,CTAF,124.3,OurAirports,2026-10-03,NO
WA,YWBR,Warburton Airport,-26.125538,126.583158,CTAF,CTAF,127.1,OurAirports,2026-10-03,NO
WA,YWBR,Warburton Airport,-26.125538,126.583158,FSS,MELBOURNE  CNTR,130.9,OurAirports,2026-10-03,NO
WA,YWWG,Warrawagine Airport,-20.8442001343,120.702003479,CTAF,CTAF,124.3,OurAirports,2026-10-03,NO
WA,YWEX,Well 33 Airport,-22.36669921875,124.76699829101562,MISC,MISC,119.6,OurAirports,2026-10-03,NO
WA,YWEX,Well 33 Airport,-22.36669921875,124.76699829101562,MISC,MISC,124.3,OurAirports,2026-10-03,NO
WA,YWEX,Well 33 Airport,-22.36669921875,124.76699829101562,CTAF,CTAF,124.8,OurAirports,2026-10-03,NO
WA,YWFD,Western Field Airport,-19.283300399780273,125.41699981689453,MISC,MISC,119.6,OurAirports,2026-10-03,NO
WA,YWFD,Western Field Airport,-19.283300399780273,125.41699981689453,CTAF,CTAF,122.6,OurAirports,2026-10-03,NO
WA,YWFD,Western Field Airport,-19.283300399780273,125.41699981689453,MISC,MISC,124.3,OurAirports,2026-10-03,NO
WA,YWSX,Westonia Airport,-31.319016,118.684766,CTAF,CTAF,124.3,OurAirports,2026-10-03,NO
WA,YWGM,White Gum Air Park,-31.863947,116.936094,CTAF,White Gum Traffic,126.7,OurAirports,2026-10-03,NO
WA,YWMY,Williambury Airport,-23.856875,115.14262,MISC,MISC,120.6,OurAirports,2026-10-03,NO
WA,YWMY,Williambury Airport,-23.856875,115.14262,MISC,MISC,120.7,OurAirports,2026-10-03,NO
WA,YWMY,Williambury Airport,-23.856875,115.14262,CTAF,CTAF,126.7,OurAirports,2026-10-03,NO
WA,YWLU,Wiluna Airport,-26.632691,120.221906,FSS,MELBOURNE CNTR,118.95,OurAirports,2026-10-03,NO
WA,YWLU,Wiluna Airport,-26.632691,120.221906,CTAF,CTAF,127.2,OurAirports,2026-10-03,NO
WA,YWDA,Windarra Airport,-28.48061,122.244415,MISC,MISC,122.6,OurAirports,2026-10-03,NO
WA,YWDA,Windarra Airport,-28.48061,122.244415,CTAF,CTAF,126.7,OurAirports,2026-10-03,NO
WA,YWDJ,Windjana Grove Airport,-17.421387587,124.925107956,CTAF,CTAF,122.1,OurAirports,2026-10-03,NO
WA,YWDJ,Windjana Grove Airport,-17.421387587,124.925107956,MISC,MISC,122.6,OurAirports,2026-10-03,NO
WA,YWPL,Winning Pool North Airport,-23.100000381469727,114.53299713134766,CTAF,CTAF,121.85,OurAirports,2026-10-03,NO
WA,YWPL,Winning Pool North Airport,-23.100000381469727,114.53299713134766,MISC,MISC,122.6,OurAirports,2026-10-03,NO
WA,YWOH,Wongan Hills Airport,-30.880036,116.727172,CTAF,CTAF,120.6,OurAirports,2026-10-03,NO
WA,YWOH,Wongan Hills Airport,-30.880036,116.727172,MISC,MISC,122.6,OurAirports,2026-10-03,NO
WA,YWOH,Wongan Hills Airport,-30.880036,116.727172,MISC,MISC,124.8,OurAirports,2026-10-03,NO
WA,YWNO,Wonganoo Airport,-27.125,121.33300018310547,CTAF,CTAF,118.4,OurAirports,2026-10-03,NO
WA,YWNO,Wonganoo Airport,-27.125,121.33300018310547,MISC,MISC,122.6,OurAirports,2026-10-03,NO
WA,YWGW,Wongawol Airport,-26.118462,121.959674,CTAF,CTAF,118.4,OurAirports,2026-10-03,NO
WA,YWGW,Wongawol Airport,-26.118462,121.959674,MISC,MISC,122.6,OurAirports,2026-10-03,NO
WA,YWWI,Woodie Woodie Airport,-21.64551,121.191184,MISC,MISC,122.6,OurAirports,2026-10-03,NO
WA,YWWI,Woodie Woodie Airport,-21.64551,121.191184,CTAF,CTAF,123.4,OurAirports,2026-10-03,NO
WA,YWEE,Wooleen Homestead Airport,-27.08169937133789,116.1500015258789,MISC,MISC,122.6,OurAirports,2026-10-03,NO
WA,YWEE,Wooleen Homestead Airport,-27.08169937133789,116.1500015258789,CTAF,CTAF,123.4,OurAirports,2026-10-03,NO
WA,YWOX,Woorlba Airport,-32.393869,123.988717,CTAF,CTAF,118.324,OurAirports,2026-10-03,NO
WA,YWOX,Woorlba Airport,-32.393869,123.988717,MISC,MISC,122,OurAirports,2026-10-03,NO
WA,YWKM,Wyalkatchem Airport,-31.2026341022,117.378873825,CTAF,CTAF,120,OurAirports,2026-10-03,NO
WA,YWKM,Wyalkatchem Airport,-31.2026341022,117.378873825,MISC,MISC,123.4,OurAirports,2026-10-03,NO
WA,YWKM,Wyalkatchem Airport,-31.2026341022,117.378873825,MISC,MISC,125.1,OurAirports,2026-10-03,NO
WA,YWKM,Wyalkatchem Airport,-31.2026341022,117.378873825,MISC,MISC,125.9,OurAirports,2026-10-03,NO
WA,YWYM,Wyndham Airport,-15.5114,128.153,FSS,BRISBANE CNTR,122.4,OurAirports,2026-10-03,NO
WA,YWYM,Wyndham Airport,-15.5114,128.153,CTAF,CTAF,127.4,OurAirports,2026-10-03,NO
WA,YYGG,Yagga Yagga Airport,-20.890600204467773,127.9489974975586,MISC,MISC,119.6,OurAirports,2026-10-03,NO
WA,YYGG,Yagga Yagga Airport,-20.890600204467773,127.9489974975586,MISC,MISC,122.4,OurAirports,2026-10-03,NO
WA,YYGG,Yagga Yagga Airport,-20.890600204467773,127.9489974975586,CTAF,CTAF,126,OurAirports,2026-10-03,NO
WA,YYAL,Yalgoo Airport,-28.355300903299998,116.683998108,MISC,MISC,119.6,OurAirports,2026-10-03,NO
WA,YYAL,Yalgoo Airport,-28.355300903299998,116.683998108,MISC,MISC,122.4,OurAirports,2026-10-03,NO
WA,YYAL,Yalgoo Airport,-28.355300903299998,116.683998108,CTAF,CTAF,124.8,OurAirports,2026-10-03,NO
WA,YYLG,Yallalong Homestead Airport,-27.426300048828125,115.51799774169922,MISC,MISC,119.6,OurAirports,2026-10-03,NO
WA,YYLG,Yallalong Homestead Airport,-27.426300048828125,115.51799774169922,MISC,MISC,122.4,OurAirports,2026-10-03,NO
WA,YYLG,Yallalong Homestead Airport,-27.426300048828125,115.51799774169922,CTAF,CTAF,124.8,OurAirports,2026-10-03,NO
WA,YYRN,Yamarna Airport,-28.15567,123.676829,MISC,MISC,119.6,OurAirports,2026-10-03,NO
WA,YYRN,Yamarna Airport,-28.15567,123.676829,MISC,MISC,122.4,OurAirports,2026-10-03,NO
WA,YYRN,Yamarna Airport,-28.15567,123.676829,CTAF,CTAF,124.8,OurAirports,2026-10-03,NO
WA,YYDE,Yandee Airport,-21.368446,118.881204,MISC,MISC,119.6,OurAirports,2026-10-03,NO
WA,YYDE,Yandee Airport,-21.368446,118.881204,MISC,MISC,122.4,OurAirports,2026-10-03,NO
WA,YYDE,Yandee Airport,-21.368446,118.881204,CTAF,CTAF,124.8,OurAirports,2026-10-03,NO
WA,YYNR,Yanrey Airport,-22.516700744628906,114.80000305175781,MISC,MISC,119.6,OurAirports,2026-10-03,NO
WA,YYNR,Yanrey Airport,-22.516700744628906,114.80000305175781,MISC,MISC,122.4,OurAirports,2026-10-03,NO
WA,YYNR,Yanrey Airport,-22.516700744628906,114.80000305175781,CTAF,CTAF,124.8,OurAirports,2026-10-03,NO
WA,YYRW,Yarlarweelor Airport,-25.45829963684082,117.9749984741211,MISC,MISC,119.6,OurAirports,2026-10-03,NO
WA,YYRW,Yarlarweelor Airport,-25.45829963684082,117.9749984741211,MISC,MISC,122.4,OurAirports,2026-10-03,NO
WA,YYRW,Yarlarweelor Airport,-25.45829963684082,117.9749984741211,CTAF,CTAF,123.9,OurAirports,2026-10-03,NO
WA,YYLR,Yeelirrie Airport,-27.277060037800002,120.095672607,MISC,MISC,119.6,OurAirports,2026-10-03,NO
WA,YYLR,Yeelirrie Airport,-27.277060037800002,120.095672607,MISC,MISC,122.4,OurAirports,2026-10-03,NO
WA,YYLR,Yeelirrie Airport,-27.277060037800002,120.095672607,CTAF,CTAF,122.6,OurAirports,2026-10-03,NO
WA,YYER,Yerilla Airport,-29.467599868774414,121.83000183105469,CTAF,CTAF,118.4,OurAirports,2026-10-03,NO
WA,YYER,Yerilla Airport,-29.467599868774414,121.83000183105469,MISC,MISC,119.6,OurAirports,2026-10-03,NO
WA,YYER,Yerilla Airport,-29.467599868774414,121.83000183105469,MISC,MISC,122.4,OurAirports,2026-10-03,NO
WA,YYRK,York Airport,-31.855100631713867,116.79900360107422,MISC,MISC,119.6,OurAirports,2026-10-03,NO
WA,YYRK,York Airport,-31.855100631713867,116.79900360107422,CTAF,CTAF,120.7,OurAirports,2026-10-03,NO
WA,YYRK,York Airport,-31.855100631713867,116.79900360107422,MISC,MISC,122.4,OurAirports,2026-10-03,NO
WA,YOUN,Youanmi Airport,-28.614999771118164,118.84200286865234,MISC,MISC,119.6,OurAirports,2026-10-03,NO
WA,YOUN,Youanmi Airport,-28.614999771118164,118.84200286865234,CTAF,CTAF,120.7,OurAirports,2026-10-03,NO
WA,YOUN,Youanmi Airport,-28.614999771118164,118.84200286865234,MISC,MISC,122.4,OurAirports,2026-10-03,NO
WA,YYUM,Yuinmery Airport,-28.562999725341797,119.01899719238281,MISC,MISC,119.6,OurAirports,2026-10-03,NO
WA,YYUM,Yuinmery Airport,-28.562999725341797,119.01899719238281,CTAF,CTAF,119.8,OurAirports,2026-10-03,NO
WA,YYUM,Yuinmery Airport,-28.562999725341797,119.01899719238281,MISC,MISC,122.4,OurAirports,2026-10-03,NO
WA,YYDM,Yundamindera Airport,-29.12063,122.041475,MISC,MISC,119.6,OurAirports,2026-10-03,NO
WA,YYDM,Yundamindera Airport,-29.12063,122.041475,CTAF,CTAF,119.8,OurAirports,2026-10-03,NO
WA,YYDM,Yundamindera Airport,-29.12063,122.041475,MISC,MISC,122.4,OurAirports,2026-10-03,NO
WA,YZAN,Zanthus Airport,-31.036351,123.567889,MISC,MISC,119.6,OurAirports,2026-10-03,NO
WA,YZAN,Zanthus Airport,-31.036351,123.567889,CTAF,CTAF,122.1,OurAirports,2026-10-03,NO
WA,YZAN,Zanthus Airport,-31.036351,123.567889,MISC,MISC,122.4,OurAirports,2026-10-03,NO
